ICD_CODE,LONG_DESCRIPTION,MACSS_GROUP
A15.0,"Tuberculosis of lung, confirmed by sputum microscopy with or without culture",TUBERCULOSIS
A15.1,"Tuberculosis of lung, confirmed by culture only",TUBERCULOSIS
A15.2,"Tuberculosis of lung, confirmed histologically",TUBERCULOSIS
A15.3,"Tuberculosis of lung, confirmed by unspecified means",TUBERCULOSIS
A15.4,"Tuberculosis of intrathoracic lymph nodes, confirmed bacteriologically and histologically",TUBERCULOSIS
A15.5,"Tuberculosis of larynx, trachea and bronchus, confirmed bacteriologically and histologically",TUBERCULOSIS
A15.6,"Tuberculous pleurisy, confirmed bacteriologically and histologically",TUBERCULOSIS
A15.7,"Primary respiratory tuberculosis, confirmed bacteriologically and histologically",TUBERCULOSIS
A15.8,"Other respiratory tuberculosis, confirmed bacteriologically and histologically",TUBERCULOSIS
A15.9,"Respiratory tuberculosis unspecified, confirmed bacteriologically and histologically",TUBERCULOSIS
A16.0,"Tuberculosis of lung, bacteriologically and histologically negative",TUBERCULOSIS
A16.1,"Tuberculosis of lung, bacteriological and histological examination not done",TUBERCULOSIS
A16.2,"Tuberculosis of lung, without mention of bacteriological or histological confirmation",TUBERCULOSIS
A16.3,"Tuberculosis of intrathoracic lymph nodes, without mention of bacteriological or histological confirmation",TUBERCULOSIS
A16.4,"Tuberculosis of larynx, trachea and bronchus, without mention of bacteriological or histological confirmation",TUBERCULOSIS
A16.5,"Tuberculous pleurisy, without mention of bacteriological or histological confirmation",TUBERCULOSIS
A16.7,Primary respiratory tuberculosis without mention of bacteriological or histological confirmation,TUBERCULOSIS
A16.8,"Other respiratory tuberculosis, without mention of bacteriological or histological confirmation",TUBERCULOSIS
A16.9,"Respiratory tuberculosis unspecified, without mention of bacteriological or histological confirmation",TUBERCULOSIS
A17.0,Tuberculous meningitis,TUBERCULOSIS
A17.1,Meningeal tuberculoma,TUBERCULOSIS
A17.8,Other tuberculosis of nervous system,TUBERCULOSIS
A17.9,"Tuberculosis of nervous system, unspecified",TUBERCULOSIS
A18.0,Tuberculosis of bones and joints,TUBERCULOSIS
A18.1,Tuberculosis of genitourinary system,TUBERCULOSIS
A18.2,Tuberculous peripheral lymphadenopathy,TUBERCULOSIS
A18.3,"Tuberculosis of intestines, peritoneum and mesenteric glands",TUBERCULOSIS
A18.4,Tuberculosis of skin and subcutaneous tissue,TUBERCULOSIS
A18.5,Tuberculosis of eye,TUBERCULOSIS
A18.6,Tuberculosis of ear,TUBERCULOSIS
A18.7,Tuberculosis of adrenal glands,TUBERCULOSIS
A18.8,Tuberculosis of other specified organs,TUBERCULOSIS
A19.0,Acute miliary tuberculosis of a single specified site,TUBERCULOSIS
A19.1,Acute miliary tuberculosis of multiple sites,TUBERCULOSIS
A19.2,"Acute miliary tuberculosis, unspecified",TUBERCULOSIS
A19.8,Other miliary tuberculosis,TUBERCULOSIS
A19.9,"Miliary tuberculosis, unspecified",TUBERCULOSIS
B90.0,Sequelae of central nervous system tuberculosis,TUBERCULOSIS
B90.1,Sequelae of genitourinary tuberculosis,TUBERCULOSIS
B90.2,Sequelae of tuberculosis of bones and joints,TUBERCULOSIS
B90.8,Sequelae of tuberculosis of other organs,TUBERCULOSIS
B90.9,Sequelae of respiratory and unspecified tuberculosis,TUBERCULOSIS
K23.0,Tuberculous oesophagitis (A18.8+),TUBERCULOSIS
K93.0,"Tuberculous disorders of intestines, peritoneum and mesenteric glands (A18.3+)",TUBERCULOSIS
N33.0,Tuberculous cystitis (A18.1+),TUBERCULOSIS
N74.0,Tuberculous infection of cervix uteri (A18.1+),TUBERCULOSIS
N74.1,Female tuberculous pelvic inflammatory disease (A18.1+),TUBERCULOSIS
Z86.11,Personal history of tuberculosis,TUBERCULOSIS
A02.1,Sepsis due to Salmonella,SEPTICEMIA
A22.7,Sepsis due to anthrax,SEPTICEMIA
A26.7,Sepsis due to Erysipelothrix [erysipeloid] [rhusiopathiae],SEPTICEMIA
A32.7,Sepsis due to Listeria [monocytogenes],SEPTICEMIA
A40.,Sepsis due to Streptococcus and Enterococcus,SEPTICEMIA
A40.0,"Sepsis due to Streptococcus, group A",SEPTICEMIA
A40.1,"Sepsis due to Streptococcus, group B",SEPTICEMIA
A40.2,"Sepsis due to Streptococcus, group D and Enterococcus",SEPTICEMIA
A40.3,Sepsis due to Streptococcus pneumoniae,SEPTICEMIA
A40.8,Other streptococcal sepsis,SEPTICEMIA
A40.9,"Streptococcal sepsis, unspecified",SEPTICEMIA
A41.,Other and unspecified sepsis,SEPTICEMIA
A41.0,Sepsis due to Staphylococcus aureus,SEPTICEMIA
A41.1,Sepsis due to other specified Staphylococcus,SEPTICEMIA
A41.2,Sepsis due to unspecified Staphylococcus,SEPTICEMIA
A41.3,Sepsis due to Haemophilus influenzae,SEPTICEMIA
A41.4,Sepsis due to anaerobes,SEPTICEMIA
A41.5,Sepsis due to other and unspecified Gram-negative organisms,SEPTICEMIA
A41.50,Sepsis due to unspecified Gram-negative organisms,SEPTICEMIA
A41.51,Sepsis due to Escherichia coli [E. Coli],SEPTICEMIA
A41.52,Sepsis due to Pseudomonas,SEPTICEMIA
A41.58,Sepsis due to other Gram-negative organisms,SEPTICEMIA
A41.8,Sepsis due to other specified organism,SEPTICEMIA
A41.9,"Sepsis, unspecified",SEPTICEMIA
A42.7,Sepsis due to actinomycosis,SEPTICEMIA
A49.0,"Staphylococcal infection, unspecified site",OTHER_BACTERIAL_INFECTIONS
A49.1,"Streptococcal and enterococcal infection, unspecified site",OTHER_BACTERIAL_INFECTIONS
A49.2,"Haemophilus influenzae infection, unspecified site",OTHER_BACTERIAL_INFECTIONS
A49.3,"Mycoplasma infection, unspecified site",OTHER_BACTERIAL_INFECTIONS
A49.8,Other bacterial infections of unspecified site,OTHER_BACTERIAL_INFECTIONS
A49.9,"Bacterial infection, unspecified",OTHER_BACTERIAL_INFECTIONS
B95.0,"Streptococcus, group A, as the cause of diseases classified to other chapters",OTHER_BACTERIAL_INFECTIONS
B95.1,"Streptococcus, group B, as the cause of diseases classified to other chapters",OTHER_BACTERIAL_INFECTIONS
B95.2,"Streptococcus, group D and Enterococcus, as the cause of diseases classified to other chapters",OTHER_BACTERIAL_INFECTIONS
B95.3,Streptococcus pneumoniae as the cause of diseases classified to other chapters,OTHER_BACTERIAL_INFECTIONS
B95.41,"Streptococcus, group C, as the cause of diseases classified to other chapters",OTHER_BACTERIAL_INFECTIONS
B95.42,"Streptococcus, group G, as the cause of diseases classified to other chapters",OTHER_BACTERIAL_INFECTIONS
B95.48,"Streptococcus, other specified group, as the cause of diseases classified to other chapters",OTHER_BACTERIAL_INFECTIONS
B95.5,Unspecified Streptococcus as the cause of diseases classified to other chapters,OTHER_BACTERIAL_INFECTIONS
B95.6,Staphylococcus aureus as the cause of diseases classified to other chapters,OTHER_BACTERIAL_INFECTIONS
B95.7,Other Staphylococcus as the cause of diseases classified to other chapters,OTHER_BACTERIAL_INFECTIONS
B95.8,Unspecified Staphylococcus as the cause of diseases classified to other chapters,OTHER_BACTERIAL_INFECTIONS
B96.0,Mycoplasma pneumoniae [M. pneumoniae] as the cause of diseases classified to other chapters,OTHER_BACTERIAL_INFECTIONS
B96.1,Klebsiella pneumoniae [K. pneumoniae] as the cause of diseases classified to other chapters,OTHER_BACTERIAL_INFECTIONS
B96.2,Escherichia coli [E. coli] as the cause of diseases classified to other chapters,OTHER_BACTERIAL_INFECTIONS
B96.3,Haemophilus influenzae [H. influenzae] as the cause of diseases classified to other chapters,OTHER_BACTERIAL_INFECTIONS
B96.31,"Haemophilus influenzae [H. influenzae] type B, as the cause of diseases classified to other chapters",OTHER_BACTERIAL_INFECTIONS
B96.38,"Haemophilus influenzae [H. influenzae] other specified type, as the cause of diseases classified to other chapters",OTHER_BACTERIAL_INFECTIONS
B96.39,"Haemophilus influenzae [H. influenzae] type not specified, as the cause of diseases classified to other chapters",OTHER_BACTERIAL_INFECTIONS
B96.4,"Proteus, Morganella and Providencia as the cause of diseases classified to other chapters",OTHER_BACTERIAL_INFECTIONS
B96.5,Pseudomonas (aeruginosa) as the cause of diseases classified to other chapters,OTHER_BACTERIAL_INFECTIONS
B96.6,Bacteroides (fragilis) as the cause of diseases classified to other chapters,OTHER_BACTERIAL_INFECTIONS
B96.7,Clostridium perfringens [C. perfringens] as the cause of diseases classified to other chapters,OTHER_BACTERIAL_INFECTIONS
B96.81,Helicobacter pylori [H. pylori] as the cause of diseases classified to other chapters,OTHER_BACTERIAL_INFECTIONS
B96.88,Other and unspecified bacterial agents as the cause of diseases classified to other chapters,OTHER_BACTERIAL_INFECTIONS
B20.,Human immunodeficiency virus [HIV] disease resulting in infectious and parasitic diseases,HIV_AIDS
B21.,Human immunodeficiency virus [HIV] disease resulting in malignant neoplasms,HIV_AIDS
B22.,Human immunodeficiency virus [HIV] disease resulting in other specified diseases,HIV_AIDS
B23.0,Acute HIV infection syndrome,HIV_AIDS
B23.8,HIV disease resulting in other specified conditions,HIV_AIDS
B24.,Unspecified human immunodeficiency virus [HIV] disease,HIV_AIDS
R75.,Laboratory evidence of human immunodeficiency virus [HIV],HIV_AIDS
B37.0,Candidal stomatitis,CANDIDIASIS
B37.1,Pulmonary candidiasis,CANDIDIASIS
B37.2,Candidiasis of skin and nail,CANDIDIASIS
B37.3,Candidiasis of vulva and vagina (N77.1*),CANDIDIASIS
B37.4,Candidiasis of other urogenital sites,CANDIDIASIS
B37.5,Candidal meningitis,CANDIDIASIS
B37.6,Candidal endocarditis,CANDIDIASIS
B37.7,Sepsis due to Candida,CANDIDIASIS
B37.81,Candidal oesophagitis,CANDIDIASIS
B37.88,Candidiasis of other sites,CANDIDIASIS
B37.9,"Candidiasis, unspecified site",CANDIDIASIS
B38.0,Acute pulmonary coccidioidomycosis,SYSTEMIC_MYCOSIS
B38.1,Chronic pulmonary coccidioidomycosis,SYSTEMIC_MYCOSIS
B38.2,"Pulmonary coccidioidomycosis, unspecified",SYSTEMIC_MYCOSIS
B38.3,Cutaneous coccidioidomycosis,SYSTEMIC_MYCOSIS
B38.4,Coccidioidomycosis meningitis,SYSTEMIC_MYCOSIS
B38.7,Disseminated coccidioidomycosis,SYSTEMIC_MYCOSIS
B38.8,Other forms of coccidioidomycosis,SYSTEMIC_MYCOSIS
B38.9,"Coccidioidomycosis, unspecified",SYSTEMIC_MYCOSIS
B39.0,Acute pulmonary histoplasmosis capsulati,SYSTEMIC_MYCOSIS
B39.1,Chronic pulmonary histoplasmosis capsulati,SYSTEMIC_MYCOSIS
B39.2,"Pulmonary histoplasmosis capsulati, unspecified",SYSTEMIC_MYCOSIS
B39.3,Disseminated histoplasmosis capsulati,SYSTEMIC_MYCOSIS
B39.4,"Histoplasmosis capsulati, unspecified",SYSTEMIC_MYCOSIS
B39.5,Histoplasmosis duboisii,SYSTEMIC_MYCOSIS
B39.9,"Histoplasmosis, unspecified",SYSTEMIC_MYCOSIS
B40.0,Acute pulmonary blastomycosis,SYSTEMIC_MYCOSIS
B40.1,Chronic pulmonary blastomycosis,SYSTEMIC_MYCOSIS
B40.2,"Pulmonary blastomycosis, unspecified",SYSTEMIC_MYCOSIS
B40.3,Cutaneous blastomycosis,SYSTEMIC_MYCOSIS
B40.7,Disseminated blastomycosis,SYSTEMIC_MYCOSIS
B40.8,Other forms of blastomycosis,SYSTEMIC_MYCOSIS
B40.9,"Blastomycosis, unspecified",SYSTEMIC_MYCOSIS
B41.0,Pulmonary paracoccidioidomycosis,SYSTEMIC_MYCOSIS
B41.7,Disseminated paracoccidioidomycosis,SYSTEMIC_MYCOSIS
B41.8,Other forms of paracoccidioidomycosis,SYSTEMIC_MYCOSIS
B41.9,"Paracoccidioidomycosis, unspecified",SYSTEMIC_MYCOSIS
B42.0,Pulmonary sporotrichosis,SYSTEMIC_MYCOSIS
B42.1,Lymphocutaneous sporotrichosis,SYSTEMIC_MYCOSIS
B42.7,Disseminated sporotrichosis,SYSTEMIC_MYCOSIS
B42.8,Other forms of sporotrichosis,SYSTEMIC_MYCOSIS
B42.9,"Sporotrichosis, unspecified",SYSTEMIC_MYCOSIS
B43.0,Cutaneous chromomycosis,SYSTEMIC_MYCOSIS
B43.1,Phaeomycotic brain abscess,SYSTEMIC_MYCOSIS
B43.2,Subcutaneous phaeomycotic abscess and cyst,SYSTEMIC_MYCOSIS
B43.8,Other forms of chromomycosis,SYSTEMIC_MYCOSIS
B43.9,"Chromomycosis, unspecified",SYSTEMIC_MYCOSIS
B44.0,Invasive pulmonary aspergillosis,SYSTEMIC_MYCOSIS
B44.1,Other pulmonary aspergillosis,SYSTEMIC_MYCOSIS
B44.2,Tonsillar aspergillosis,SYSTEMIC_MYCOSIS
B44.7,Disseminated aspergillosis,SYSTEMIC_MYCOSIS
B44.8,Other forms of aspergillosis,SYSTEMIC_MYCOSIS
B44.9,"Aspergillosis, unspecified",SYSTEMIC_MYCOSIS
B45.0,Pulmonary cryptococcosis,SYSTEMIC_MYCOSIS
B45.1,Cerebral cryptococcosis,SYSTEMIC_MYCOSIS
B45.2,Cutaneous cryptococcosis,SYSTEMIC_MYCOSIS
B45.3,Osseous cryptococcosis,SYSTEMIC_MYCOSIS
B45.7,Disseminated cryptococcosis,SYSTEMIC_MYCOSIS
B45.8,Other forms of cryptococcosis,SYSTEMIC_MYCOSIS
B45.9,"Cryptococcosis, unspecified",SYSTEMIC_MYCOSIS
B46.0,Pulmonary mucormycosis,SYSTEMIC_MYCOSIS
B46.1,Rhinocerebral mucormycosis,SYSTEMIC_MYCOSIS
B46.2,Gastrointestinal mucormycosis,SYSTEMIC_MYCOSIS
B46.3,Cutaneous mucormycosis,SYSTEMIC_MYCOSIS
B46.4,Disseminated mucormycosis,SYSTEMIC_MYCOSIS
B46.5,"Mucormycosis, unspecified",SYSTEMIC_MYCOSIS
B46.8,Other zygomycoses,SYSTEMIC_MYCOSIS
B46.9,"Zygomycosis, unspecified",SYSTEMIC_MYCOSIS
B47.0,Eumycetoma,SYSTEMIC_MYCOSIS
B47.1,Actinomycetoma,SYSTEMIC_MYCOSIS
B47.9,"Mycetoma, unspecified",SYSTEMIC_MYCOSIS
B48.0,Lobomycosis,SYSTEMIC_MYCOSIS
B48.1,Rhinosporidiosis,SYSTEMIC_MYCOSIS
B48.2,Allescheriasis,SYSTEMIC_MYCOSIS
B48.3,Geotrichosis,SYSTEMIC_MYCOSIS
B48.4,Penicilliosis,SYSTEMIC_MYCOSIS
B48.7,Opportunistic mycoses,SYSTEMIC_MYCOSIS
B48.8,Other specified mycoses,SYSTEMIC_MYCOSIS
B49.,Unspecified mycosis,SYSTEMIC_MYCOSIS
C33.,Malignant neoplasm of trachea,LUNG_CANCER
C34.0,Malignant neoplasm of main bronchus,LUNG_CANCER
C34.1,"Malignant neoplasm of upper lobe, bronchus or lung",LUNG_CANCER
C34.2,"Malignant neoplasm of middle lobe, bronchus or lung",LUNG_CANCER
C34.3,"Malignant neoplasm of lower lobe, bronchus or lung",LUNG_CANCER
C34.8,Overlapping malignant lesion of bronchus and lung,LUNG_CANCER
C34.9,"Malignant neoplasm of bronchus or lung, unspecified",LUNG_CANCER
Z85.1,"Personal history of malignant neoplasm of trachea, bronchus and lung",LUNG_CANCER
C50.0,Malignant neoplasm of nipple and areola,BREAST_CANCER
C50.1,Malignant neoplasm of central portion of breast,BREAST_CANCER
C50.2,Malignant neoplasm of upper-inner quadrant of breast,BREAST_CANCER
C50.3,Malignant neoplasm of lower-inner quadrant of breast,BREAST_CANCER
C50.4,Malignant neoplasm of upper-outer quadrant of breast,BREAST_CANCER
C50.5,Malignant neoplasm of lower-outer quadrant of breast,BREAST_CANCER
C50.6,Malignant neoplasm of axillary tail of breast,BREAST_CANCER
C50.8,Overlapping malignant lesion of breast,BREAST_CANCER
C50.9,"Malignant neoplasm of breast, unspecified part",BREAST_CANCER
Z85.3,Personal history of malignant neoplasm of breast,BREAST_CANCER
C00.0,Malignant neoplasm of external upper lip,OTHER_PRIMARY_CANCER
C00.1,Malignant neoplasm of external lower lip,OTHER_PRIMARY_CANCER
C00.2,"Malignant neoplasm of external lip, unspecified",OTHER_PRIMARY_CANCER
C00.3,"Malignant neoplasm of upper lip, inner aspect",OTHER_PRIMARY_CANCER
C00.4,"Malignant neoplasm of lower lip, inner aspect",OTHER_PRIMARY_CANCER
C00.5,"Malignant neoplasm of lip, unspecified, inner aspect",OTHER_PRIMARY_CANCER
C00.6,Malignant neoplasm of commissure of lip,OTHER_PRIMARY_CANCER
C00.8,Overlapping malignant lesion of lip,OTHER_PRIMARY_CANCER
C00.9,"Malignant neoplasm of lip, unspecified",OTHER_PRIMARY_CANCER
C01.,Malignant neoplasm of base of tongue,OTHER_PRIMARY_CANCER
C02.0,Malignant neoplasm of dorsal surface of tongue,OTHER_PRIMARY_CANCER
C02.1,Malignant neoplasm of border of tongue,OTHER_PRIMARY_CANCER
C02.2,Malignant neoplasm of ventral surface of tongue,OTHER_PRIMARY_CANCER
C02.3,"Malignant neoplasm of anterior two-thirds of tongue, part unspecified",OTHER_PRIMARY_CANCER
C02.4,Malignant neoplasm of lingual tonsil,OTHER_PRIMARY_CANCER
C02.8,Malignant neoplasm of overlapping lesion of tongue,OTHER_PRIMARY_CANCER
C02.9,"Malignant neoplasm of tongue, unspecified",OTHER_PRIMARY_CANCER
C03.0,Malignant neoplasm of upper gum,OTHER_PRIMARY_CANCER
C03.1,Malignant neoplasm of lower gum,OTHER_PRIMARY_CANCER
C03.9,"Malignant neoplasm of gum, unspecified",OTHER_PRIMARY_CANCER
C04.0,Malignant neoplasm of anterior floor of mouth,OTHER_PRIMARY_CANCER
C04.1,Malignant neoplasm of lateral floor of mouth,OTHER_PRIMARY_CANCER
C04.8,Overlapping malignant lesion of floor of mouth,OTHER_PRIMARY_CANCER
C04.9,"Malignant neoplasm of floor of mouth, unspecified",OTHER_PRIMARY_CANCER
C05.0,Malignant neoplasm of hard palate,OTHER_PRIMARY_CANCER
C05.1,Malignant neoplasm of soft palate,OTHER_PRIMARY_CANCER
C05.2,Malignant neoplasm of uvula,OTHER_PRIMARY_CANCER
C05.8,Overlapping malignant lesion of palate,OTHER_PRIMARY_CANCER
C05.9,"Malignant neoplasm of palate, unspecified",OTHER_PRIMARY_CANCER
C06.0,Malignant neoplasm of cheek mucosa,OTHER_PRIMARY_CANCER
C06.1,Malignant neoplasm of vestibule of mouth,OTHER_PRIMARY_CANCER
C06.2,Malignant neoplasm of retromolar area,OTHER_PRIMARY_CANCER
C06.8,Overlapping malignant lesion of other and unspecified parts of mouth,OTHER_PRIMARY_CANCER
C06.9,"Malignant neoplasm of mouth, unspecified",OTHER_PRIMARY_CANCER
C07.,Malignant neoplasm of parotid gland,OTHER_PRIMARY_CANCER
C08.0,Malignant neoplasm of submandibular gland,OTHER_PRIMARY_CANCER
C08.1,Malignant neoplasm of sublingual gland,OTHER_PRIMARY_CANCER
C08.8,Overlapping malignant lesion of major salivary glands,OTHER_PRIMARY_CANCER
C08.9,"Malignant neoplasm of major salivary gland, unspecified",OTHER_PRIMARY_CANCER
C09.0,Malignant neoplasm of tonsillar fossa,OTHER_PRIMARY_CANCER
C09.1,Malignant neoplasm of tonsillar pillar (anterior)(posterior),OTHER_PRIMARY_CANCER
C09.8,Overlapping malignant lesion of tonsil,OTHER_PRIMARY_CANCER
C09.9,"Malignant neoplasm of tonsil, unspecified",OTHER_PRIMARY_CANCER
C10.0,Malignant neoplasm of vallecula,OTHER_PRIMARY_CANCER
C10.1,Malignant neoplasm of anterior surface of epiglottis,OTHER_PRIMARY_CANCER
C10.2,Malignant neoplasm of lateral wall of oropharynx,OTHER_PRIMARY_CANCER
C10.3,Malignant neoplasm of posterior wall of oropharynx,OTHER_PRIMARY_CANCER
C10.4,Malignant neoplasm of branchial cleft,OTHER_PRIMARY_CANCER
C10.8,Overlapping malignant lesion of oropharynx,OTHER_PRIMARY_CANCER
C10.9,"Malignant neoplasm of oropharynx, unspecified",OTHER_PRIMARY_CANCER
C11.0,Malignant neoplasm of superior wall of nasopharynx,OTHER_PRIMARY_CANCER
C11.1,Malignant neoplasm of posterior wall of nasopharynx,OTHER_PRIMARY_CANCER
C11.2,Malignant neoplasm of lateral wall of nasopharynx,OTHER_PRIMARY_CANCER
C11.3,Malignant neoplasm of anterior wall of nasopharynx,OTHER_PRIMARY_CANCER
C11.8,Overlapping malignant lesion of nasopharynx,OTHER_PRIMARY_CANCER
C11.9,"Malignant neoplasm of nasopharynx, unspecified",OTHER_PRIMARY_CANCER
C12.,Malignant neoplasm of pyriform sinus,OTHER_PRIMARY_CANCER
C13.0,Malignant neoplasm of postcricoid region,OTHER_PRIMARY_CANCER
C13.1,"Malignant neoplasm of aryepiglottic fold, hypopharyngeal aspect",OTHER_PRIMARY_CANCER
C13.2,Malignant neoplasm of posterior wall of hypopharynx,OTHER_PRIMARY_CANCER
C13.8,Overlapping malignant lesion of hypopharynx,OTHER_PRIMARY_CANCER
C13.9,"Malignant neoplasm of hypopharynx, unspecified",OTHER_PRIMARY_CANCER
C14.0,"Malignant neoplasm of pharynx, unspecified",OTHER_PRIMARY_CANCER
C14.2,Malignant neoplasm of Waldeyer ring,OTHER_PRIMARY_CANCER
C14.8,"Overlapping malignant lesion of lip, oral cavity and pharynx",OTHER_PRIMARY_CANCER
C15.0,Malignant neoplasm of cervical part of oesophagus,OTHER_PRIMARY_CANCER
C15.1,Malignant neoplasm of thoracic part of oesophagus,OTHER_PRIMARY_CANCER
C15.2,Malignant neoplasm of abdominal part of oesophagus,OTHER_PRIMARY_CANCER
C15.3,Malignant neoplasm of upper third of oesophagus,OTHER_PRIMARY_CANCER
C15.4,Malignant neoplasm of middle third of oesophagus,OTHER_PRIMARY_CANCER
C15.5,Malignant neoplasm of lower third of oesophagus,OTHER_PRIMARY_CANCER
C15.8,Overlapping malignant lesion of oesophagus,OTHER_PRIMARY_CANCER
C15.9,"Malignant neoplasm of oesophagus, unspecified",OTHER_PRIMARY_CANCER
C16.0,Malignant neoplasm of cardia,OTHER_PRIMARY_CANCER
C16.1,Malignant neoplasm of fundus of stomach,OTHER_PRIMARY_CANCER
C16.2,Malignant neoplasm of body of stomach,OTHER_PRIMARY_CANCER
C16.3,Malignant neoplasm of pyloric antrum,OTHER_PRIMARY_CANCER
C16.4,Malignant neoplasm of pylorus,OTHER_PRIMARY_CANCER
C16.5,"Malignant neoplasm of lesser curvature of stomach, unspecified",OTHER_PRIMARY_CANCER
C16.6,"Malignant neoplasm of greater curvature of stomach, unspecified",OTHER_PRIMARY_CANCER
C16.8,Overlapping malignant lesion of stomach,OTHER_PRIMARY_CANCER
C16.9,"Malignant neoplasm of stomach, unspecified",OTHER_PRIMARY_CANCER
C17.0,Malignant neoplasm of duodenum,OTHER_PRIMARY_CANCER
C17.1,Malignant neoplasm of jejunum,OTHER_PRIMARY_CANCER
C17.2,Malignant neoplasm of ileum,OTHER_PRIMARY_CANCER
C17.3,Malignant neoplasm of Meckel's diverticulum,OTHER_PRIMARY_CANCER
C17.8,Overlapping malignant lesion of small intestine,OTHER_PRIMARY_CANCER
C17.9,"Malignant neoplasm of small intestine, unspecified",OTHER_PRIMARY_CANCER
C18.0,Malignant neoplasm of caecum,OTHER_PRIMARY_CANCER
C18.1,Malignant neoplasm of appendix,OTHER_PRIMARY_CANCER
C18.2,Malignant neoplasm of ascending colon,OTHER_PRIMARY_CANCER
C18.3,Malignant neoplasm of hepatic flexure,OTHER_PRIMARY_CANCER
C18.4,Malignant neoplasm of transverse colon,OTHER_PRIMARY_CANCER
C18.5,Malignant neoplasm of splenic flexure,OTHER_PRIMARY_CANCER
C18.6,Malignant neoplasm of descending colon,OTHER_PRIMARY_CANCER
C18.7,Malignant neoplasm of sigmoid colon,OTHER_PRIMARY_CANCER
C18.8,Overlapping malignant lesion of colon,OTHER_PRIMARY_CANCER
C18.9,"Malignant neoplasm of colon, part unspecified",OTHER_PRIMARY_CANCER
C19.,Malignant neoplasm of rectosigmoid junction,OTHER_PRIMARY_CANCER
C20.,Malignant neoplasm of rectum,OTHER_PRIMARY_CANCER
C21.0,"Malignant neoplasm of anus, unspecified",OTHER_PRIMARY_CANCER
C21.1,Malignant neoplasm of anal canal,OTHER_PRIMARY_CANCER
C21.2,Malignant neoplasm of cloacogenic zone,OTHER_PRIMARY_CANCER
C21.8,"Overlapping malignant lesion of rectum, anus and anal canal",OTHER_PRIMARY_CANCER
C22.0,Liver cell carcinoma,OTHER_PRIMARY_CANCER
C22.1,Intrahepatic bile duct carcinoma,OTHER_PRIMARY_CANCER
C22.2,Hepatoblastoma,OTHER_PRIMARY_CANCER
C22.3,Angiosarcoma of liver,OTHER_PRIMARY_CANCER
C22.4,Other sarcomas of liver,OTHER_PRIMARY_CANCER
C22.7,Other specified carcinomas of liver,OTHER_PRIMARY_CANCER
C22.9,"Malignant neoplasm of liver, unspecified",OTHER_PRIMARY_CANCER
C23.,Malignant neoplasm of gallbladder,OTHER_PRIMARY_CANCER
C24.0,Malignant neoplasm of extrahepatic bile duct,OTHER_PRIMARY_CANCER
C24.1,Malignant neoplasm of ampulla of Vater,OTHER_PRIMARY_CANCER
C24.8,Overlapping malignant lesion of biliary tract,OTHER_PRIMARY_CANCER
C24.9,"Malignant neoplasm of biliary tract, unspecified",OTHER_PRIMARY_CANCER
C25.0,Malignant neoplasm of head of pancreas,OTHER_PRIMARY_CANCER
C25.1,Malignant neoplasm of body of pancreas,OTHER_PRIMARY_CANCER
C25.2,Malignant neoplasm of tail of pancreas,OTHER_PRIMARY_CANCER
C25.3,Malignant neoplasm of pancreatic duct,OTHER_PRIMARY_CANCER
C25.4,Malignant neoplasm of endocrine pancreas,OTHER_PRIMARY_CANCER
C25.7,Malignant neoplasm of other parts of pancreas,OTHER_PRIMARY_CANCER
C25.8,Overlapping malignant lesion of pancreas,OTHER_PRIMARY_CANCER
C25.9,"Malignant neoplasm of pancreas, part unspecified",OTHER_PRIMARY_CANCER
C26.0,"Malignant neoplasm of intestinal tract, part unspecified",OTHER_PRIMARY_CANCER
C26.1,Malignant neoplasm of spleen,OTHER_PRIMARY_CANCER
C26.8,Overlapping malignant lesion of digestive system,OTHER_PRIMARY_CANCER
C26.9,Malignant neoplasm of ill-defined sites within the digestive system,OTHER_PRIMARY_CANCER
C30.0,Malignant neoplasm of nasal cavity,OTHER_PRIMARY_CANCER
C30.1,Malignant neoplasm of middle ear,OTHER_PRIMARY_CANCER
C31.0,Malignant neoplasm of maxillary sinus,OTHER_PRIMARY_CANCER
C31.1,Malignant neoplasm of ethmoidal sinus,OTHER_PRIMARY_CANCER
C31.2,Malignant neoplasm of frontal sinus,OTHER_PRIMARY_CANCER
C31.3,Malignant neoplasm of sphenoidal sinus,OTHER_PRIMARY_CANCER
C31.8,Overlapping malignant lesion of accessory sinuses,OTHER_PRIMARY_CANCER
C31.9,"Malignant neoplasm of accessory sinus, unspecified",OTHER_PRIMARY_CANCER
C32.0,Malignant neoplasm of glottis,OTHER_PRIMARY_CANCER
C32.1,Malignant neoplasm of supraglottis,OTHER_PRIMARY_CANCER
C32.2,Malignant neoplasm of subglottis,OTHER_PRIMARY_CANCER
C32.3,Malignant neoplasm of laryngeal cartilage,OTHER_PRIMARY_CANCER
C32.8,Overlapping malignant lesion of larynx,OTHER_PRIMARY_CANCER
C32.9,"Malignant neoplasm of larynx, unspecified",OTHER_PRIMARY_CANCER
C37.,Malignant neoplasm of thymus,OTHER_PRIMARY_CANCER
C38.0,Malignant neoplasm of heart,OTHER_PRIMARY_CANCER
C38.1,Malignant neoplasm of anterior mediastinum,OTHER_PRIMARY_CANCER
C38.2,Malignant neoplasm of posterior mediastinum,OTHER_PRIMARY_CANCER
C38.3,"Malignant neoplasm of mediastinum, part unspecified",OTHER_PRIMARY_CANCER
C38.4,Malignant neoplasm of pleura,OTHER_PRIMARY_CANCER
C38.8,"Overlapping malignant lesion of heart, mediastinum and pleura",OTHER_PRIMARY_CANCER
C39.0,"Malignant neoplasm of upper respiratory tract, part unspecified",OTHER_PRIMARY_CANCER
C39.8,Overlapping malignant lesion of respiratory and intrathoracic organs,OTHER_PRIMARY_CANCER
C39.9,Malignant neoplasm of ill-defined sites within the respiratory system,OTHER_PRIMARY_CANCER
C40.0,Malignant neoplasm of scapula and long bones of upper limb,OTHER_PRIMARY_CANCER
C40.1,Malignant neoplasm of short bones of upper limb,OTHER_PRIMARY_CANCER
C40.2,Malignant neoplasm of long bones of lower limb,OTHER_PRIMARY_CANCER
C40.3,Malignant neoplasm of short bones of lower limb,OTHER_PRIMARY_CANCER
C40.8,Overlapping malignant lesion of bone and articular cartilage of limbs,OTHER_PRIMARY_CANCER
C40.9,"Malignant neoplasm of bone and articular cartilage of limb, unspecified",OTHER_PRIMARY_CANCER
C41.01,Malignant neoplasm of craniofacial bones,OTHER_PRIMARY_CANCER
C41.02,Malignant neoplasm of maxillofacial bones,OTHER_PRIMARY_CANCER
C41.1,Malignant neoplasm of mandible,OTHER_PRIMARY_CANCER
C41.2,Malignant neoplasm of vertebral column,OTHER_PRIMARY_CANCER
C41.3,"Malignant neoplasm of ribs, sternum and clavicle",OTHER_PRIMARY_CANCER
C41.4,"Malignant neoplasm of pelvic bones, sacrum and coccyx",OTHER_PRIMARY_CANCER
C41.8,Overlapping malignant lesion of bone and articular cartilage,OTHER_PRIMARY_CANCER
C41.9,"Malignant neoplasm of bone and articular cartilage, unspecified",OTHER_PRIMARY_CANCER
C43.0,Malignant melanoma of lip,OTHER_PRIMARY_CANCER
C43.1,"Malignant melanoma of eyelid, including canthus",OTHER_PRIMARY_CANCER
C43.2,Malignant melanoma of ear and external auricular canal,OTHER_PRIMARY_CANCER
C43.3,Malignant melanoma of other and unspecified parts of face,OTHER_PRIMARY_CANCER
C43.4,Malignant melanoma of scalp and neck,OTHER_PRIMARY_CANCER
C43.5,Malignant melanoma of trunk,OTHER_PRIMARY_CANCER
C43.6,"Malignant melanoma of upper limb, including shoulder",OTHER_PRIMARY_CANCER
C43.7,"Malignant melanoma of lower limb, including hip",OTHER_PRIMARY_CANCER
C43.8,Overlapping malignant melanoma of skin,OTHER_PRIMARY_CANCER
C43.9,"Malignant melanoma of skin, unspecified",OTHER_PRIMARY_CANCER
C44.0,Malignant neoplasm of skin of lip,OTHER_PRIMARY_CANCER
C44.1,"Malignant neoplasm of skin of eyelid, including canthus",OTHER_PRIMARY_CANCER
C44.2,Malignant neoplasm of skin of ear and external auricular canal,OTHER_PRIMARY_CANCER
C44.3,Malignant neoplasm of skin of other and unspecified parts of face,OTHER_PRIMARY_CANCER
C44.4,Malignant neoplasm of skin of scalp and neck,OTHER_PRIMARY_CANCER
C44.5,Malignant neoplasm of skin of trunk,OTHER_PRIMARY_CANCER
C44.6,"Malignant neoplasm of skin of upper limb, including shoulder",OTHER_PRIMARY_CANCER
C44.7,"Malignant neoplasm of skin of lower limb, including hip",OTHER_PRIMARY_CANCER
C44.8,Overlapping malignant lesion of skin,OTHER_PRIMARY_CANCER
C44.9,"Malignant neoplasm of skin, unspecified",OTHER_PRIMARY_CANCER
C45.0,Mesothelioma of pleura,OTHER_PRIMARY_CANCER
C45.1,Mesothelioma of peritoneum,OTHER_PRIMARY_CANCER
C45.2,Mesothelioma of pericardium,OTHER_PRIMARY_CANCER
C45.7,Mesothelioma of other sites,OTHER_PRIMARY_CANCER
C45.9,"Mesothelioma, unspecified",OTHER_PRIMARY_CANCER
C46.,Kaposi sarcoma,OTHER_PRIMARY_CANCER
C46.0,Kaposi sarcoma of skin,OTHER_PRIMARY_CANCER
C46.1,Kaposi sarcoma of soft tissue,OTHER_PRIMARY_CANCER
C46.2,Kaposi sarcoma of palate,OTHER_PRIMARY_CANCER
C46.3,Kaposi sarcoma of lymph nodes,OTHER_PRIMARY_CANCER
C46.7,Kaposi sarcoma of other sites,OTHER_PRIMARY_CANCER
C46.8,Kaposi sarcoma of multiple organs,OTHER_PRIMARY_CANCER
C46.9,"Kaposi sarcoma, unspecified",OTHER_PRIMARY_CANCER
C47.0,"Malignant neoplasm of peripheral nerves of head, face and neck",OTHER_PRIMARY_CANCER
C47.1,"Malignant neoplasm of peripheral nerves of upper limb, including shoulder",OTHER_PRIMARY_CANCER
C47.2,"Malignant neoplasm of peripheral nerves of lower limb, including hip",OTHER_PRIMARY_CANCER
C47.3,Malignant neoplasm of peripheral nerves of thorax,OTHER_PRIMARY_CANCER
C47.4,Malignant neoplasm of peripheral nerves of abdomen,OTHER_PRIMARY_CANCER
C47.5,Malignant neoplasm of peripheral nerves of pelvis,OTHER_PRIMARY_CANCER
C47.6,"Malignant neoplasm of peripheral nerves of trunk, unspecified",OTHER_PRIMARY_CANCER
C47.8,Overlapping malignant lesion of peripheral nerves and autonomic nervous system,OTHER_PRIMARY_CANCER
C47.9,"Malignant neoplasm of peripheral nerves and autonomic nervous system, unspecified",OTHER_PRIMARY_CANCER
C48.0,Malignant neoplasm of retroperitoneum,OTHER_PRIMARY_CANCER
C48.1,Malignant neoplasm of specified parts of peritoneum,OTHER_PRIMARY_CANCER
C48.2,"Malignant neoplasm of peritoneum, unspecified",OTHER_PRIMARY_CANCER
C48.8,Overlapping malignant lesion of retroperitoneum and peritoneum,OTHER_PRIMARY_CANCER
C49.0,"Malignant neoplasm of connective and soft tissue of head, face and neck",OTHER_PRIMARY_CANCER
C49.1,"Malignant neoplasm of connective and soft tissue of upper limb, including shoulder",OTHER_PRIMARY_CANCER
C49.2,"Malignant neoplasm of connective and soft tissue of lower limb, including hip",OTHER_PRIMARY_CANCER
C49.3,Malignant neoplasm of connective and soft tissue of thorax,OTHER_PRIMARY_CANCER
C49.4,Malignant neoplasm of connective and soft tissue of abdomen,OTHER_PRIMARY_CANCER
C49.5,Malignant neoplasm of connective and soft tissue of pelvis,OTHER_PRIMARY_CANCER
C49.6,"Malignant neoplasm of connective and soft tissue of trunk, unspecified",OTHER_PRIMARY_CANCER
C49.8,Overlapping malignant lesion of connective and soft tissue,OTHER_PRIMARY_CANCER
C49.9,"Malignant neoplasm of connective and soft tissue, unspecified",OTHER_PRIMARY_CANCER
C51.0,Malignant neoplasm of labium majus,OTHER_PRIMARY_CANCER
C51.1,Malignant neoplasm of labium minus,OTHER_PRIMARY_CANCER
C51.2,Malignant neoplasm of clitoris,OTHER_PRIMARY_CANCER
C51.8,Overlapping malignant lesion of vulva,OTHER_PRIMARY_CANCER
C51.9,"Malignant neoplasm of vulva, unspecified",OTHER_PRIMARY_CANCER
C52.,Malignant neoplasm of vagina,OTHER_PRIMARY_CANCER
C53.0,Malignant neoplasm of endocervix,OTHER_PRIMARY_CANCER
C53.1,Malignant neoplasm of exocervix,OTHER_PRIMARY_CANCER
C53.8,Overlapping malignant lesion of cervix uteri,OTHER_PRIMARY_CANCER
C53.9,"Malignant neoplasm of cervix uteri, unspecified",OTHER_PRIMARY_CANCER
C54.0,Malignant neoplasm of isthmus uteri,OTHER_PRIMARY_CANCER
C54.1,Malignant neoplasm of endometrium,OTHER_PRIMARY_CANCER
C54.2,Malignant neoplasm of myometrium,OTHER_PRIMARY_CANCER
C54.3,Malignant neoplasm of fundus uteri,OTHER_PRIMARY_CANCER
C54.8,Overlapping malignant lesion of corpus uteri,OTHER_PRIMARY_CANCER
C54.9,"Malignant neoplasm of corpus uteri, unspecified",OTHER_PRIMARY_CANCER
C55.,"Malignant neoplasm of uterus, part unspecified",OTHER_PRIMARY_CANCER
C56.,Malignant neoplasm of ovary,OTHER_PRIMARY_CANCER
C57.0,Malignant neoplasm of fallopian tube,OTHER_PRIMARY_CANCER
C57.1,Malignant neoplasm of broad ligament,OTHER_PRIMARY_CANCER
C57.2,Malignant neoplasm of round ligament,OTHER_PRIMARY_CANCER
C57.3,Malignant neoplasm of parametrium,OTHER_PRIMARY_CANCER
C57.4,"Malignant neoplasm of uterine adnexa, unspecified",OTHER_PRIMARY_CANCER
C57.7,Malignant neoplasm of other specified female genital organs,OTHER_PRIMARY_CANCER
C57.8,Overlapping malignant lesion of female genital organs,OTHER_PRIMARY_CANCER
C57.9,"Malignant neoplasm of female genital organ, unspecified",OTHER_PRIMARY_CANCER
C58.,Malignant neoplasm of placenta,OTHER_PRIMARY_CANCER
C60.0,Malignant neoplasm of prepuce,OTHER_PRIMARY_CANCER
C60.1,Malignant neoplasm of glans penis,OTHER_PRIMARY_CANCER
C60.2,Malignant neoplasm of body of penis,OTHER_PRIMARY_CANCER
C60.8,Overlapping malignant lesion of penis,OTHER_PRIMARY_CANCER
C60.9,"Malignant neoplasm of penis, unspecified",OTHER_PRIMARY_CANCER
C61.,Malignant neoplasm of prostate,OTHER_PRIMARY_CANCER
C62.0,Malignant neoplasm of undescended testis,OTHER_PRIMARY_CANCER
C62.1,Malignant neoplasm of descended testis,OTHER_PRIMARY_CANCER
C62.9,"Malignant neoplasm of testis, unspecified",OTHER_PRIMARY_CANCER
C63.0,Malignant neoplasm of epididymis,OTHER_PRIMARY_CANCER
C63.1,Malignant neoplasm of spermatic cord,OTHER_PRIMARY_CANCER
C63.2,Malignant neoplasm of scrotum,OTHER_PRIMARY_CANCER
C63.7,Other specified male genital organs,OTHER_PRIMARY_CANCER
C63.8,Overlapping malignant lesion of male genital organs,OTHER_PRIMARY_CANCER
C63.9,"Malignant neoplasm of male genital organ, unspecified",OTHER_PRIMARY_CANCER
C64.,"Malignant neoplasm of kidney, except renal pelvis",OTHER_PRIMARY_CANCER
C65.,Malignant neoplasm of renal pelvis,OTHER_PRIMARY_CANCER
C66.,Malignant neoplasm of ureter,OTHER_PRIMARY_CANCER
C67.0,Malignant neoplasm of trigone of bladder,OTHER_PRIMARY_CANCER
C67.1,Malignant neoplasm of dome of bladder,OTHER_PRIMARY_CANCER
C67.2,Malignant neoplasm of lateral wall of bladder,OTHER_PRIMARY_CANCER
C67.3,Malignant neoplasm of anterior wall of bladder,OTHER_PRIMARY_CANCER
C67.4,Malignant neoplasm of posterior wall of bladder,OTHER_PRIMARY_CANCER
C67.5,Malignant neoplasm of bladder neck,OTHER_PRIMARY_CANCER
C67.6,Malignant neoplasm of ureteric orifice,OTHER_PRIMARY_CANCER
C67.7,Malignant neoplasm of urachus,OTHER_PRIMARY_CANCER
C67.8,Overlapping malignant lesion of bladder,OTHER_PRIMARY_CANCER
C67.9,"Malignant neoplasm of bladder, unspecified",OTHER_PRIMARY_CANCER
C68.0,Malignant neoplasm of urethra,OTHER_PRIMARY_CANCER
C68.1,Malignant neoplasm of paraurethral gland,OTHER_PRIMARY_CANCER
C68.8,Overlapping malignant lesion of urinary organs,OTHER_PRIMARY_CANCER
C68.9,"Malignant neoplasm of urinary organ, unspecified",OTHER_PRIMARY_CANCER
C69.0,Malignant neoplasm of conjunctiva,OTHER_PRIMARY_CANCER
C69.1,Malignant neoplasm of cornea,OTHER_PRIMARY_CANCER
C69.2,Malignant neoplasm of retina,OTHER_PRIMARY_CANCER
C69.3,Malignant neoplasm of choroid,OTHER_PRIMARY_CANCER
C69.4,Malignant neoplasm of ciliary body,OTHER_PRIMARY_CANCER
C69.5,Malignant neoplasm of lacrimal gland and duct,OTHER_PRIMARY_CANCER
C69.6,Malignant neoplasm of orbit,OTHER_PRIMARY_CANCER
C69.8,Overlapping malignant lesion of eye and adnexa,OTHER_PRIMARY_CANCER
C69.9,"Malignant neoplasm of eye, unspecified",OTHER_PRIMARY_CANCER
C70.0,Malignant neoplasm of cerebral meninges,OTHER_PRIMARY_CANCER
C70.1,Malignant neoplasm of spinal meninges,OTHER_PRIMARY_CANCER
C70.9,"Malignant neoplasm of meninges, unspecified",OTHER_PRIMARY_CANCER
C71.0,"Malignant neoplasm of cerebrum, except lobes and ventricles",OTHER_PRIMARY_CANCER
C71.1,Malignant neoplasm of frontal lobe,OTHER_PRIMARY_CANCER
C71.2,Malignant neoplasm of temporal lobe,OTHER_PRIMARY_CANCER
C71.3,Malignant neoplasm of parietal lobe,OTHER_PRIMARY_CANCER
C71.4,Malignant neoplasm of occipital lobe,OTHER_PRIMARY_CANCER
C71.5,Malignant neoplasm of cerebral ventricle,OTHER_PRIMARY_CANCER
C71.6,Malignant neoplasm of cerebellum,OTHER_PRIMARY_CANCER
C71.7,Malignant neoplasm of brain stem,OTHER_PRIMARY_CANCER
C71.8,Overlapping malignant lesion of brain,OTHER_PRIMARY_CANCER
C71.9,"Malignant neoplasm of brain, unspecified",OTHER_PRIMARY_CANCER
C72.0,Malignant neoplasm of spinal cord,OTHER_PRIMARY_CANCER
C72.1,Malignant neoplasm of cauda equina,OTHER_PRIMARY_CANCER
C72.2,Malignant neoplasm of olfactory nerve,OTHER_PRIMARY_CANCER
C72.3,Malignant neoplasm of optic nerve,OTHER_PRIMARY_CANCER
C72.4,Malignant neoplasm of acoustic nerve,OTHER_PRIMARY_CANCER
C72.5,Malignant neoplasm of other and unspecified cranial nerves,OTHER_PRIMARY_CANCER
C72.8,Overlapping malignant lesion of brain and other parts of central nervous system,OTHER_PRIMARY_CANCER
C72.9,"Malignant neoplasm of central nervous system, unspecified",OTHER_PRIMARY_CANCER
C73.,Malignant neoplasm of thyroid gland,OTHER_PRIMARY_CANCER
C74.0,Malignant neoplasm of cortex of adrenal gland,OTHER_PRIMARY_CANCER
C74.1,Malignant neoplasm of medulla of adrenal gland,OTHER_PRIMARY_CANCER
C74.9,"Malignant neoplasm of adrenal gland, unspecified",OTHER_PRIMARY_CANCER
C75.0,Malignant neoplasm of parathyroid gland,OTHER_PRIMARY_CANCER
C75.1,Malignant neoplasm of pituitary gland,OTHER_PRIMARY_CANCER
C75.2,Malignant neoplasm of craniopharyngeal duct,OTHER_PRIMARY_CANCER
C75.3,Malignant neoplasm of pineal gland,OTHER_PRIMARY_CANCER
C75.4,Malignant neoplasm of carotid body,OTHER_PRIMARY_CANCER
C75.5,Malignant neoplasm of aortic body and other paraganglia,OTHER_PRIMARY_CANCER
C75.8,"Malignant neoplasm of pluriglandular involvement, unspecified",OTHER_PRIMARY_CANCER
C75.9,"Malignant neoplasm of endocrine gland, unspecified",OTHER_PRIMARY_CANCER
C76.0,"Malignant neoplasm of head, face and neck",OTHER_PRIMARY_CANCER
C76.1,Malignant neoplasm of thorax,OTHER_PRIMARY_CANCER
C76.2,Malignant neoplasm of abdomen,OTHER_PRIMARY_CANCER
C76.3,Malignant neoplasm of pelvis,OTHER_PRIMARY_CANCER
C76.4,Malignant neoplasm of upper limb,OTHER_PRIMARY_CANCER
C76.5,Malignant neoplasm of lower limb,OTHER_PRIMARY_CANCER
C76.7,Malignant neoplasm of other ill-defined sites,OTHER_PRIMARY_CANCER
C76.8,Overlapping malignant lesion of other and ill-defined sites,OTHER_PRIMARY_CANCER
C90.20,"Extramedullary plasmacytoma, without mention of remission",OTHER_PRIMARY_CANCER
C90.21,"Extramedullary plasmacytoma, in remission",OTHER_PRIMARY_CANCER
C94.40,"Acute panmyelosis with myelofibrosis, without mention of remission",OTHER_PRIMARY_CANCER
C94.41,"Acute panmyelosis with myelofibrosis, in remission",OTHER_PRIMARY_CANCER
D37.,Neoplasm of uncertain or unknown behaviour of oral cavity and digestive organs,OTHER_PRIMARY_CANCER
D37.0,"Neoplasm of uncertain or unknown behaviour of lip, oral cavity and pharynx",OTHER_PRIMARY_CANCER
D37.1,Neoplasm of uncertain or unknown behaviour of stomach,OTHER_PRIMARY_CANCER
D37.2,Neoplasm of uncertain or unknown behaviour of small intestine,OTHER_PRIMARY_CANCER
D37.3,Neoplasm of uncertain or unknown behaviour of appendix,OTHER_PRIMARY_CANCER
D37.4,Neoplasm of uncertain or unknown behaviour of colon,OTHER_PRIMARY_CANCER
D37.5,Neoplasm of uncertain or unknown behaviour of rectum,OTHER_PRIMARY_CANCER
D37.6,"Neoplasm of uncertain or unknown behaviour of liver, gallbladder and bile ducts",OTHER_PRIMARY_CANCER
D37.7,Neoplasm of uncertain or unknown behaviour of other digestive organs,OTHER_PRIMARY_CANCER
D37.9,"Neoplasm of uncertain or unknown behaviour of digestive organ, unspecified",OTHER_PRIMARY_CANCER
D38.,Neoplasm of uncertain or unknown behaviour of middle ear and respiratory and intrathoracic organs,OTHER_PRIMARY_CANCER
D38.0,Neoplasm of uncertain or unknown behaviour of larynx,OTHER_PRIMARY_CANCER
D38.1,"Neoplasm of uncertain or unknown behaviour of trachea, bronchus and lung",OTHER_PRIMARY_CANCER
D38.2,Neoplasm of uncertain or unknown behaviour of pleura,OTHER_PRIMARY_CANCER
D38.3,Neoplasm of uncertain or unknown behaviour of mediastinum,OTHER_PRIMARY_CANCER
D38.4,Neoplasm of uncertain or unknown behaviour of thymus,OTHER_PRIMARY_CANCER
D38.5,Neoplasm of uncertain or unknown behaviour of other respiratory organs,OTHER_PRIMARY_CANCER
D38.6,"Neoplasm of uncertain or unknown behaviour of respiratory organ, unspecified",OTHER_PRIMARY_CANCER
D39.,Neoplasm of uncertain or unknown behaviour of female genital organs,OTHER_PRIMARY_CANCER
D39.0,Neoplasm of uncertain or unknown behaviour of uterus,OTHER_PRIMARY_CANCER
D39.1,Neoplasm of uncertain or unknown behaviour of ovary,OTHER_PRIMARY_CANCER
D39.2,Neoplasm of uncertain or unknown behaviour of placenta,OTHER_PRIMARY_CANCER
D39.7,Neoplasm of uncertain or unknown behaviour of other female genital organs,OTHER_PRIMARY_CANCER
D39.9,"Neoplasm of uncertain or unknown behaviour of female genital organ, unspecified",OTHER_PRIMARY_CANCER
D40.,Neoplasm of uncertain or unknown behaviour of male genital organs,OTHER_PRIMARY_CANCER
D40.0,Neoplasm of uncertain or unknown behaviour of prostate,OTHER_PRIMARY_CANCER
D40.1,Neoplasm of uncertain or unknown behaviour of testis,OTHER_PRIMARY_CANCER
D40.7,Neoplasm of uncertain or unknown behaviour of other male genital organs,OTHER_PRIMARY_CANCER
D40.9,"Neoplasm of uncertain or unknown behaviour of male genital organ, unspecified",OTHER_PRIMARY_CANCER
D41.,Neoplasm of uncertain or unknown behaviour of urinary organs,OTHER_PRIMARY_CANCER
D41.0,Neoplasm of uncertain or unknown behaviour of kidney,OTHER_PRIMARY_CANCER
D41.1,Neoplasm of uncertain or unknown behaviour of renal pelvis,OTHER_PRIMARY_CANCER
D41.2,Neoplasm of uncertain or unknown behaviour of ureter,OTHER_PRIMARY_CANCER
D41.3,Neoplasm of uncertain or unknown behaviour of urethra,OTHER_PRIMARY_CANCER
D41.4,Neoplasm of uncertain or unknown behaviour of bladder,OTHER_PRIMARY_CANCER
D41.7,Neoplasm of uncertain or unknown behaviour of other urinary organs,OTHER_PRIMARY_CANCER
D41.9,"Neoplasm of uncertain or unknown behaviour of urinary organ, unspecified",OTHER_PRIMARY_CANCER
D42.0,Neoplasm of uncertain or unknown behaviour of cerebral meninges,OTHER_PRIMARY_CANCER
D42.1,Neoplasm of uncertain or unknown behaviour of spinal meninges,OTHER_PRIMARY_CANCER
D42.9,"Neoplasm of uncertain or unknown behaviour of meninges, unspecified",OTHER_PRIMARY_CANCER
D43.,Neoplasm of uncertain or unknown behaviour of brain and central nervous system,OTHER_PRIMARY_CANCER
D43.0,"Neoplasm of uncertain or unknown behaviour of brain, supratentorial",OTHER_PRIMARY_CANCER
D43.1,"Neoplasm of uncertain or unknown behaviour of brain, infratentorial",OTHER_PRIMARY_CANCER
D43.2,"Neoplasm of uncertain or unknown behaviour of brain, unspecified",OTHER_PRIMARY_CANCER
D43.3,Neoplasm of uncertain or unknown behaviour of cranial nerves,OTHER_PRIMARY_CANCER
D43.4,Neoplasm of uncertain or unknown behaviour of spinal cord,OTHER_PRIMARY_CANCER
D43.7,Neoplasm of uncertain or unknown behaviour of other parts of central nervous system,OTHER_PRIMARY_CANCER
D43.9,"Neoplasm of uncertain or unknown behaviour of central nervous system, unspecified",OTHER_PRIMARY_CANCER
D44.,Neoplasm of uncertain or unknown behaviour of endocrine glands,OTHER_PRIMARY_CANCER
D44.0,Neoplasm of uncertain or unknown behaviour of thyroid gland,OTHER_PRIMARY_CANCER
D44.1,Neoplasm of uncertain or unknown behaviour of adrenal gland,OTHER_PRIMARY_CANCER
D44.2,Neoplasm of uncertain or unknown behaviour of parathyroid gland,OTHER_PRIMARY_CANCER
D44.3,Neoplasm of uncertain or unknown behaviour of pituitary gland,OTHER_PRIMARY_CANCER
D44.4,Neoplasm of uncertain or unknown behaviour of craniopharyngeal duct,OTHER_PRIMARY_CANCER
D44.5,Neoplasm of uncertain or unknown behaviour of pineal gland,OTHER_PRIMARY_CANCER
D44.6,Neoplasm of uncertain or unknown behaviour of carotid body,OTHER_PRIMARY_CANCER
D44.7,Neoplasm of uncertain or unknown behaviour of aortic body and other paraganglia,OTHER_PRIMARY_CANCER
D44.8,Neoplasm of uncertain or unknown behaviour of pluriglandular involvement,OTHER_PRIMARY_CANCER
D44.9,"Neoplasm of uncertain or unknown behaviour of endocrine gland, unspecified",OTHER_PRIMARY_CANCER
D45.,Polycythaemia vera,OTHER_PRIMARY_CANCER
D46.0,"Refractory anaemia without ring sideroblasts, so stated",OTHER_PRIMARY_CANCER
D46.1,Myelodysplastic syndrome with ring sideroblasts and single lineage dysplasia,OTHER_PRIMARY_CANCER
D46.2,Myelodysplastic syndrome with excess blasts,OTHER_PRIMARY_CANCER
D46.3,Refractory anaemia with excess of blasts with transformation,OTHER_PRIMARY_CANCER
D46.4,Myelodysplastic syndrome with single lineage dysplasia,OTHER_PRIMARY_CANCER
D46.7,Other myelodysplastic syndromes,OTHER_PRIMARY_CANCER
D46.9,"Myelodysplastic syndrome, unspecified",OTHER_PRIMARY_CANCER
D47.0,Histiocytic and mast cell tumours of uncertain and unknown behaviour,OTHER_PRIMARY_CANCER
D47.1,Chronic myeloproliferative disease,OTHER_PRIMARY_CANCER
D47.3,Essential (haemorrhagic) thrombocythaemia,OTHER_PRIMARY_CANCER
D47.7,"Other specified neoplasms of uncertain or unknown behaviour of lymphoid, haematopoietic and related tissue",OTHER_PRIMARY_CANCER
D47.9,"Neoplasm of uncertain or unknown behaviour of lymphoid, haematopoietic and related tissue, unspecified",OTHER_PRIMARY_CANCER
D48.,Neoplasm of uncertain or unknown behaviour of other and unspecified sites,OTHER_PRIMARY_CANCER
D48.0,Neoplasm of uncertain or unknown behaviour of bone and articular cartilage,OTHER_PRIMARY_CANCER
D48.1,Neoplasm of uncertain or unknown behaviour of connective and other soft tissue,OTHER_PRIMARY_CANCER
D48.2,Neoplasm of uncertain or unknown behaviour of peripheral nerves and autonomic nervous system,OTHER_PRIMARY_CANCER
D48.3,Neoplasm of uncertain or unknown behaviour of retroperitoneum,OTHER_PRIMARY_CANCER
D48.4,Neoplasm of uncertain or unknown behaviour of peritoneum,OTHER_PRIMARY_CANCER
D48.5,Neoplasm of uncertain or unknown behaviour of skin,OTHER_PRIMARY_CANCER
D48.6,Neoplasm of uncertain or unknown behaviour of breast,OTHER_PRIMARY_CANCER
D48.7,Neoplasm of uncertain or unknown behaviour of other specified sites,OTHER_PRIMARY_CANCER
D48.9,"Neoplasm of uncertain or unknown behaviour, unspecified",OTHER_PRIMARY_CANCER
Z51.0,Radiotherapy session,OTHER_PRIMARY_CANCER
Z51.1,Pharmacotherapy session for neoplasm,OTHER_PRIMARY_CANCER
Z51.2,Other chemotherapy,OTHER_PRIMARY_CANCER
Z85.0,Personal history of malignant neoplasm of digestive organs,OTHER_PRIMARY_CANCER
Z85.2,Personal history of malignant neoplasm of other respiratory and intrathoracic organs,OTHER_PRIMARY_CANCER
Z85.4,Personal history of malignant neoplasm of genital organs,OTHER_PRIMARY_CANCER
Z85.5,Personal history of malignant neoplasm of urinary tract,OTHER_PRIMARY_CANCER
Z85.8,Personal history of malignant neoplasms of other organs and systems,OTHER_PRIMARY_CANCER
Z85.9,"Personal history of malignant neoplasm, unspecified",OTHER_PRIMARY_CANCER
C81.,Hodgkin lymphoma,LYMPHOMA_OR_LEUKEMIA
C81.0,Nodular lymphocyte predominant Hodgkin lymphoma,LYMPHOMA_OR_LEUKEMIA
C81.1,Nodular sclerosis (classical) Hodgkin lymphoma,LYMPHOMA_OR_LEUKEMIA
C81.2,Mixed cellularity (classical) Hodgkin lymphoma,LYMPHOMA_OR_LEUKEMIA
C81.3,Lymphocyte depleted (classical) Hodgkin lymphoma,LYMPHOMA_OR_LEUKEMIA
C81.7,Other (classical) Hodgkin lymphoma,LYMPHOMA_OR_LEUKEMIA
C81.9,"Hodgkin lymphoma, unspecified",LYMPHOMA_OR_LEUKEMIA
C82.,Follicular lymphoma,LYMPHOMA_OR_LEUKEMIA
C82.0,Follicular lymphoma grade 1,LYMPHOMA_OR_LEUKEMIA
C82.1,Follicular lymphoma grade 2,LYMPHOMA_OR_LEUKEMIA
C82.2,"Follicular lymphoma grade 3, unspecified",LYMPHOMA_OR_LEUKEMIA
C82.7,Other types of follicular lymphoma,LYMPHOMA_OR_LEUKEMIA
C82.9,"Follicular lymphoma, unspecified",LYMPHOMA_OR_LEUKEMIA
C83.,Non-follicular lymphoma,LYMPHOMA_OR_LEUKEMIA
C83.0,Small cell B-cell lymphoma,LYMPHOMA_OR_LEUKEMIA
C83.1,Mantle cell lymphoma,LYMPHOMA_OR_LEUKEMIA
C83.2,Mixed small and large cell (diffuse) non-Hodgkin lymphoma,LYMPHOMA_OR_LEUKEMIA
C83.3,Diffuse large B-cell lymphoma,LYMPHOMA_OR_LEUKEMIA
C83.4,Immunoblastic (diffuse) non-Hodgkin lymphoma,LYMPHOMA_OR_LEUKEMIA
C83.5,Lymphoblastic (diffuse) non-follicular lymphoma,LYMPHOMA_OR_LEUKEMIA
C83.6,Undifferentiated (diffuse) non-Hodgkin lymphoma,LYMPHOMA_OR_LEUKEMIA
C83.7,Burkitt lymphoma,LYMPHOMA_OR_LEUKEMIA
C83.8,Other non-follicular lymphoma,LYMPHOMA_OR_LEUKEMIA
C83.9,"Non-follicular (diffuse) lymphoma, unspecified",LYMPHOMA_OR_LEUKEMIA
C84.0,Mycosis fungoides,LYMPHOMA_OR_LEUKEMIA
C84.1,Sezary disease,LYMPHOMA_OR_LEUKEMIA
C84.2,T-zone lymphoma,LYMPHOMA_OR_LEUKEMIA
C84.3,Lymphoepithelioid lymphoma,LYMPHOMA_OR_LEUKEMIA
C84.4,"Peripheral T-cell lymphoma, not elsewhere classified",LYMPHOMA_OR_LEUKEMIA
C84.5,Other mature T/NK-cell lymphomas,LYMPHOMA_OR_LEUKEMIA
C85.0,Lymphosarcoma,LYMPHOMA_OR_LEUKEMIA
C85.1,"B-cell lymphoma, unspecified",LYMPHOMA_OR_LEUKEMIA
C85.7,Other specified types of non-Hodgkin lymphoma,LYMPHOMA_OR_LEUKEMIA
C85.9,"Non-Hodgkin lymphoma, unspecified",LYMPHOMA_OR_LEUKEMIA
C88.30,"Immunoproliferative small intestinal disease, without mention of remission",LYMPHOMA_OR_LEUKEMIA
C88.31,"Immunoproliferative small intestinal disease, in remission",LYMPHOMA_OR_LEUKEMIA
C88.70,"Other malignant immunoproliferative diseases, without mention of remission",LYMPHOMA_OR_LEUKEMIA
C88.71,"Other malignant immunoproliferative diseases, in remission",LYMPHOMA_OR_LEUKEMIA
C88.90,"Malignant immunoproliferative disease, unspecified, without mention of remission",LYMPHOMA_OR_LEUKEMIA
C88.91,"Malignant immunoproliferative disease, unspecified, in remission",LYMPHOMA_OR_LEUKEMIA
C90.00,"Multiple myeloma, without mention of remission",LYMPHOMA_OR_LEUKEMIA
C90.01,"Multiple myeloma, in remission",LYMPHOMA_OR_LEUKEMIA
C90.10,"Plasma cell leukaemia, without mention of remission",LYMPHOMA_OR_LEUKEMIA
C90.11,"Plasma cell leukaemia, in remission",LYMPHOMA_OR_LEUKEMIA
C91.00,"Acute lymphoblastic leukaemia [ALL], without mention of remission",LYMPHOMA_OR_LEUKEMIA
C91.01,"Acute lymphoblastic leukaemia [ALL], in remission",LYMPHOMA_OR_LEUKEMIA
C91.10,"Chronic lymphocytic leukaemia of B-cell type, without mention of remission",LYMPHOMA_OR_LEUKEMIA
C91.11,"Chronic lymphocytic leukaemia of B-cell type, in remission",LYMPHOMA_OR_LEUKEMIA
C91.20,"Subacute lymphocytic leukaemia, without mention of remission",LYMPHOMA_OR_LEUKEMIA
C91.21,"Subacute lymphocytic leukaemia, in remission",LYMPHOMA_OR_LEUKEMIA
C91.30,"Prolymphocytic leukaemia of B-cell type, without mention of remission",LYMPHOMA_OR_LEUKEMIA
C91.31,"Prolymphocytic leukaemia of B-cell type, in remission",LYMPHOMA_OR_LEUKEMIA
C91.40,"Hairy-cell leukaemia, without mention of remission",LYMPHOMA_OR_LEUKEMIA
C91.41,"Hairy-cell leukaemia, in remission",LYMPHOMA_OR_LEUKEMIA
C91.50,"Adult T-cell leukaemia/lymphoma [HTLV-1-associated], without mention of remission",LYMPHOMA_OR_LEUKEMIA
C91.51,"Adult T-cell leukaemia/lymphoma [HTLV-1-associated], in remission",LYMPHOMA_OR_LEUKEMIA
C91.70,"Other lymphoid leukaemia, without mention of remission",LYMPHOMA_OR_LEUKEMIA
C91.71,"Other lymphoid leukaemia, in remission",LYMPHOMA_OR_LEUKEMIA
C91.90,"Lymphoid leukaemia, unspecified, without mention of remission",LYMPHOMA_OR_LEUKEMIA
C91.91,"Lymphoid leukaemia, unspecified, in remission",LYMPHOMA_OR_LEUKEMIA
C92.00,"Acute myeloblastic leukaemia [AML], without mention of remission",LYMPHOMA_OR_LEUKEMIA
C92.01,"Acute myeloblastic leukaemia [AML], in remission",LYMPHOMA_OR_LEUKEMIA
C92.10,"Chronic myeloid leukaemia [CML], BCR/ABL-positive, without mention of remission",LYMPHOMA_OR_LEUKEMIA
C92.11,"Chronic myeloid leukaemia [CML], BCR/ABL-positive, in remission",LYMPHOMA_OR_LEUKEMIA
C92.20,"Atypical chronic myeloid leukaemia, BCR/ABL-negative, without mention of remission",LYMPHOMA_OR_LEUKEMIA
C92.21,"Atypical chronic myeloid leukaemia, BCR/ABL-negative, in remission",LYMPHOMA_OR_LEUKEMIA
C92.30,"Myeloid sarcoma, without mention of remission",LYMPHOMA_OR_LEUKEMIA
C92.31,"Myeloid sarcoma, in remission, in remission",LYMPHOMA_OR_LEUKEMIA
C92.40,"Acute promyelocytic leukaemia [PML], without mention of remission",LYMPHOMA_OR_LEUKEMIA
C92.41,"Acute promyelocytic leukaemia [PML], in remission",LYMPHOMA_OR_LEUKEMIA
C92.50,"Acute myelomonocytic leukaemia, without mention of remission",LYMPHOMA_OR_LEUKEMIA
C92.51,"Acute myelomonocytic leukaemia, in remission",LYMPHOMA_OR_LEUKEMIA
C92.70,"Other myeloid leukaemia, without mention of remission",LYMPHOMA_OR_LEUKEMIA
C92.71,"Other myeloid leukaemia, in remission",LYMPHOMA_OR_LEUKEMIA
C92.90,"Myeloid leukaemia, unspecified, without mention of remission",LYMPHOMA_OR_LEUKEMIA
C92.91,"Myeloid leukaemia, unspecified, in remission",LYMPHOMA_OR_LEUKEMIA
C93.00,"Acute monoblastic/monocytic leukaemia, without mention of remission",LYMPHOMA_OR_LEUKEMIA
C93.01,"Acute monoblastic/monocytic leukaemia, in remission",LYMPHOMA_OR_LEUKEMIA
C93.10,"Chronic myelomonocytic leukaemia [CMML], without mention of remission",LYMPHOMA_OR_LEUKEMIA
C93.11,"Chronic myelomonocytic leukaemia [CMML], in remission",LYMPHOMA_OR_LEUKEMIA
C93.20,"Subacute monocytic leukaemia, without mention of remission",LYMPHOMA_OR_LEUKEMIA
C93.21,"Subacute monocytic leukaemia, in remission",LYMPHOMA_OR_LEUKEMIA
C93.70,"Other monocytic leukaemia, without mention of remission",LYMPHOMA_OR_LEUKEMIA
C93.71,"Other monocytic leukaemia, in remission",LYMPHOMA_OR_LEUKEMIA
C93.90,"Monocytic leukaemia, unspecified, without mention of remission",LYMPHOMA_OR_LEUKEMIA
C93.91,"Monocytic leukaemia, unspecified, in remission",LYMPHOMA_OR_LEUKEMIA
C94.00,"Acute erythroid leukaemia, without mention of remission",LYMPHOMA_OR_LEUKEMIA
C94.01,"Acute erythroid leukaemia, in remission",LYMPHOMA_OR_LEUKEMIA
C94.10,"Chronic erythraemia, without mention of remission",LYMPHOMA_OR_LEUKEMIA
C94.11,"Chronic erythraemia, in remission",LYMPHOMA_OR_LEUKEMIA
C94.20,"Acute megakaryoblastic leukaemia, without mention of remission",LYMPHOMA_OR_LEUKEMIA
C94.21,"Acute megakaryoblastic leukaemia, in remission",LYMPHOMA_OR_LEUKEMIA
C94.30,"Mast cell leukaemia, without mention of remission",LYMPHOMA_OR_LEUKEMIA
C94.31,"Mast cell leukaemia, in remission",LYMPHOMA_OR_LEUKEMIA
C94.50,"Acute myelofibrosis, without mention of remission",LYMPHOMA_OR_LEUKEMIA
C94.51,"Acute myelofibrosis, in remission",LYMPHOMA_OR_LEUKEMIA
C94.70,"Other specified leukaemias, without mention of remission",LYMPHOMA_OR_LEUKEMIA
C94.71,"Other specified leukaemias, in remission",LYMPHOMA_OR_LEUKEMIA
C95.00,"Acute leukaemia of unspecified cell type, without mention of remission",LYMPHOMA_OR_LEUKEMIA
C95.01,"Acute leukaemia of unspecified cell type, in remission",LYMPHOMA_OR_LEUKEMIA
C95.10,"Chronic leukaemia of unspecified cell type, without mention of remission",LYMPHOMA_OR_LEUKEMIA
C95.11,"Chronic leukaemia of unspecified cell type, in remission",LYMPHOMA_OR_LEUKEMIA
C95.20,"Subacute leukaemia of unspecified cell type, without mention of remission",LYMPHOMA_OR_LEUKEMIA
C95.21,"Subacute leukaemia of unspecified cell type, in remission",LYMPHOMA_OR_LEUKEMIA
C95.70,"Other leukaemia of unspecified cell type, without mention of remission",LYMPHOMA_OR_LEUKEMIA
C95.71,"Other leukaemia of unspecified cell type, in remission",LYMPHOMA_OR_LEUKEMIA
C95.90,"Leukaemia, unspecified, without mention of remission",LYMPHOMA_OR_LEUKEMIA
C95.91,"Leukaemia, unspecified, in remission",LYMPHOMA_OR_LEUKEMIA
C96.0,Multifocal and multisystemic (disseminated) Langerhans-cell histiocytosis [Letterer-Siwe disease],LYMPHOMA_OR_LEUKEMIA
C96.1,Malignant histiocytosis,LYMPHOMA_OR_LEUKEMIA
C96.2,Malignant mast cell tumour,LYMPHOMA_OR_LEUKEMIA
C96.3,True histiocytic lymphoma,LYMPHOMA_OR_LEUKEMIA
C96.7,"Other specified malignant neoplasms of lymphoid, haematopoietic and related tissue",LYMPHOMA_OR_LEUKEMIA
C96.9,"Malignant neoplasm of lymphoid, haematopoietic and related tissue, unspecified",LYMPHOMA_OR_LEUKEMIA
Z85.6,Personal history of leukaemia,LYMPHOMA_OR_LEUKEMIA
Z85.7,"Personal history of other malignant neoplasms of lymphoid, haematopoietic and related tissues",LYMPHOMA_OR_LEUKEMIA
C77.0,"Secondary and unspecified malignant neoplasm of lymph nodes of head, face and neck",SECONDARY_LYMPH_CANCER
C77.1,Secondary and unspecified malignant neoplasm of intrathoracic lymph nodes,SECONDARY_LYMPH_CANCER
C77.2,Secondary and unspecified malignant neoplasm of intra-abdominal lymph nodes,SECONDARY_LYMPH_CANCER
C77.3,Secondary and unspecified malignant neoplasm of axillary and upper limb lymph nodes,SECONDARY_LYMPH_CANCER
C77.4,Secondary and unspecified malignant neoplasm of inguinal and lower limb lymph nodes,SECONDARY_LYMPH_CANCER
C77.5,Secondary and unspecified malignant neoplasm of intrapelvic lymph nodes,SECONDARY_LYMPH_CANCER
C77.8,Secondary and unspecified malignant neoplasm of lymph nodes of multiple regions,SECONDARY_LYMPH_CANCER
C77.9,"Secondary and unspecified malignant neoplasm of lymph node, unspecified",SECONDARY_LYMPH_CANCER
C78.0,Secondary malignant neoplasm of lung,OTHER_SECONDARY_CANCER
C78.1,Secondary malignant neoplasm of mediastinum,OTHER_SECONDARY_CANCER
C78.2,Secondary malignant neoplasm of pleura,OTHER_SECONDARY_CANCER
C78.3,Secondary malignant neoplasm of other and unspecified respiratory organs,OTHER_SECONDARY_CANCER
C78.4,Secondary malignant neoplasm of small intestine,OTHER_SECONDARY_CANCER
C78.5,Secondary malignant neoplasm of large intestine and rectum,OTHER_SECONDARY_CANCER
C78.6,Secondary malignant neoplasm of retroperitoneum and peritoneum,OTHER_SECONDARY_CANCER
C78.7,Secondary malignant neoplasm of liver and intrahepatic bile duct,OTHER_SECONDARY_CANCER
C78.8,Secondary malignant neoplasm of other and unspecified digestive organs,OTHER_SECONDARY_CANCER
C79.0,Secondary malignant neoplasm of kidney and renal pelvis,OTHER_SECONDARY_CANCER
C79.1,Secondary malignant neoplasm of bladder and other and unspecified urinary organs,OTHER_SECONDARY_CANCER
C79.2,Secondary malignant neoplasm of skin,OTHER_SECONDARY_CANCER
C79.3,Secondary malignant neoplasm of brain and cerebral meninges,OTHER_SECONDARY_CANCER
C79.4,Secondary malignant neoplasm of other and unspecified parts of nervous system,OTHER_SECONDARY_CANCER
C79.5,Secondary malignant neoplasm of bone and bone marrow,OTHER_SECONDARY_CANCER
C79.6,Secondary malignant neoplasm of ovary,OTHER_SECONDARY_CANCER
C79.7,Secondary malignant neoplasm of adrenal gland,OTHER_SECONDARY_CANCER
C79.81,Secondary malignant neoplasm of breast,OTHER_SECONDARY_CANCER
C79.82,Secondary malignant neoplasm of genital organs,OTHER_SECONDARY_CANCER
C79.88,Secondary malignant neoplasm of other specified sites,OTHER_SECONDARY_CANCER
C80.,Malignant neoplasm without specification of site,OTHER_SECONDARY_CANCER
C97.,Malignant neoplasms of independent (primary) multiple sites,OTHER_SECONDARY_CANCER
D12.0,Benign neoplasm of caecum,BENIGN_NEOPLASMS_OF_COLON
D12.1,Benign neoplasm of appendix,BENIGN_NEOPLASMS_OF_COLON
D12.2,Benign neoplasm of ascending colon,BENIGN_NEOPLASMS_OF_COLON
D12.3,Benign neoplasm of transverse colon,BENIGN_NEOPLASMS_OF_COLON
D12.4,Benign neoplasm of descending colon,BENIGN_NEOPLASMS_OF_COLON
D12.5,Benign neoplasm of sigmoid colon,BENIGN_NEOPLASMS_OF_COLON
D12.6,"Benign neoplasm of colon, unspecified",BENIGN_NEOPLASMS_OF_COLON
D12.7,Benign neoplasm of rectosigmoid junction,BENIGN_NEOPLASMS_OF_COLON
D12.8,Benign neoplasm of rectum,BENIGN_NEOPLASMS_OF_COLON
D12.9,Benign neoplasm of anus and anal canal,BENIGN_NEOPLASMS_OF_COLON
D25.0,Submucous leiomyoma of uterus,UTERINE_LEIOMYOMA
D25.1,Intramural leiomyoma of uterus,UTERINE_LEIOMYOMA
D25.2,Subserosal leiomyoma of uterus,UTERINE_LEIOMYOMA
D25.9,"Leiomyoma of uterus, unspecified",UTERINE_LEIOMYOMA
E00.0,"Congenital iodine-deficiency syndrome, neurological type",HYPOTHYROIDISM
E00.1,"Congenital iodine-deficiency syndrome, myxoedematous type",HYPOTHYROIDISM
E00.2,"Congenital iodine-deficiency syndrome, mixed type",HYPOTHYROIDISM
E00.9,"Congenital iodine-deficiency syndrome, unspecified",HYPOTHYROIDISM
E01.0,Iodine-deficiency-related diffuse (endemic) goitre,HYPOTHYROIDISM
E01.1,Iodine-deficiency-related multinodular (endemic) goitre,HYPOTHYROIDISM
E01.2,"Iodine-deficiency-related (endemic) goitre, unspecified",HYPOTHYROIDISM
E01.8,Other iodine-deficiency-related thyroid disorders and allied conditions,HYPOTHYROIDISM
E02.,Subclinical iodine-deficiency hypothyroidism,HYPOTHYROIDISM
E03.0,Congenital hypothyroidism with diffuse goitre,HYPOTHYROIDISM
E03.1,Congenital hypothyroidism without goitre,HYPOTHYROIDISM
E03.2,Hypothyroidism due to medicaments and other exogenous substances,HYPOTHYROIDISM
E03.3,Postinfectious hypothyroidism,HYPOTHYROIDISM
E03.4,Atrophy of thyroid (acquired),HYPOTHYROIDISM
E03.8,Other specified hypothyroidism,HYPOTHYROIDISM
E03.9,"Hypothyroidism, unspecified",HYPOTHYROIDISM
E89.0,Postprocedural hypothyroidism,HYPOTHYROIDISM
E10.00,"Insulin-dependent diabetes mellitus with coma, not stated as uncontrolled",DIABETES_MELLITUS
E10.01,Type 1 diabetes mellitus with hyperosmolarity without nonketotic hyperglycaemic-hyperosmolar coma (NKHHC),DIABETES_MELLITUS
E10.10,"Insulin-dependent diabetes mellitus with ketoacidosis, not stated as uncontrolled",DIABETES_MELLITUS
E10.11,"Type 1 diabetes mellitus with ketoacidosis, without coma",DIABETES_MELLITUS
E10.12,"Type 1 diabetes mellitus with ketoacidosis, with coma",DIABETES_MELLITUS
E10.13,"Type 1 diabetes mellitus with lactic acidosis, without coma",DIABETES_MELLITUS
E10.14,"Type 1 diabetes mellitus with lactic acidosis, with coma",DIABETES_MELLITUS
E10.15,"Type 1 diabetes mellitus with ketoacidosis, with lactic acidosis, without coma",DIABETES_MELLITUS
E10.16,"Type 1 diabetes mellitus with ketoacidosis, with lactic acidosis, with coma",DIABETES_MELLITUS
E10.9,Type 1 diabetes mellitus without complication,DIABETES_MELLITUS
E10.90,"Insulin-dependent diabetes mellitus without complications, not stated as uncontrolled",DIABETES_MELLITUS
E10.91,"Insulin-dependent diabetes mellitus without complications, stated as uncontrolled",DIABETES_MELLITUS
E11.00,"Non-insulin-dependent diabetes mellitus with coma, not stated as uncontrolled",DIABETES_MELLITUS
E11.01,Type 2 diabetes mellitus with hyperosmolarity without nonketotic hyperglycaemic-hyperosmolar coma [NKHHC],DIABETES_MELLITUS
E11.02,Type 2 diabetes mellitus with hyperosmolarity with coma,DIABETES_MELLITUS
E11.10,"Non-insulin-dependent diabetes mellitus with ketoacidosis, not stated as uncontrolled",DIABETES_MELLITUS
E11.11,"Type 2 diabetes mellitus with ketoacidosis, without coma",DIABETES_MELLITUS
E11.12,"Type 2 diabetes mellitus with ketoacidosis, with coma",DIABETES_MELLITUS
E11.13,"Type 2 diabetes mellitus with lactic acidosis, without coma",DIABETES_MELLITUS
E11.14,"Type 2 diabetes mellitus with lactic acidosis, with coma",DIABETES_MELLITUS
E11.15,"Type 2 diabetes mellitus with ketoacidosis, with lactic acidosis, without coma",DIABETES_MELLITUS
E11.16,"Type 2 diabetes mellitus with ketoacidosis, with lactic acidosis, with coma",DIABETES_MELLITUS
E11.9,Type 2 diabetes mellitus without complication,DIABETES_MELLITUS
E11.90,"Non-insulin-dependent diabetes mellitus without complications, not stated as uncontrolled",DIABETES_MELLITUS
E11.91,"Non-insulin-dependent diabetes mellitus without complications, stated as uncontrolled",DIABETES_MELLITUS
E12.00,"Malnutrition-related diabetes mellitus with coma, not stated as uncontrolled",DIABETES_MELLITUS
E12.01,"Malnutrition-related diabetes mellitus with coma, stated as uncontrolled",DIABETES_MELLITUS
E12.10,"Malnutrition-related diabetes mellitus with ketoacidosis, not stated as uncontrolled",DIABETES_MELLITUS
E12.11,"Malnutrition-related diabetes mellitus with ketoacidosis, stated as uncontrolled",DIABETES_MELLITUS
E12.90,"Malnutrition-related diabetes mellitus without complications, not stated as uncontrolled",DIABETES_MELLITUS
E12.91,"Malnutrition-related diabetes mellitus without complications, stated as uncontrolled",DIABETES_MELLITUS
E13.00,"Other specified diabetes mellitus with coma, not stated as uncontrolled",DIABETES_MELLITUS
E13.01,"Other specified diabetes mellitus with hyperosmolarity, without nonketotic hyperglycaemic-hyperosmolar coma [NKHHC]",DIABETES_MELLITUS
E13.02,"Other specified diabetes mellitus with hyperosmolarity, with coma",DIABETES_MELLITUS
E13.10,"Other specified diabetes mellitus with ketoacidosis, not stated as uncontrolled",DIABETES_MELLITUS
E13.11,"Other specified diabetes mellitus with ketoacidosis, without coma",DIABETES_MELLITUS
E13.12,"Other specified diabetes mellitus with ketoacidosis, with coma",DIABETES_MELLITUS
E13.13,"Other specified diabetes mellitus with lactic acidosis, without coma",DIABETES_MELLITUS
E13.14,"Other specified diabetes mellitus with lactic acidosis, with coma",DIABETES_MELLITUS
E13.15,"Other specified diabetes mellitus with ketoacidosis, with lactic acidosis, without coma",DIABETES_MELLITUS
E13.16,"Other specified diabetes mellitus with ketoacidosis, with lactic acidosis, with coma",DIABETES_MELLITUS
E13.9,Other specified diabetes mellitus without complication,DIABETES_MELLITUS
E13.90,"Other specified diabetes mellitus without complications, not stated as uncontrolled",DIABETES_MELLITUS
E13.91,"Other specified diabetes mellitus without complications, stated as uncontrolled",DIABETES_MELLITUS
E14.00,"Unspecified diabetes mellitus with coma, not stated as uncontrolled",DIABETES_MELLITUS
E14.01,"Unspecified diabetes mellitus with hyperosmolarity, without nonketotic hyperglycaemic-hyperosmolar coma [NKHHC]",DIABETES_MELLITUS
E14.02,"Unspecified diabetes mellitus with hyperosmolarity, with coma",DIABETES_MELLITUS
E14.10,"Unspecified diabetes mellitus with ketoacidosis, not stated as uncontrolled",DIABETES_MELLITUS
E14.11,"Unspecified diabetes mellitus with ketoacidosis, without coma",DIABETES_MELLITUS
E14.12,"Unspecified diabetes mellitus with ketoacidosis, with coma",DIABETES_MELLITUS
E14.13,"Unspecified diabetes mellitus with lactic acidosis, without coma",DIABETES_MELLITUS
E14.14,"Unspecified diabetes mellitus with lactic acidosis, with coma",DIABETES_MELLITUS
E14.15,"Unspecified diabetes mellitus with ketoacidosis, with lactic acidosis, without coma",DIABETES_MELLITUS
E14.16,"Unspecified diabetes mellitus with ketoacidosis, with lactic acidosis, with coma",DIABETES_MELLITUS
E14.9,Unspecified diabetes mellitus without complication,DIABETES_MELLITUS
E14.90,"Unspecified diabetes mellitus without complications, not stated as uncontrolled",DIABETES_MELLITUS
E14.91,"Unspecified diabetes mellitus without complications, stated as uncontrolled",DIABETES_MELLITUS
E10.20,"Type 1 diabetes mellitus with renal complication, unspecified",COMPLICATIONS_OF_DIABETES
E10.21,Type 1 diabetes mellitus with incipient diabetic nephropathy,COMPLICATIONS_OF_DIABETES
E10.22,Type 1 diabetes mellitus with established diabetic nephropathy,COMPLICATIONS_OF_DIABETES
E10.23,Type 1 diabetes mellitus with advanced renal disease,COMPLICATIONS_OF_DIABETES
E10.29,Type 1 diabetes mellitus with other specified kidney complication,COMPLICATIONS_OF_DIABETES
E10.40,Type 1 diabetes mellitus with unspecified neuropathy,COMPLICATIONS_OF_DIABETES
E10.41,Type 1 diabetes mellitus with diabetic mononeuropathy,COMPLICATIONS_OF_DIABETES
E10.42,Type 1 diabetes mellitus with diabetic polyneuropathy,COMPLICATIONS_OF_DIABETES
E10.43,Type 1 diabetes mellitus with diabetic autonomic neuropathy,COMPLICATIONS_OF_DIABETES
E10.49,Type 1 diabetes mellitus with other specified neurological complication,COMPLICATIONS_OF_DIABETES
E10.60,"Insulin-dependent diabetes mellitus with other specified complications, not stated as uncontrolled",COMPLICATIONS_OF_DIABETES
E10.61,Type 1 diabetes mellitus with specified diabetic musculoskeletal and connective tissue complication,COMPLICATIONS_OF_DIABETES
E10.62,Type 1 diabetes mellitus with specified skin and subcutaneous tissue complication,COMPLICATIONS_OF_DIABETES
E10.63,Type 1 diabetes mellitus with specified periodontal complication,COMPLICATIONS_OF_DIABETES
E10.64,Type 1 diabetes mellitus with hypoglycaemia,COMPLICATIONS_OF_DIABETES
E10.65,Type 1 diabetes mellitus with poor control,COMPLICATIONS_OF_DIABETES
E10.69,Type 1 diabetes mellitus with other specified complication,COMPLICATIONS_OF_DIABETES
E10.70,"Insulin-dependent diabetes mellitus with multiple complications, not stated as uncontrolled",COMPLICATIONS_OF_DIABETES
E10.71,Type 1 diabetes mellitus with multiple microvascular and other specified nonvascular complications,COMPLICATIONS_OF_DIABETES
E10.73,Type 1 diabetes mellitus with foot ulcer due to multiple causes,COMPLICATIONS_OF_DIABETES
E10.8,Type 1 diabetes mellitus with unspecified complication,COMPLICATIONS_OF_DIABETES
E10.80,"Insulin-dependent diabetes mellitus with unspecified complications, not stated as uncontrolled",COMPLICATIONS_OF_DIABETES
E10.81,"Insulin-dependent diabetes mellitus with unspecified complications, stated as uncontrolled",COMPLICATIONS_OF_DIABETES
E11.20,"Type 2 diabetes mellitus with renal complication, unspecified",COMPLICATIONS_OF_DIABETES
E11.21,Type 2 diabetes mellitus with incipient diabetic nephropathy,COMPLICATIONS_OF_DIABETES
E11.22,Type 2 diabetes mellitus with established diabetic nephropathy,COMPLICATIONS_OF_DIABETES
E11.23,Type 2 diabetes mellitus with advanced renal disease,COMPLICATIONS_OF_DIABETES
E11.29,Type 2 diabetes mellitus with other specified kidney complication,COMPLICATIONS_OF_DIABETES
E11.40,Type 2 diabetes mellitus with unspecified neuropathy,COMPLICATIONS_OF_DIABETES
E11.41,Type 2 diabetes mellitus with diabetic mononeuropathy,COMPLICATIONS_OF_DIABETES
E11.42,Type 2 diabetes mellitus with diabetic polyneuropathy,COMPLICATIONS_OF_DIABETES
E11.43,Type 2 diabetes mellitus with diabetic autonomic neuropathy,COMPLICATIONS_OF_DIABETES
E11.49,Type 2 diabetes mellitus with other specified neurological complication,COMPLICATIONS_OF_DIABETES
E11.60,"Non-insulin-dependent diabetes mellitus with other specified complications, not stated as uncontrolled",COMPLICATIONS_OF_DIABETES
E11.61,Type 2 diabetes mellitus with specified diabetic musculoskeletal and connective tissue complication,COMPLICATIONS_OF_DIABETES
E11.62,Type 2 diabetes mellitus with specified skin and subcutaneous tissue complication,COMPLICATIONS_OF_DIABETES
E11.63,Type 2 diabetes mellitus with specified periodontal complication,COMPLICATIONS_OF_DIABETES
E11.64,Type 2 diabetes mellitus with hypoglycaemia,COMPLICATIONS_OF_DIABETES
E11.65,Type 2 diabetes mellitus with poor control,COMPLICATIONS_OF_DIABETES
E11.69,Type 2 diabetes mellitus with other specified complication,COMPLICATIONS_OF_DIABETES
E11.70,"Non-insulin-dependent diabetes mellitus with multiple complications, not stated as uncontrolled",COMPLICATIONS_OF_DIABETES
E11.71,Type 2 diabetes mellitus with multiple microvascular and other specified nonvascular complications,COMPLICATIONS_OF_DIABETES
E11.72,Type 2 diabetes mellitus with features of insulin resistance,COMPLICATIONS_OF_DIABETES
E11.73,Type 2 diabetes mellitus with foot ulcer due to multiple causes,COMPLICATIONS_OF_DIABETES
E11.8,Type 2 diabetes mellitus with unspecified complication,COMPLICATIONS_OF_DIABETES
E11.80,"Non-insulin-dependent diabetes mellitus with unspecified complications, not stated as uncontrolled",COMPLICATIONS_OF_DIABETES
E11.81,"Non-insulin-dependent diabetes mellitus with unspecified complications, stated as uncontrolled",COMPLICATIONS_OF_DIABETES
E12.20,"Malnutrition-related diabetes mellitus with renal complications, not stated as uncontrolled",COMPLICATIONS_OF_DIABETES
E12.21,"Malnutrition-related diabetes mellitus with renal complications, stated as uncontrolled",COMPLICATIONS_OF_DIABETES
E12.40,"Malnutrition-related diabetes mellitus with neurological complications, not stated as uncontrolled",COMPLICATIONS_OF_DIABETES
E12.41,"Malnutrition-related diabetes mellitus with neurological complications, stated as uncontrolled",COMPLICATIONS_OF_DIABETES
E12.60,"Malnutrition-related diabetes mellitus with other specified complications, not stated as uncontrolled",COMPLICATIONS_OF_DIABETES
E12.61,"Malnutrition-related diabetes mellitus with other specified complications, stated as uncontrolled",COMPLICATIONS_OF_DIABETES
E12.70,"Malnutrition-related diabetes mellitus with multiple complications, not stated as uncontrolled",COMPLICATIONS_OF_DIABETES
E12.71,"Malnutrition-related diabetes mellitus with multiple complications, stated as uncontrolled",COMPLICATIONS_OF_DIABETES
E12.80,"Malnutrition-related diabetes mellitus with unspecified complications, not stated as uncontrolled",COMPLICATIONS_OF_DIABETES
E12.81,"Malnutrition-related diabetes mellitus with unspecified complications, stated as uncontrolled",COMPLICATIONS_OF_DIABETES
E13.20,"Other specified diabetes mellitus with renal complication, unspecified",COMPLICATIONS_OF_DIABETES
E13.21,Other specified diabetes mellitus with incipient diabetic nephropathy,COMPLICATIONS_OF_DIABETES
E13.22,Other specified diabetes mellitus with established diabetic nephropathy,COMPLICATIONS_OF_DIABETES
E13.23,Other specified diabetes mellitus with advanced renal disease,COMPLICATIONS_OF_DIABETES
E13.29,Other specified diabetes mellitus with other specified kidney complication,COMPLICATIONS_OF_DIABETES
E13.40,Other specified diabetes mellitus with unspecified neuropathy,COMPLICATIONS_OF_DIABETES
E13.41,Other specified diabetes mellitus with diabetic mononeuropathy,COMPLICATIONS_OF_DIABETES
E13.42,Other specified diabetes mellitus with diabetic polyneuropathy,COMPLICATIONS_OF_DIABETES
E13.43,Other specified diabetes mellitus with diabetic autonomic neuropathy,COMPLICATIONS_OF_DIABETES
E13.49,Other specified diabetes mellitus with other specified neurological complication,COMPLICATIONS_OF_DIABETES
E13.60,"Other specified diabetes mellitus with other specified complications, not stated as uncontrolled",COMPLICATIONS_OF_DIABETES
E13.61,Other specified diabetes mellitus with specified diabetic musculoskeletal and connective tissue complication,COMPLICATIONS_OF_DIABETES
E13.62,Other specified diabetes mellitus with specified skin and subcutaneous tissue complication,COMPLICATIONS_OF_DIABETES
E13.63,Other specified diabetes mellitus with specified periodontal complication,COMPLICATIONS_OF_DIABETES
E13.64,Other specified diabetes mellitus with hypoglycaemia,COMPLICATIONS_OF_DIABETES
E13.65,Other specified diabetes mellitus with poor control,COMPLICATIONS_OF_DIABETES
E13.69,Other specified diabetes mellitus with other specified complication,COMPLICATIONS_OF_DIABETES
E13.70,"Other specified diabetes mellitus with multiple complications, not stated as uncontrolled",COMPLICATIONS_OF_DIABETES
E13.71,Other specified diabetes mellitus with multiple microvascular and other specified nonvascular complications,COMPLICATIONS_OF_DIABETES
E13.72,Other specified diabetes mellitus with features of insulin resistance,COMPLICATIONS_OF_DIABETES
E13.73,Other specified diabetes mellitus with foot ulcer due to multiple causes,COMPLICATIONS_OF_DIABETES
E13.8,Other specified diabetes mellitus with unspecified complication,COMPLICATIONS_OF_DIABETES
E13.80,"Other specified diabetes mellitus with unspecified complications, not stated as uncontrolled",COMPLICATIONS_OF_DIABETES
E13.81,"Other specified diabetes mellitus with unspecified complications, stated as uncontrolled",COMPLICATIONS_OF_DIABETES
E14.20,"Unspecified diabetes mellitus with renal complication, unspecified",COMPLICATIONS_OF_DIABETES
E14.21,Unspecified diabetes mellitus with incipient diabetic nephropathy,COMPLICATIONS_OF_DIABETES
E14.22,Unspecified diabetes mellitus with established diabetic nephropathy,COMPLICATIONS_OF_DIABETES
E14.23,Unspecified diabetes mellitus with advanced renal disease,COMPLICATIONS_OF_DIABETES
E14.29,Unspecified diabetes mellitus with other specified kidney complication,COMPLICATIONS_OF_DIABETES
E14.40,Unspecified diabetes mellitus with unspecified neuropathy,COMPLICATIONS_OF_DIABETES
E14.41,Unspecified diabetes mellitus with diabetic mononeuropathy,COMPLICATIONS_OF_DIABETES
E14.42,Unspecified diabetes mellitus with diabetic polyneuropathy,COMPLICATIONS_OF_DIABETES
E14.43,Unspecified diabetes mellitus with diabetic autonomic neuropathy,COMPLICATIONS_OF_DIABETES
E14.49,Unspecified diabetes mellitus with other specified neurological complication,COMPLICATIONS_OF_DIABETES
E14.60,"Unspecified diabetes mellitus with other specified complications, not stated as uncontrolled",COMPLICATIONS_OF_DIABETES
E14.61,Unspecified diabetes mellitus with specified diabetic musculoskeletal and connective tissue complication,COMPLICATIONS_OF_DIABETES
E14.62,Unspecified diabetes mellitus with specified skin and subcutaneous tissue complication,COMPLICATIONS_OF_DIABETES
E14.63,Unspecified diabetes mellitus with specified periodontal complication,COMPLICATIONS_OF_DIABETES
E14.64,Unspecified diabetes mellitus with hypoglycaemia,COMPLICATIONS_OF_DIABETES
E14.65,Unspecified diabetes mellitus with poor control,COMPLICATIONS_OF_DIABETES
E14.69,Unspecified diabetes mellitus with other specified complication,COMPLICATIONS_OF_DIABETES
E14.70,"Unspecified diabetes mellitus with multiple complications, not stated as uncontrolled",COMPLICATIONS_OF_DIABETES
E14.71,Unspecified diabetes mellitus with multiple microvascular and other specified nonvascular complications,COMPLICATIONS_OF_DIABETES
E14.72,Unspecified diabetes mellitus with features of insulin resistance,COMPLICATIONS_OF_DIABETES
E14.73,Unspecified diabetes mellitus with foot ulcer due to multiple causes,COMPLICATIONS_OF_DIABETES
E14.8,Unspecified diabetes mellitus with unspecified complication,COMPLICATIONS_OF_DIABETES
E14.80,"Unspecified diabetes mellitus with unspecified complications, not stated as uncontrolled",COMPLICATIONS_OF_DIABETES
E14.81,"Unspecified diabetes mellitus with unspecified complications, stated as uncontrolled",COMPLICATIONS_OF_DIABETES
M14.2,Diabetic arthropathy,COMPLICATIONS_OF_DIABETES
E40.,Kwashiorkor,MALNUTRITION_OR_CACHEXIA
E41.,Nutritional marasmus,MALNUTRITION_OR_CACHEXIA
E42.,Marasmic kwashiorkor,MALNUTRITION_OR_CACHEXIA
E43.,Unspecified severe protein-energy malnutrition,MALNUTRITION_OR_CACHEXIA
E44.0,Moderate protein-energy malnutrition,MALNUTRITION_OR_CACHEXIA
E44.1,Mild protein-energy malnutrition,MALNUTRITION_OR_CACHEXIA
E45.,Retarded development following protein-energy malnutrition,MALNUTRITION_OR_CACHEXIA
E46.,Unspecified protein-energy malnutrition,MALNUTRITION_OR_CACHEXIA
E64.0,Sequelae of protein-energy malnutrition,MALNUTRITION_OR_CACHEXIA
E50.0,Vitamin A deficiency with conjunctival xerosis,AVITAMINOSIS
E50.1,Vitamin A deficiency with Bitot's spot and conjunctival xerosis,AVITAMINOSIS
E50.2,Vitamin A deficiency with corneal xerosis,AVITAMINOSIS
E50.3,Vitamin A deficiency with corneal ulceration and xerosis,AVITAMINOSIS
E50.4,Vitamin A deficiency with keratomalacia,AVITAMINOSIS
E50.5,Vitamin A deficiency with night blindness,AVITAMINOSIS
E50.6,Vitamin A deficiency with xerophthalmic scars of cornea,AVITAMINOSIS
E50.7,Other ocular manifestations of vitamin A deficiency,AVITAMINOSIS
E50.8,Other manifestations of vitamin A deficiency,AVITAMINOSIS
E50.9,"Vitamin A deficiency, unspecified",AVITAMINOSIS
E51.1,Beriberi,AVITAMINOSIS
E51.2,Wernicke's encephalopathy,AVITAMINOSIS
E51.8,Other manifestations of thiamine deficiency,AVITAMINOSIS
E51.9,"Thiamine deficiency, unspecified",AVITAMINOSIS
E52.,Niacin deficiency [pellagra],AVITAMINOSIS
E53.0,Riboflavin deficiency,AVITAMINOSIS
E53.1,Pyridoxine deficiency,AVITAMINOSIS
E53.8,Deficiency of other specified B group vitamins,AVITAMINOSIS
E53.9,"Vitamin B deficiency, unspecified",AVITAMINOSIS
E54.,Ascorbic acid deficiency,AVITAMINOSIS
E55.0,"Rickets, active",AVITAMINOSIS
E55.9,"Vitamin D deficiency, unspecified",AVITAMINOSIS
E56.0,Deficiency of vitamin E,AVITAMINOSIS
E56.1,Deficiency of vitamin K,AVITAMINOSIS
E56.8,Deficiency of other vitamins,AVITAMINOSIS
E56.9,"Vitamin deficiency, unspecified",AVITAMINOSIS
E58.,Dietary calcium deficiency,AVITAMINOSIS
E59.,Dietary selenium deficiency,AVITAMINOSIS
E60.,Dietary zinc deficiency,AVITAMINOSIS
E61.0,Copper deficiency,AVITAMINOSIS
E61.1,Iron deficiency,AVITAMINOSIS
E61.2,Magnesium deficiency,AVITAMINOSIS
E61.3,Manganese deficiency,AVITAMINOSIS
E61.4,Chromium deficiency,AVITAMINOSIS
E61.5,Molybdenum deficiency,AVITAMINOSIS
E61.6,Vanadium deficiency,AVITAMINOSIS
E61.7,Deficiency of multiple nutrient elements,AVITAMINOSIS
E61.8,Deficiency of other specified nutrient elements,AVITAMINOSIS
E61.9,"Deficiency of nutrient element, unspecified",AVITAMINOSIS
E63.0,Essential fatty acid [EFA] deficiency,AVITAMINOSIS
E63.1,Imbalance of constituents of food intake,AVITAMINOSIS
E63.8,Other specified nutritional deficiencies,AVITAMINOSIS
E63.9,"Nutritional deficiency, unspecified",AVITAMINOSIS
E64.1,Sequelae of vitamin A deficiency,AVITAMINOSIS
E64.2,Sequelae of vitamin C deficiency,AVITAMINOSIS
E64.3,Sequelae of rickets,AVITAMINOSIS
E64.8,Sequelae of other nutritional deficiencies,AVITAMINOSIS
E64.9,Sequelae of unspecified nutritional deficiency,AVITAMINOSIS
M83.00,"Puerperal osteomalacia, multiple sites",AVITAMINOSIS
M83.01,"Puerperal osteomalacia, shoulder region",AVITAMINOSIS
M83.02,"Puerperal osteomalacia, upper arm",AVITAMINOSIS
M83.03,"Puerperal osteomalacia, forearm",AVITAMINOSIS
M83.04,"Puerperal osteomalacia, hand",AVITAMINOSIS
M83.05,"Puerperal osteomalacia, pelvic region and thigh",AVITAMINOSIS
M83.06,"Puerperal osteomalacia, lower leg",AVITAMINOSIS
M83.07,"Puerperal osteomalacia, ankle and foot",AVITAMINOSIS
M83.08,"Puerperal osteomalacia, other site",AVITAMINOSIS
M83.09,"Puerperal osteomalacia, site unspecified",AVITAMINOSIS
M83.10,"Senile osteomalacia, multiple sites",AVITAMINOSIS
M83.11,"Senile osteomalacia, shoulder region",AVITAMINOSIS
M83.12,"Senile osteomalacia, upper arm",AVITAMINOSIS
M83.13,"Senile osteomalacia, forearm",AVITAMINOSIS
M83.14,"Senile osteomalacia, hand",AVITAMINOSIS
M83.15,"Senile osteomalacia, pelvic region and thigh",AVITAMINOSIS
M83.16,"Senile osteomalacia, lower leg",AVITAMINOSIS
M83.17,"Senile osteomalacia, ankle and foot",AVITAMINOSIS
M83.18,"Senile osteomalacia, other site",AVITAMINOSIS
M83.19,"Senile osteomalacia, site unspecified",AVITAMINOSIS
M83.20,"Adult osteomalacia due to malabsorption, multiple sites",AVITAMINOSIS
M83.21,"Adult osteomalacia due to malabsorption, shoulder region",AVITAMINOSIS
M83.22,"Adult osteomalacia due to malabsorption, upper arm",AVITAMINOSIS
M83.23,"Adult osteomalacia due to malabsorption, forearm",AVITAMINOSIS
M83.24,"Adult osteomalacia due to malabsorption, hand",AVITAMINOSIS
M83.25,"Adult osteomalacia due to malabsorption, pelvic region and thigh",AVITAMINOSIS
M83.26,"Adult osteomalacia due to malabsorption, lower leg",AVITAMINOSIS
M83.27,"Adult osteomalacia due to malabsorption, ankle and foot",AVITAMINOSIS
M83.28,"Adult osteomalacia due to malabsorption, other site",AVITAMINOSIS
M83.29,"Adult osteomalacia due to malabsorption, site unspecified",AVITAMINOSIS
M83.30,"Adult osteomalacia due to malnutrition, multiple sites",AVITAMINOSIS
M83.31,"Adult osteomalacia due to malnutrition, shoulder region",AVITAMINOSIS
M83.32,"Adult osteomalacia due to malnutrition, upper arm",AVITAMINOSIS
M83.33,"Adult osteomalacia due to malnutrition, forearm",AVITAMINOSIS
M83.34,"Adult osteomalacia due to malnutrition, hand",AVITAMINOSIS
M83.35,"Adult osteomalacia due to malnutrition, pelvic region and thigh",AVITAMINOSIS
M83.36,"Adult osteomalacia due to malnutrition, lower leg",AVITAMINOSIS
M83.37,"Adult osteomalacia due to malnutrition, ankle and foot",AVITAMINOSIS
M83.38,"Adult osteomalacia due to malnutrition, other site",AVITAMINOSIS
M83.39,"Adult osteomalacia due to malnutrition, site unspecified",AVITAMINOSIS
M83.40,"Aluminium bone disease, multiple sites",AVITAMINOSIS
M83.41,"Aluminium bone disease, shoulder region",AVITAMINOSIS
M83.42,"Aluminium bone disease, upper arm",AVITAMINOSIS
M83.43,"Aluminium bone disease, forearm",AVITAMINOSIS
M83.44,"Aluminium bone disease, hand",AVITAMINOSIS
M83.45,"Aluminium bone disease, pelvic region and thigh",AVITAMINOSIS
M83.46,"Aluminium bone disease, lower leg",AVITAMINOSIS
M83.47,"Aluminium bone disease, ankle and foot",AVITAMINOSIS
M83.48,"Aluminium bone disease, other site",AVITAMINOSIS
M83.49,"Aluminium bone disease, site unspecified",AVITAMINOSIS
M83.50,"Other drug-induced osteomalacia in adults, multiple sites",AVITAMINOSIS
M83.51,"Other drug-induced osteomalacia in adults, shoulder region",AVITAMINOSIS
M83.52,"Other drug-induced osteomalacia in adults, upper arm",AVITAMINOSIS
M83.53,"Other drug-induced osteomalacia in adults, forearm",AVITAMINOSIS
M83.54,"Other drug-induced osteomalacia in adults, hand",AVITAMINOSIS
M83.55,"Other drug-induced osteomalacia in adults, pelvic region and thigh",AVITAMINOSIS
M83.56,"Other drug-induced osteomalacia in adults, lower leg",AVITAMINOSIS
M83.57,"Other drug-induced osteomalacia in adults, ankle and foot",AVITAMINOSIS
M83.58,"Other drug-induced osteomalacia in adults, other site",AVITAMINOSIS
M83.59,"Other drug-induced osteomalacia in adults, site unspecified",AVITAMINOSIS
M83.80,"Other adult osteomalacia, multiple sites",AVITAMINOSIS
M83.81,"Other adult osteomalacia, shoulder region",AVITAMINOSIS
M83.82,"Other adult osteomalacia, upper arm",AVITAMINOSIS
M83.83,"Other adult osteomalacia, forearm",AVITAMINOSIS
M83.84,"Other adult osteomalacia, hand",AVITAMINOSIS
M83.85,"Other adult osteomalacia, pelvic region and thigh",AVITAMINOSIS
M83.86,"Other adult osteomalacia, lower leg",AVITAMINOSIS
M83.87,"Other adult osteomalacia, ankle and foot",AVITAMINOSIS
M83.88,"Other adult osteomalacia, other site",AVITAMINOSIS
M83.89,"Other adult osteomalacia, site unspecified",AVITAMINOSIS
M83.90,"Unspecified adult osteomalacia, multiple sites",AVITAMINOSIS
M83.91,"Unspecified adult osteomalacia, shoulder region",AVITAMINOSIS
M83.92,"Unspecified adult osteomalacia, upper arm",AVITAMINOSIS
M83.93,"Unspecified adult osteomalacia, forearm",AVITAMINOSIS
M83.94,"Unspecified adult osteomalacia, hand",AVITAMINOSIS
M83.95,"Unspecified adult osteomalacia, pelvic region and thigh",AVITAMINOSIS
M83.96,"Unspecified adult osteomalacia, lower leg",AVITAMINOSIS
M83.97,"Unspecified adult osteomalacia, ankle and foot",AVITAMINOSIS
M83.98,"Unspecified adult osteomalacia, other site",AVITAMINOSIS
M83.99,"Unspecified adult osteomalacia, site unspecified",AVITAMINOSIS
M10.00,"Idiopathic gout, multiple sites",GOUT
M10.01,"Idiopathic gout, shoulder region",GOUT
M10.02,"Idiopathic gout, upper arm",GOUT
M10.03,"Idiopathic gout, forearm",GOUT
M10.04,"Idiopathic gout, hand",GOUT
M10.05,"Idiopathic gout, pelvic region and thigh",GOUT
M10.06,"Idiopathic gout, lower leg",GOUT
M10.07,"Idiopathic gout, ankle and foot",GOUT
M10.08,"Idiopathic gout, other site",GOUT
M10.09,"Idiopathic gout, site unspecified",GOUT
M10.10,"Lead-induced gout, multiple sites",GOUT
M10.11,"Lead-induced gout, shoulder region",GOUT
M10.12,"Lead-induced gout, upper arm",GOUT
M10.13,"Lead-induced gout, forearm",GOUT
M10.14,"Lead-induced gout, hand",GOUT
M10.15,"Lead-induced gout, pelvic region and thigh",GOUT
M10.16,"Lead-induced gout, lower leg",GOUT
M10.17,"Lead-induced gout, ankle and foot",GOUT
M10.18,"Lead-induced gout, other site",GOUT
M10.19,"Lead-induced gout, site unspecified",GOUT
M10.20,"Drug-induced gout, multiple sites",GOUT
M10.21,"Drug-induced gout, shoulder region",GOUT
M10.22,"Drug-induced gout, upper arm",GOUT
M10.23,"Drug-induced gout, forearm",GOUT
M10.24,"Drug-induced gout, hand",GOUT
M10.25,"Drug-induced gout, pelvic region and thigh",GOUT
M10.26,"Drug-induced gout, lower leg",GOUT
M10.27,"Drug-induced gout, ankle and foot",GOUT
M10.28,"Drug-induced gout, other site",GOUT
M10.29,"Drug-induced gout, site unspecified",GOUT
M10.30,"Gout due to impairment of renal function, multiple sites",GOUT
M10.31,"Gout due to impairment of renal function, shoulder region",GOUT
M10.32,"Gout due to impairment of renal function, upper arm",GOUT
M10.33,"Gout due to impairment of renal function, forearm",GOUT
M10.34,"Gout due to impairment of renal function, hand",GOUT
M10.35,"Gout due to impairment of renal function, pelvic region and thigh",GOUT
M10.36,"Gout due to impairment of renal function, lower leg",GOUT
M10.37,"Gout due to impairment of renal function, ankle and foot",GOUT
M10.38,"Gout due to impairment of renal function, other site",GOUT
M10.39,"Gout due to impairment of renal function, site unspecified",GOUT
M10.40,"Other secondary gout, multiple sites",GOUT
M10.41,"Other secondary gout, shoulder region",GOUT
M10.42,"Other secondary gout, upper arm",GOUT
M10.43,"Other secondary gout, forearm",GOUT
M10.44,"Other secondary gout, hand",GOUT
M10.45,"Other secondary gout, pelvic region and thigh",GOUT
M10.46,"Other secondary gout, lower leg",GOUT
M10.47,"Other secondary gout, ankle and foot",GOUT
M10.48,"Other secondary gout, other site",GOUT
M10.49,"Other secondary gout, site unspecified",GOUT
M10.90,"Gout, unspecified, multiple sites",GOUT
M10.91,"Gout, unspecified, shoulder region",GOUT
M10.92,"Gout, unspecified, upper arm",GOUT
M10.93,"Gout, unspecified, forearm",GOUT
M10.94,"Gout, unspecified, hand",GOUT
M10.95,"Gout, unspecified, pelvic region and thigh",GOUT
M10.96,"Gout, unspecified, lower leg",GOUT
M10.97,"Gout, unspecified, ankle and foot",GOUT
M10.98,"Gout, unspecified, other site",GOUT
M10.99,"Gout, unspecified, site unspecified",GOUT
M14.0,Gouty arthropathy due to enzyme defects and other inherited disorders,GOUT
E86.,Volume depletion,FLUID_OR_ELECTROLYTE_DISORDERS
E87.0,Hyperosmolality and hypernatraemia,FLUID_OR_ELECTROLYTE_DISORDERS
E87.1,Hypo-osmolality and hyponatraemia,FLUID_OR_ELECTROLYTE_DISORDERS
E87.2,Acidosis,FLUID_OR_ELECTROLYTE_DISORDERS
E87.3,Alkalosis,FLUID_OR_ELECTROLYTE_DISORDERS
E87.4,Mixed disorder of acid-base balance,FLUID_OR_ELECTROLYTE_DISORDERS
E87.5,Hyperkalaemia,FLUID_OR_ELECTROLYTE_DISORDERS
E87.6,Hypokalaemia,FLUID_OR_ELECTROLYTE_DISORDERS
E87.7,Fluid overload,FLUID_OR_ELECTROLYTE_DISORDERS
E87.8,"Other disorders of electrolyte and fluid balance, not elsewhere classified",FLUID_OR_ELECTROLYTE_DISORDERS
E66.0,Obesity due to excess calories,OBESITY
E66.1,Drug-induced obesity,OBESITY
E66.2,Obesity with alveolar hypoventilation,OBESITY
E66.8,Other obesity,OBESITY
E66.9,"Obesity, not elsewhere classified",OBESITY
C88.0,Waldenstrom macroglobulinaemia,OTHER_METABOLIC_DISORDERS
C88.00,"Waldenstrom macroglobulinaemia, without mention of remission",OTHER_METABOLIC_DISORDERS
C88.01,"Waldenstrom macroglobulinaemia, in remission",OTHER_METABOLIC_DISORDERS
C88.10,"Alpha heavy chain disease, without mention of remission",OTHER_METABOLIC_DISORDERS
C88.11,"Alpha heavy chain disease, in remission",OTHER_METABOLIC_DISORDERS
C88.20,"Other heavy chain disease, without mention of remission",OTHER_METABOLIC_DISORDERS
C88.21,"Other heavy chain disease, in remission",OTHER_METABOLIC_DISORDERS
D47.2,Monoclonal gammopathy of undetermined significance (MGUS),OTHER_METABOLIC_DISORDERS
D76.0,"Langerhans' cell histiocytosis, not elsewhere classified",OTHER_METABOLIC_DISORDERS
D76.1,Haemophagocytic lymphohistiocytosis,OTHER_METABOLIC_DISORDERS
D76.2,"Haemophagocytic syndrome, infection-associated",OTHER_METABOLIC_DISORDERS
D76.3,Other histiocytosis syndromes,OTHER_METABOLIC_DISORDERS
D81.3,Adenosine deaminase [ADA] deficiency,OTHER_METABOLIC_DISORDERS
D81.5,Purine nucleoside phosphorylase [PNP] deficiency,OTHER_METABOLIC_DISORDERS
D89.0,Polyclonal hypergammaglobulinaemia,OTHER_METABOLIC_DISORDERS
D89.1,Cryoglobulinaemia,OTHER_METABOLIC_DISORDERS
E20.0,Idiopathic hypoparathyroidism,OTHER_METABOLIC_DISORDERS
E20.1,Pseudohypoparathyroidism,OTHER_METABOLIC_DISORDERS
E20.8,Other hypoparathyroidism,OTHER_METABOLIC_DISORDERS
E65.,Localised adiposity,OTHER_METABOLIC_DISORDERS
E67.0,Hypervitaminosis A,OTHER_METABOLIC_DISORDERS
E67.1,Hypercarotenaemia,OTHER_METABOLIC_DISORDERS
E67.2,Megavitamin-B6 syndrome,OTHER_METABOLIC_DISORDERS
E67.3,Hypervitaminosis D,OTHER_METABOLIC_DISORDERS
E67.8,Other specified hyperalimentation,OTHER_METABOLIC_DISORDERS
E68.,Sequelae of hyperalimentation,OTHER_METABOLIC_DISORDERS
E70.0,Classical phenylketonuria,OTHER_METABOLIC_DISORDERS
E70.1,Other hyperphenylalaninaemias,OTHER_METABOLIC_DISORDERS
E70.2,Disorders of tyrosine metabolism,OTHER_METABOLIC_DISORDERS
E70.3,Albinism,OTHER_METABOLIC_DISORDERS
E70.8,Other disorders of aromatic amino-acid metabolism,OTHER_METABOLIC_DISORDERS
E70.9,"Disorder of aromatic amino-acid metabolism, unspecified",OTHER_METABOLIC_DISORDERS
E71.0,Maple-syrup-urine disease,OTHER_METABOLIC_DISORDERS
E71.1,Other disorders of branched-chain amino-acid metabolism,OTHER_METABOLIC_DISORDERS
E71.2,"Disorder of branched-chain amino-acid metabolism, unspecified",OTHER_METABOLIC_DISORDERS
E71.3,Disorders of fatty-acid metabolism,OTHER_METABOLIC_DISORDERS
E72.0,Disorders of amino-acid transport,OTHER_METABOLIC_DISORDERS
E72.1,Disorders of sulfur-bearing amino-acid metabolism,OTHER_METABOLIC_DISORDERS
E72.2,Disorders of urea cycle metabolism,OTHER_METABOLIC_DISORDERS
E72.3,Disorders of lysine and hydroxylysine metabolism,OTHER_METABOLIC_DISORDERS
E72.4,Disorders of ornithine metabolism,OTHER_METABOLIC_DISORDERS
E72.5,Disorders of glycine metabolism,OTHER_METABOLIC_DISORDERS
E72.8,Other specified disorders of amino-acid metabolism,OTHER_METABOLIC_DISORDERS
E72.9,"Disorder of amino-acid metabolism, unspecified",OTHER_METABOLIC_DISORDERS
E73.0,Congenital lactase deficiency,OTHER_METABOLIC_DISORDERS
E73.1,Secondary lactase deficiency,OTHER_METABOLIC_DISORDERS
E73.8,Other lactose intolerance,OTHER_METABOLIC_DISORDERS
E73.9,"Lactose intolerance, unspecified",OTHER_METABOLIC_DISORDERS
E74.0,Glycogen storage disease,OTHER_METABOLIC_DISORDERS
E74.1,Disorders of fructose metabolism,OTHER_METABOLIC_DISORDERS
E74.2,Disorders of galactose metabolism,OTHER_METABOLIC_DISORDERS
E74.3,Other disorders of intestinal carbohydrate absorption,OTHER_METABOLIC_DISORDERS
E74.4,Disorders of pyruvate metabolism and gluconeogenesis,OTHER_METABOLIC_DISORDERS
E74.8,Other specified disorders of carbohydrate metabolism,OTHER_METABOLIC_DISORDERS
E74.9,"Disorder of carbohydrate metabolism, unspecified",OTHER_METABOLIC_DISORDERS
E75.3,"Sphingolipidosis, unspecified",OTHER_METABOLIC_DISORDERS
E75.5,Other lipid storage disorders,OTHER_METABOLIC_DISORDERS
E75.6,"Lipid storage disorder, unspecified",OTHER_METABOLIC_DISORDERS
E76.0,"Mucopolysaccharidosis, type I",OTHER_METABOLIC_DISORDERS
E76.1,"Mucopolysaccharidosis, type II",OTHER_METABOLIC_DISORDERS
E76.2,Other mucopolysaccharidoses,OTHER_METABOLIC_DISORDERS
E76.3,"Mucopolysaccharidosis, unspecified",OTHER_METABOLIC_DISORDERS
E76.8,Other disorders of glucosaminoglycan metabolism,OTHER_METABOLIC_DISORDERS
E76.9,"Disorder of glucosaminoglycan metabolism, unspecified",OTHER_METABOLIC_DISORDERS
E77.0,Defects in post-translational modification of lysosomal enzymes,OTHER_METABOLIC_DISORDERS
E77.1,Defects in glycoprotein degradation,OTHER_METABOLIC_DISORDERS
E77.8,Other disorders of glycoprotein metabolism,OTHER_METABOLIC_DISORDERS
E77.9,"Disorder of glycoprotein metabolism, unspecified",OTHER_METABOLIC_DISORDERS
E78.0,Pure hypercholesterolaemia,OTHER_METABOLIC_DISORDERS
E78.1,Pure hyperglyceridaemia,OTHER_METABOLIC_DISORDERS
E78.2,Mixed hyperlipidaemia,OTHER_METABOLIC_DISORDERS
E78.3,Hyperchylomicronaemia,OTHER_METABOLIC_DISORDERS
E78.4,Other hyperlipidaemia,OTHER_METABOLIC_DISORDERS
E78.5,"Hyperlipidaemia, unspecified",OTHER_METABOLIC_DISORDERS
E78.6,Lipoprotein deficiency,OTHER_METABOLIC_DISORDERS
E78.8,Other disorders of lipoprotein metabolism,OTHER_METABOLIC_DISORDERS
E78.9,"Disorder of lipoprotein metabolism, unspecified",OTHER_METABOLIC_DISORDERS
E79.0,Hyperuricaemia without signs of inflammatory arthritis and tophaceous disease,OTHER_METABOLIC_DISORDERS
E79.1,Lesch-Nyhan syndrome,OTHER_METABOLIC_DISORDERS
E79.8,Other disorders of purine and pyrimidine metabolism,OTHER_METABOLIC_DISORDERS
E79.9,"Disorder of purine and pyrimidine metabolism, unspecified",OTHER_METABOLIC_DISORDERS
E80.0,Hereditary erythropoietic porphyria,OTHER_METABOLIC_DISORDERS
E80.1,Porphyria cutanea tarda,OTHER_METABOLIC_DISORDERS
E80.2,Other porphyria,OTHER_METABOLIC_DISORDERS
E80.3,Defects of catalase and peroxidase,OTHER_METABOLIC_DISORDERS
E80.4,Gilbert's syndrome,OTHER_METABOLIC_DISORDERS
E80.5,Crigler-Najjar syndrome,OTHER_METABOLIC_DISORDERS
E80.6,Other disorders of bilirubin metabolism,OTHER_METABOLIC_DISORDERS
E80.7,"Disorder of bilirubin metabolism, unspecified",OTHER_METABOLIC_DISORDERS
E83.0,Disorders of copper metabolism,OTHER_METABOLIC_DISORDERS
E83.1,Disorders of iron metabolism,OTHER_METABOLIC_DISORDERS
E83.2,Disorders of zinc metabolism,OTHER_METABOLIC_DISORDERS
E83.3,Disorders of phosphorus metabolism and phosphatases,OTHER_METABOLIC_DISORDERS
E83.4,Disorders of magnesium metabolism,OTHER_METABOLIC_DISORDERS
E83.5,Disorders of calcium metabolism,OTHER_METABOLIC_DISORDERS
E83.8,Other disorders of mineral metabolism,OTHER_METABOLIC_DISORDERS
E83.9,"Disorder of mineral metabolism, unspecified",OTHER_METABOLIC_DISORDERS
E84.,Cystic fibrosis,OTHER_METABOLIC_DISORDERS
E84.0,Cystic fibrosis with pulmonary manifestations,OTHER_METABOLIC_DISORDERS
E84.1,Cystic fibrosis with intestinal manifestations,OTHER_METABOLIC_DISORDERS
E84.8,Cystic fibrosis with other manifestations,OTHER_METABOLIC_DISORDERS
E84.9,"Cystic fibrosis, unspecified",OTHER_METABOLIC_DISORDERS
E85.0,Non-neuropathic heredofamilial amyloidosis,OTHER_METABOLIC_DISORDERS
E85.1,Neuropathic heredofamilial amyloidosis,OTHER_METABOLIC_DISORDERS
E85.2,"Heredofamilial amyloidosis, unspecified",OTHER_METABOLIC_DISORDERS
E85.3,Secondary systemic amyloidosis,OTHER_METABOLIC_DISORDERS
E85.4,Organ-limited amyloidosis,OTHER_METABOLIC_DISORDERS
E85.8,Other amyloidosis,OTHER_METABOLIC_DISORDERS
E85.9,"Amyloidosis, unspecified",OTHER_METABOLIC_DISORDERS
E88.0,"Disorders of plasma-protein metabolism, not elsewhere classified",OTHER_METABOLIC_DISORDERS
E88.1,"Lipodystrophy, not elsewhere classified",OTHER_METABOLIC_DISORDERS
E88.2,"Lipomatosis, not elsewhere classified",OTHER_METABOLIC_DISORDERS
E88.8,Other specified metabolic disorders,OTHER_METABOLIC_DISORDERS
E88.9,"Metabolic disorder, unspecified",OTHER_METABOLIC_DISORDERS
E90.,Nutritional and metabolic disorders in diseases classified elsewhere,OTHER_METABOLIC_DISORDERS
M14.1,Crystal arthropathy in other metabolic disorders,OTHER_METABOLIC_DISORDERS
M14.3,Lipoid dermatoarthritis (E78.8+),OTHER_METABOLIC_DISORDERS
M14.4,Arthropathy in amyloidosis (E85.-+),OTHER_METABOLIC_DISORDERS
M14.5,"Arthropathies in other endocrine, nutritional and metabolic disorders",OTHER_METABOLIC_DISORDERS
M14.6,Neuropathic arthropathy,OTHER_METABOLIC_DISORDERS
R77.0,Abnormality of albumin,OTHER_METABOLIC_DISORDERS
R77.1,Abnormality of globulin,OTHER_METABOLIC_DISORDERS
R77.2,Abnormality of alpha-fetoprotein,OTHER_METABOLIC_DISORDERS
R77.8,Other specified abnormalities of plasma proteins,OTHER_METABOLIC_DISORDERS
R77.9,"Abnormality of plasma protein, unspecified",OTHER_METABOLIC_DISORDERS
D80.0,Hereditary hypogammaglobulinaemia,IMMUNE_SYSTEM_DISORDERS
D80.1,Nonfamilial hypogammaglobulinaemia,IMMUNE_SYSTEM_DISORDERS
D80.2,Selective deficiency of immunoglobulin A [IgA],IMMUNE_SYSTEM_DISORDERS
D80.3,Selective deficiency of immunoglobulin G [IgG] subclasses,IMMUNE_SYSTEM_DISORDERS
D80.4,Selective deficiency of immunoglobulin M [IgM],IMMUNE_SYSTEM_DISORDERS
D80.5,Immunodeficiency with increased immunoglobulin M [IgM],IMMUNE_SYSTEM_DISORDERS
D80.6,Antibody deficiency with near-normal immunoglobulins or with hyperimmunoglobulinaemia,IMMUNE_SYSTEM_DISORDERS
D80.7,Transient hypogammaglobulinaemia of infancy,IMMUNE_SYSTEM_DISORDERS
D80.8,Other immunodeficiencies with predominantly antibody defects,IMMUNE_SYSTEM_DISORDERS
D80.9,"Immunodeficiency with predominantly antibody defects, unspecified",IMMUNE_SYSTEM_DISORDERS
D81.0,Severe combined immunodeficiency [SCID] with reticular dysgenesis,IMMUNE_SYSTEM_DISORDERS
D81.1,Severe combined immunodeficiency [SCID] with low T- and B-cell numbers,IMMUNE_SYSTEM_DISORDERS
D81.2,Severe combined immunodeficiency [SCID] with low or normal B-cell numbers,IMMUNE_SYSTEM_DISORDERS
D81.4,Nezelof's syndrome,IMMUNE_SYSTEM_DISORDERS
D81.6,Major histocompatibility complex class I deficiency,IMMUNE_SYSTEM_DISORDERS
D81.7,Major histocompatibility complex class II deficiency,IMMUNE_SYSTEM_DISORDERS
D81.8,Other combined immunodeficiencies,IMMUNE_SYSTEM_DISORDERS
D81.9,"Combined immunodeficiency, unspecified",IMMUNE_SYSTEM_DISORDERS
D82.0,Wiskott-Aldrich syndrome,IMMUNE_SYSTEM_DISORDERS
D82.1,Di George's syndrome,IMMUNE_SYSTEM_DISORDERS
D82.2,Immunodeficiency with short-limbed stature,IMMUNE_SYSTEM_DISORDERS
D82.3,Immunodeficiency following hereditary defective response to Epstein-Barr virus,IMMUNE_SYSTEM_DISORDERS
D82.4,Hyperimmunoglobulin E [IgE] syndrome,IMMUNE_SYSTEM_DISORDERS
D82.8,Immunodeficiency associated with other specified major defects,IMMUNE_SYSTEM_DISORDERS
D82.9,"Immunodeficiency associated with major defect, unspecified",IMMUNE_SYSTEM_DISORDERS
D83.0,Common variable immunodeficiency with predominant abnormalities of B-cell numbers and function,IMMUNE_SYSTEM_DISORDERS
D83.1,Common variable immunodeficiency with predominant immunoregulatory T-cell disorders,IMMUNE_SYSTEM_DISORDERS
D83.2,Common variable immunodeficiency with autoantibodies to B- or T-cells,IMMUNE_SYSTEM_DISORDERS
D83.8,Other common variable immunodeficiencies,IMMUNE_SYSTEM_DISORDERS
D83.9,"Common variable immunodeficiency, unspecified",IMMUNE_SYSTEM_DISORDERS
D84.0,Lymphocyte function antigen-1 [LFA-1] defect,IMMUNE_SYSTEM_DISORDERS
D84.1,Defects in the complement system,IMMUNE_SYSTEM_DISORDERS
D84.8,Other specified immunodeficiencies,IMMUNE_SYSTEM_DISORDERS
D84.9,"Immunodeficiency, unspecified",IMMUNE_SYSTEM_DISORDERS
D89.9,"Disorder involving the immune mechanism, unspecified",IMMUNE_SYSTEM_DISORDERS
D50.0,Iron deficiency anaemia secondary to blood loss (chronic),ANEMIAS
D50.1,Sideropenic dysphagia,ANEMIAS
D50.8,Other iron deficiency anaemias,ANEMIAS
D50.9,"Iron deficiency anaemia, unspecified",ANEMIAS
D51.0,Vitamin B12 deficiency anaemia due to intrinsic factor deficiency,ANEMIAS
D51.1,Vitamin B12 deficiency anaemia due to selective vitamin B12 malabsorption with proteinuria,ANEMIAS
D51.2,Transcobalamin II deficiency,ANEMIAS
D51.3,Other dietary vitamin B12 deficiency anaemia,ANEMIAS
D51.8,Other vitamin B12 deficiency anaemias,ANEMIAS
D51.9,"Vitamin B12 deficiency anaemia, unspecified",ANEMIAS
D52.0,Dietary folate deficiency anaemia,ANEMIAS
D52.1,Drug-induced folate deficiency anaemia,ANEMIAS
D52.8,Other folate deficiency anaemias,ANEMIAS
D52.9,"Folate deficiency anaemia, unspecified",ANEMIAS
D53.0,Protein deficiency anaemia,ANEMIAS
D53.1,"Other megaloblastic anaemias, not elsewhere classified",ANEMIAS
D53.2,Scorbutic anaemia,ANEMIAS
D53.8,Other specified nutritional anaemias,ANEMIAS
D53.9,"Nutritional anaemia, unspecified",ANEMIAS
D55.0,Anaemia due to glucose-6-phosphate dehydrogenase [G6PD] deficiency,ANEMIAS
D55.1,Anaemia due to other disorders of glutathione metabolism,ANEMIAS
D55.2,Anaemia due to disorders of glycolytic enzymes,ANEMIAS
D55.3,Anaemia due to disorders of nucleotide metabolism,ANEMIAS
D55.8,Other anaemias due to enzyme disorders,ANEMIAS
D55.9,"Anaemia due to enzyme disorder, unspecified",ANEMIAS
D56.0,Alpha thalassaemia,ANEMIAS
D56.1,Beta thalassaemia,ANEMIAS
D56.2,Deltabeta thalassaemia,ANEMIAS
D56.3,Thalassaemia trait,ANEMIAS
D56.4,Hereditary persistence of fetal haemoglobin [HPFH],ANEMIAS
D56.8,Other thalassaemias,ANEMIAS
D56.9,"Thalassaemia, unspecified",ANEMIAS
D57.0,Sickle-cell anaemia with crisis,ANEMIAS
D57.1,Sickle-cell anaemia without crisis,ANEMIAS
D57.2,Double heterozygous sickling disorders,ANEMIAS
D57.3,Sickle-cell trait,ANEMIAS
D57.8,Other sickle-cell disorders,ANEMIAS
D58.0,Hereditary spherocytosis,ANEMIAS
D58.1,Hereditary elliptocytosis,ANEMIAS
D58.2,Other haemoglobinopathies,ANEMIAS
D58.8,Other specified hereditary haemolytic anaemias,ANEMIAS
D58.9,"Hereditary haemolytic anaemia, unspecified",ANEMIAS
D59.0,Drug-induced autoimmune haemolytic anaemia,ANEMIAS
D59.1,Other autoimmune haemolytic anaemias,ANEMIAS
D59.2,Drug-induced nonautoimmune haemolytic anaemia,ANEMIAS
D59.3,Haemolytic-uraemic syndrome,ANEMIAS
D59.4,Other nonautoimmune haemolytic anaemias,ANEMIAS
D59.5,Paroxysmal nocturnal haemoglobinuria [Marchiafava-Micheli],ANEMIAS
D59.6,Haemoglobinuria due to haemolysis from other external causes,ANEMIAS
D59.8,Other acquired haemolytic anaemias,ANEMIAS
D59.9,"Acquired haemolytic anaemia, unspecified",ANEMIAS
D60.0,Chronic acquired pure red cell aplasia,ANEMIAS
D60.1,Transient acquired pure red cell aplasia,ANEMIAS
D60.8,Other acquired pure red cell aplasias,ANEMIAS
D60.9,"Acquired pure red cell aplasia, unspecified",ANEMIAS
D61.0,Constitutional aplastic anaemia,ANEMIAS
D61.1,Drug-induced aplastic anaemia,ANEMIAS
D61.2,Aplastic anaemia due to other external agents,ANEMIAS
D61.3,Idiopathic aplastic anaemia,ANEMIAS
D61.8,Other specified aplastic anaemias,ANEMIAS
D61.9,"Aplastic anaemia, unspecified",ANEMIAS
D62.,Acute posthaemorrhagic anaemia,ANEMIAS
D63.,Anaemia in chronic diseases classified elsewhere,ANEMIAS
D63.0,Anaemia in neoplastic disease,ANEMIAS
D63.8,Anaemia in other chronic diseases classified elsewhere,ANEMIAS
D64.0,Hereditary sideroblastic anaemia,ANEMIAS
D64.1,Secondary sideroblastic anaemia due to disease,ANEMIAS
D64.2,Secondary sideroblastic anaemia due to drugs and toxins,ANEMIAS
D64.3,Other sideroblastic anaemias,ANEMIAS
D64.4,Congenital dyserythropoietic anaemia,ANEMIAS
D64.8,Other specified anaemias,ANEMIAS
D64.9,"Anaemia, unspecified",ANEMIAS
D65.,Disseminated intravascular coagulation [defibrination syndrome],COAGULOPATHIES
D66.,Hereditary factor VIII deficiency,COAGULOPATHIES
D67.,Hereditary factor IX deficiency,COAGULOPATHIES
D68.0,Von Willebrand's disease,COAGULOPATHIES
D68.1,Hereditary factor XI deficiency,COAGULOPATHIES
D68.2,Hereditary deficiency of other clotting factors,COAGULOPATHIES
D68.3,Haemorrhagic disorder due to circulating anticoagulants,COAGULOPATHIES
D68.4,Acquired coagulation factor deficiency,COAGULOPATHIES
D68.8,Other specified coagulation defects,COAGULOPATHIES
D68.9,"Coagulation defect, unspecified",COAGULOPATHIES
D69.0,Allergic purpura,COAGULOPATHIES
D69.1,Qualitative platelet defects,COAGULOPATHIES
D69.2,Other nonthrombocytopenic purpura,COAGULOPATHIES
D69.3,Idiopathic thrombocytopenic purpura,COAGULOPATHIES
D69.4,Other primary thrombocytopenia,COAGULOPATHIES
D69.5,Secondary thrombocytopenia,COAGULOPATHIES
D69.6,"Thrombocytopenia, unspecified",COAGULOPATHIES
D69.8,Other specified haemorrhagic conditions,COAGULOPATHIES
D69.9,"Haemorrhagic condition, unspecified",COAGULOPATHIES
D77.,Other disorders of blood and blood-forming organs in diseases classified elsewhere,COAGULOPATHIES
R23.3,Spontaneous ecchymoses,COAGULOPATHIES
F00.0,Dementia in Alzheimer's disease with early onset (G30.0+),DEMENTIA_OR_SENILITY
F00.1,Dementia in Alzheimer's disease with late onset (G30.1+),DEMENTIA_OR_SENILITY
F00.2,"Dementia in Alzheimer's disease, atypical or mixed type (G30.8+)",DEMENTIA_OR_SENILITY
F00.9,"Dementia in Alzheimer's disease, unspecified (G30.9+)",DEMENTIA_OR_SENILITY
F01.0,Vascular dementia of acute onset,DEMENTIA_OR_SENILITY
F01.1,Multi-infarct dementia,DEMENTIA_OR_SENILITY
F01.2,Subcortical vascular dementia,DEMENTIA_OR_SENILITY
F01.3,Mixed cortical and subcortical vascular dementia,DEMENTIA_OR_SENILITY
F01.8,Other vascular dementia,DEMENTIA_OR_SENILITY
F01.9,"Vascular dementia, unspecified",DEMENTIA_OR_SENILITY
F02.0,Dementia in Pick's disease (G31.0+),DEMENTIA_OR_SENILITY
F02.1,Dementia in Creutzfeldt-Jakob disease (A81.0+),DEMENTIA_OR_SENILITY
F02.2,Dementia in Huntington's disease (G10+),DEMENTIA_OR_SENILITY
F02.3,Dementia in Parkinson's disease (G20+),DEMENTIA_OR_SENILITY
F02.4,Dementia in human immunodeficiency virus [HIV] disease (B22+),DEMENTIA_OR_SENILITY
F02.8,Dementia in other specified diseases classified elsewhere,DEMENTIA_OR_SENILITY
F03.,Unspecified dementia,DEMENTIA_OR_SENILITY
F05.1,Delirium superimposed on dementia,DEMENTIA_OR_SENILITY
G30.0,Alzheimer's disease with early onset,DEMENTIA_OR_SENILITY
G30.1,Alzheimer's disease with late onset,DEMENTIA_OR_SENILITY
G30.8,Other Alzheimer's disease,DEMENTIA_OR_SENILITY
G30.9,"Alzheimer's disease, unspecified",DEMENTIA_OR_SENILITY
G31.0,Circumscribed brain atrophy,DEMENTIA_OR_SENILITY
G31.1,"Senile degeneration of brain, not elsewhere classified",DEMENTIA_OR_SENILITY
G31.2,Degeneration of nervous system due to alcohol,DEMENTIA_OR_SENILITY
G31.3,Lewy body disease,DEMENTIA_OR_SENILITY
G31.8,Other specified degenerative diseases of nervous system,DEMENTIA_OR_SENILITY
G31.9,"Degenerative disease of nervous system, unspecified",DEMENTIA_OR_SENILITY
R54.,Senility,DEMENTIA_OR_SENILITY
F10.0,"Mental and behavioural disorders due to use of alcohol, acute intoxication",ALCOHOLISM
F10.1,"Mental and behavioural disorders due to use of alcohol, harmful use",ALCOHOLISM
F10.2,"Mental and behavioural disorders due to use of alcohol, dependence syndrome",ALCOHOLISM
F10.3,"Mental and behavioural disorders due to use of alcohol, withdrawal state",ALCOHOLISM
F10.4,"Mental and behavioural disorders due to use of alcohol, withdrawal state with delirium",ALCOHOLISM
F10.5,"Mental and behavioural disorders due to use of alcohol, psychotic disorder",ALCOHOLISM
F10.6,"Mental and behavioural disorders due to use of alcohol, amnesic syndrome",ALCOHOLISM
F10.7,"Mental and behavioural disorders due to use of alcohol, residual and late-onset psychotic disorder",ALCOHOLISM
F10.8,"Mental and behavioural disorders due to use of alcohol, other mental and behavioural disorders",ALCOHOLISM
F10.9,"Mental and behavioural disorders due to use of alcohol, unspecified mental and behavioural disorder",ALCOHOLISM
F11.0,"Mental and behavioural disorders due to use of opioids, acute intoxication",ILLICIT_DRUG_USE
F11.1,"Mental and behavioural disorders due to use of opioids, harmful use",ILLICIT_DRUG_USE
F11.2,"Mental and behavioural disorders due to use of opioids, dependence syndrome",ILLICIT_DRUG_USE
F11.3,"Mental and behavioural disorders due to use of opioids, withdrawal state",ILLICIT_DRUG_USE
F11.4,"Mental and behavioural disorders due to use of opioids, withdrawal state with delirium",ILLICIT_DRUG_USE
F11.5,"Mental and behavioural disorders due to use of opioids, psychotic disorder",ILLICIT_DRUG_USE
F11.6,"Mental and behavioural disorders due to use of opioids, amnesic syndrome",ILLICIT_DRUG_USE
F11.7,"Mental and behavioural disorders due to use of opioids, residual and late-onset psychotic disorder",ILLICIT_DRUG_USE
F11.8,"Mental and behavioural disorders due to use of opioids, other mental and behavioural disorders",ILLICIT_DRUG_USE
F11.9,"Mental and behavioural disorders due to use of opioids, unspecified mental and behavioural disorder",ILLICIT_DRUG_USE
F12.0,"Mental and behavioural disorders due to use of cannabinoids, acute intoxication",ILLICIT_DRUG_USE
F12.1,"Mental and behavioural disorders due to use of cannabinoids, harmful use",ILLICIT_DRUG_USE
F12.2,"Mental and behavioural disorders due to use of cannabinoids, dependence syndrome",ILLICIT_DRUG_USE
F12.3,"Mental and behavioural disorders due to use of cannabinoids, withdrawal state",ILLICIT_DRUG_USE
F12.4,"Mental and behavioural disorders due to use of cannabinoids, withdrawal state with delirium",ILLICIT_DRUG_USE
F12.5,"Mental and behavioural disorders due to use of cannabinoids, psychotic disorder",ILLICIT_DRUG_USE
F12.6,"Mental and behavioural disorders due to use of cannabinoids, amnesic syndrome",ILLICIT_DRUG_USE
F12.7,"Mental and behavioural disorders due to use of cannabinoids, residual and late-onset psychotic disorder",ILLICIT_DRUG_USE
F12.8,"Mental and behavioural disorders due to use of cannabinoids, other mental and behavioural disorders",ILLICIT_DRUG_USE
F12.9,"Mental and behavioural disorders due to use of cannabinoids, unspecified mental and behavioural disorder",ILLICIT_DRUG_USE
F13.0,"Mental and behavioural disorders due to use of sedatives or hypnotics, acute intoxication",ILLICIT_DRUG_USE
F13.1,"Mental and behavioural disorders due to use of sedatives or hypnotics, harmful use",ILLICIT_DRUG_USE
F13.2,"Mental and behavioural disorders due to use of sedatives or hypnotics, dependence syndrome",ILLICIT_DRUG_USE
F13.3,"Mental and behavioural disorders due to use of sedatives or hypnotics, withdrawal state",ILLICIT_DRUG_USE
F13.4,"Mental and behavioural disorders due to use of sedatives or hypnotics, withdrawal state with delirium",ILLICIT_DRUG_USE
F13.5,"Mental and behavioural disorders due to use of sedatives or hypnotics, psychotic disorder",ILLICIT_DRUG_USE
F13.6,"Mental and behavioural disorders due to use of sedatives or hypnotics, amnesic syndrome",ILLICIT_DRUG_USE
F13.7,"Mental and behavioural disorders due to use of sedatives or hypnotics, residual and late-onset psychotic disorder",ILLICIT_DRUG_USE
F13.8,"Mental and behavioural disorders due to use of sedatives or hypnotics, other mental and behavioural disorders",ILLICIT_DRUG_USE
F13.9,"Mental and behavioural disorders due to use of sedatives or hypnotics, unspecified mental and behavioural disorder",ILLICIT_DRUG_USE
F14.0,"Mental and behavioural disorders due to use of cocaine, acute intoxication",ILLICIT_DRUG_USE
F14.1,"Mental and behavioural disorders due to use of cocaine, harmful use",ILLICIT_DRUG_USE
F14.2,"Mental and behavioural disorders due to use of cocaine, dependence syndrome",ILLICIT_DRUG_USE
F14.3,"Mental and behavioural disorders due to use of cocaine, withdrawal state",ILLICIT_DRUG_USE
F14.4,"Mental and behavioural disorders due to use of cocaine, withdrawal state with delirium",ILLICIT_DRUG_USE
F14.5,"Mental and behavioural disorders due to use of cocaine, psychotic disorder",ILLICIT_DRUG_USE
F14.6,"Mental and behavioural disorders due to use of cocaine, amnesic syndrome",ILLICIT_DRUG_USE
F14.7,"Mental and behavioural disorders due to use of cocaine, residual and late-onset psychotic disorder",ILLICIT_DRUG_USE
F14.8,"Mental and behavioural disorders due to use of cocaine, other mental and behavioural disorders",ILLICIT_DRUG_USE
F14.9,"Mental and behavioural disorders due to use of cocaine, unspecified mental and behavioural disorder",ILLICIT_DRUG_USE
F15.0,"Mental and behavioural disorders due to use of other stimulants, including caffeine, acute intoxication",ILLICIT_DRUG_USE
F15.1,"Mental and behavioural disorders due to use of other stimulants, including caffeine, harmful use",ILLICIT_DRUG_USE
F15.2,"Mental and behavioural disorders due to use of other stimulants, including caffeine, dependence syndrome",ILLICIT_DRUG_USE
F15.3,"Mental and behavioural disorders due to use of other stimulants, including caffeine, withdrawal state",ILLICIT_DRUG_USE
F15.4,"Mental and behavioural disorders due to use of other stimulants, including caffeine, withdrawal state with delirium",ILLICIT_DRUG_USE
F15.5,"Mental and behavioural disorders due to use of other stimulants, including caffeine, psychotic disorder",ILLICIT_DRUG_USE
F15.6,"Mental and behavioural disorders due to use of other stimulants, including caffeine, amnesic syndrome",ILLICIT_DRUG_USE
F15.7,"Mental and behavioural disorders due to use of other stimulants, including caffeine, residual and late-onset psychotic disorder",ILLICIT_DRUG_USE
F15.8,"Mental and behavioural disorders due to use of other stimulants, including caffeine, other mental and behavioural disorders",ILLICIT_DRUG_USE
F15.9,"Mental and behavioural disorders due to use of other stimulants, including caffeine, unspecified mental and behavioural disorder",ILLICIT_DRUG_USE
F16.0,"Mental and behavioural disorders due to use of hallucinogens, acute intoxication",ILLICIT_DRUG_USE
F16.1,"Mental and behavioural disorders due to use of hallucinogens, harmful use",ILLICIT_DRUG_USE
F16.2,"Mental and behavioural disorders due to use of hallucinogens, dependence syndrome",ILLICIT_DRUG_USE
F16.3,"Mental and behavioural disorders due to use of hallucinogens, withdrawal state",ILLICIT_DRUG_USE
F16.4,"Mental and behavioural disorders due to use of hallucinogens, withdrawal state with delirium",ILLICIT_DRUG_USE
F16.5,"Mental and behavioural disorders due to use of hallucinogens, psychotic disorder",ILLICIT_DRUG_USE
F16.6,"Mental and behavioural disorders due to use of hallucinogens, amnesic syndrome",ILLICIT_DRUG_USE
F16.7,"Mental and behavioural disorders due to use of hallucinogens, residual and late-onset psychotic disorder",ILLICIT_DRUG_USE
F16.8,"Mental and behavioural disorders due to use of hallucinogens, other mental and behavioural disorders",ILLICIT_DRUG_USE
F16.9,"Mental and behavioural disorders due to use of hallucinogens, unspecified mental and behavioural disorder",ILLICIT_DRUG_USE
F17.2,"Mental and behavioural disorders due to use of tobacco, dependence syndrome",ILLICIT_DRUG_USE
F17.3,"Mental and behavioural disorders due to use of tobacco, withdrawal state",ILLICIT_DRUG_USE
F17.4,"Mental and behavioural disorders due to use of tobacco, withdrawal state with delirium",ILLICIT_DRUG_USE
F17.5,"Mental and behavioural disorders due to use of tobacco, psychotic disorder",ILLICIT_DRUG_USE
F17.6,"Mental and behavioural disorders due to use of tobacco, amnesic syndrome",ILLICIT_DRUG_USE
F17.7,"Mental and behavioural disorders due to use of tobacco, residual and late-onset psychotic disorder",ILLICIT_DRUG_USE
F17.8,"Mental and behavioural disorders due to use of tobacco, other mental and behavioural disorders",ILLICIT_DRUG_USE
F17.9,"Mental and behavioural disorders due to use of tobacco, unspecified mental and behavioural disorder",ILLICIT_DRUG_USE
F18.0,"Mental and behavioural disorders due to use of volatile solvents, acute intoxication",ILLICIT_DRUG_USE
F18.1,"Mental and behavioural disorders due to use of volatile solvents, harmful use",ILLICIT_DRUG_USE
F18.2,"Mental and behavioural disorders due to use of volatile solvents, dependence syndrome",ILLICIT_DRUG_USE
F18.3,"Mental and behavioural disorders due to use of volatile solvents, withdrawal state",ILLICIT_DRUG_USE
F18.4,"Mental and behavioural disorders due to use of volatile solvents, withdrawal state with delirium",ILLICIT_DRUG_USE
F18.5,"Mental and behavioural disorders due to use of volatile solvents, psychotic disorder",ILLICIT_DRUG_USE
F18.6,"Mental and behavioural disorders due to use of volatile solvents, amnesic syndrome",ILLICIT_DRUG_USE
F18.7,"Mental and behavioural disorders due to use of volatile solvents, residual and late-onset psychotic disorder",ILLICIT_DRUG_USE
F18.8,"Mental and behavioural disorders due to use of volatile solvents, other mental and behavioural disorders",ILLICIT_DRUG_USE
F18.9,"Mental and behavioural disorders due to use of volatile solvents, unspecified mental and behavioural disorder",ILLICIT_DRUG_USE
F19.0,"Mental and behavioural disorders due to multiple drug use and use of psychoactive substances, acute intoxication",ILLICIT_DRUG_USE
F19.1,"Mental and behavioural disorders due to multiple drug use and use of psychoactive substances, harmful use",ILLICIT_DRUG_USE
F19.2,"Mental and behavioural disorders due to multiple drug use and use of psychoactive substances, dependence syndrome",ILLICIT_DRUG_USE
F19.3,"Mental and behavioural disorders due to multiple drug use and use of psychoactive substances, withdrawal state",ILLICIT_DRUG_USE
F19.4,"Mental and behavioural disorders due to multiple drug use and use of psychoactive substances, withdrawal state with delirium",ILLICIT_DRUG_USE
F19.5,"Mental and behavioural disorders due to multiple drug use and use of psychoactive substances, psychotic disorder",ILLICIT_DRUG_USE
F19.6,"Mental and behavioural disorders due to multiple drug use and use of psychoactive substances, amnesic syndrome",ILLICIT_DRUG_USE
F19.7,"Mental and behavioural disorders due to multiple drug use and use of psychoactive substances, residual and late-onset psychotic disorder",ILLICIT_DRUG_USE
F19.8,"Mental and behavioural disorders due to multiple drug use and use of psychoactive substances, other mental and behavioural disorders",ILLICIT_DRUG_USE
F19.9,"Mental and behavioural disorders due to multiple drug use and use of psychoactive substances, unspecified mental and behavioural disorder",ILLICIT_DRUG_USE
F55.0,"Harmful use of nondependence-producing substance, antidepressants",ILLICIT_DRUG_USE
F55.1,"Harmful use of nondependence-producing substance, laxatives",ILLICIT_DRUG_USE
F55.2,"Harmful use of nondependence-producing substance, analgesics",ILLICIT_DRUG_USE
F55.3,"Harmful use of nondependence-producing substance, antacids",ILLICIT_DRUG_USE
F55.4,"Harmful use of nondependence-producing substance, vitamins",ILLICIT_DRUG_USE
F55.5,"Harmful use of nondependence-producing substance, steroids or hormones",ILLICIT_DRUG_USE
F55.6,"Harmful use of nondependence-producing substance, specific herbal or folk remedies",ILLICIT_DRUG_USE
F55.8,Other substances that do not produce dependence,ILLICIT_DRUG_USE
F55.9,Unspecified harmful use of non-dependence producing substance,ILLICIT_DRUG_USE
F20.0,Paranoid schizophrenia,SCHIZOPHRENIA
F20.1,Hebephrenic schizophrenia,SCHIZOPHRENIA
F20.2,Catatonic schizophrenia,SCHIZOPHRENIA
F20.3,Undifferentiated schizophrenia,SCHIZOPHRENIA
F20.5,Residual schizophrenia,SCHIZOPHRENIA
F20.6,Simple schizophrenia,SCHIZOPHRENIA
F20.8,Other schizophrenia,SCHIZOPHRENIA
F20.9,"Schizophrenia, unspecified",SCHIZOPHRENIA
F21.,Schizotypal disorder,SCHIZOPHRENIA
F23.1,Acute polymorphic psychotic disorder with symptoms of schizophrenia,SCHIZOPHRENIA
F23.10,Acute polymorphic psychotic disorder with symptoms of schizophrenia without mention of associated acute stress,SCHIZOPHRENIA
F23.11,Acute polymorphic psychotic disorder with symptoms of schizophrenia with mention of associated acute stress,SCHIZOPHRENIA
F23.2,Acute schizophrenia-like psychotic disorder,SCHIZOPHRENIA
F23.20,Acute schizophrenia-like psychotic disorder without mention of associated acute stress,SCHIZOPHRENIA
F23.21,Acute schizophrenia-like psychotic disorder with mention of associated acute stress,SCHIZOPHRENIA
F25.0,"Schizoaffective disorder, manic type",SCHIZOPHRENIA
F25.1,"Schizoaffective disorder, depressive type",SCHIZOPHRENIA
F25.2,"Schizoaffective disorder, mixed type",SCHIZOPHRENIA
F25.8,Other schizoaffective disorders,SCHIZOPHRENIA
F25.9,"Schizoaffective disorder, unspecified",SCHIZOPHRENIA
F30.0,Hypomania,AFFECTIVE_PSYCHOSIS
F30.1,Mania without psychotic symptoms,AFFECTIVE_PSYCHOSIS
F30.2,Mania with psychotic symptoms,AFFECTIVE_PSYCHOSIS
F30.8,Other manic episodes,AFFECTIVE_PSYCHOSIS
F30.9,"Manic episode, unspecified",AFFECTIVE_PSYCHOSIS
F31.0,"Bipolar affective disorder, current episode hypomanic",AFFECTIVE_PSYCHOSIS
F31.1,"Bipolar affective disorder, current episode manic without psychotic symptoms",AFFECTIVE_PSYCHOSIS
F31.2,"Bipolar affective disorder, current episode manic with psychotic symptoms",AFFECTIVE_PSYCHOSIS
F31.3,"Bipolar affective disorder, current episode mild or moderate depression",AFFECTIVE_PSYCHOSIS
F31.4,"Bipolar affective disorder, current episode severe depression without psychotic symptoms",AFFECTIVE_PSYCHOSIS
F31.5,"Bipolar affective disorder, current episode severe depression with psychotic symptoms",AFFECTIVE_PSYCHOSIS
F31.6,"Bipolar affective disorder, current episode mixed",AFFECTIVE_PSYCHOSIS
F31.7,"Bipolar affective disorder, currently in remission",AFFECTIVE_PSYCHOSIS
F31.8,Other bipolar affective disorders,AFFECTIVE_PSYCHOSIS
F31.9,"Bipolar affective disorder, unspecified",AFFECTIVE_PSYCHOSIS
F32.0,Mild depressive episode,AFFECTIVE_PSYCHOSIS
F32.00,"Mild depressive episode, not specified as arising in the postnatal period",AFFECTIVE_PSYCHOSIS
F32.01,"Mild depressive episode, arising in the postnatal period",AFFECTIVE_PSYCHOSIS
F32.1,Moderate depressive episode,AFFECTIVE_PSYCHOSIS
F32.10,"Moderate depressive episode, not specified as arising in the postnatal period",AFFECTIVE_PSYCHOSIS
F32.11,"Moderate depressive episode, arising in the postnatal period",AFFECTIVE_PSYCHOSIS
F32.2,Severe depressive episode without psychotic symptoms,AFFECTIVE_PSYCHOSIS
F32.20,"Severe depressive episode without psychotic symptoms, not specified as arising in the postnatal period",AFFECTIVE_PSYCHOSIS
F32.21,"Severe depressive episode without psychotic symptoms, arising in the postnatal period",AFFECTIVE_PSYCHOSIS
F32.3,Severe depressive episode with psychotic symptoms,AFFECTIVE_PSYCHOSIS
F32.30,"Severe depressive episode with psychotic symptoms, not specified as arising in the postnatal period",AFFECTIVE_PSYCHOSIS
F32.31,"Severe depressive episode with psychotic symptoms, arising in the postnatal period",AFFECTIVE_PSYCHOSIS
F32.8,Other depressive episodes,AFFECTIVE_PSYCHOSIS
F32.80,"Other depressive episodes, not specified as arising in the postnatal period",AFFECTIVE_PSYCHOSIS
F32.81,"Other depressive episodes, arising in the postnatal period",AFFECTIVE_PSYCHOSIS
F33.0,"Recurrent depressive disorder, current episode mild",AFFECTIVE_PSYCHOSIS
F33.1,"Recurrent depressive disorder, current episode moderate",AFFECTIVE_PSYCHOSIS
F33.2,"Recurrent depressive disorder, current episode severe without psychotic symptoms",AFFECTIVE_PSYCHOSIS
F33.3,"Recurrent depressive disorder, current episode severe with psychotic symptoms",AFFECTIVE_PSYCHOSIS
F33.4,"Recurrent depressive disorder, currently in remission",AFFECTIVE_PSYCHOSIS
F33.8,Other recurrent depressive disorders,AFFECTIVE_PSYCHOSIS
F33.9,"Recurrent depressive disorder, unspecified",AFFECTIVE_PSYCHOSIS
F34.8,Other persistent mood [affective] disorders,AFFECTIVE_PSYCHOSIS
F34.9,"Persistent mood [affective] disorder, unspecified",AFFECTIVE_PSYCHOSIS
F38.0,Other single mood [affective] disorders,AFFECTIVE_PSYCHOSIS
F38.1,Other recurrent mood [affective] disorders,AFFECTIVE_PSYCHOSIS
F38.8,Other specified mood [affective] disorders,AFFECTIVE_PSYCHOSIS
F39.,Unspecified mood [affective] disorder,AFFECTIVE_PSYCHOSIS
F04.,"Organic amnesic syndrome, not induced by alcohol and other psychoactive substances",OTHER_NONTRANSIENT_PSYCHOSES
F04.00,"Post traumatic amnesia, unspecified",OTHER_NONTRANSIENT_PSYCHOSES
F04.01,"Post traumatic amnesia, less than 24 hours duration",OTHER_NONTRANSIENT_PSYCHOSES
F04.02,"Post traumatic amnesia, 24 hours or more but less than 14 days duration",OTHER_NONTRANSIENT_PSYCHOSES
F04.03,"Post traumatic amnesia, 14 days or more duration",OTHER_NONTRANSIENT_PSYCHOSES
F04.9,"Amnesic syndrome, unspecified",OTHER_NONTRANSIENT_PSYCHOSES
F06.8,Other specified mental disorders due to brain damage and dysfunction and to physical disease or condition,OTHER_NONTRANSIENT_PSYCHOSES
F06.9,Unspecified mental disorder due to brain damage and dysfunction and to physical disease or condition,OTHER_NONTRANSIENT_PSYCHOSES
F09.,Unspecified organic or symptomatic mental disorder,OTHER_NONTRANSIENT_PSYCHOSES
F22.0,Delusional disorder,OTHER_NONTRANSIENT_PSYCHOSES
F22.8,Other persistent delusional disorders,OTHER_NONTRANSIENT_PSYCHOSES
F22.9,"Persistent delusional disorder, unspecified",OTHER_NONTRANSIENT_PSYCHOSES
F23.0,Acute polymorphic psychotic disorder without symptoms of schizophrenia,OTHER_NONTRANSIENT_PSYCHOSES
F23.00,"Acute polymorphic psychotic disorder without symptoms of schizophrenia, without mention of associated acute stress",OTHER_NONTRANSIENT_PSYCHOSES
F23.01,"Acute polymorphic psychotic disorder without symptoms of schizophrenia, with mention of associated acute stress",OTHER_NONTRANSIENT_PSYCHOSES
F23.3,Other acute predominantly delusional psychotic disorders,OTHER_NONTRANSIENT_PSYCHOSES
F23.30,Other acute predominately delusional psychotic disorders without mention of associated acute stress,OTHER_NONTRANSIENT_PSYCHOSES
F23.31,Other acute predominately delusional psychotic disorders with mention of associated acute stress,OTHER_NONTRANSIENT_PSYCHOSES
F23.8,Other acute and transient psychotic disorders,OTHER_NONTRANSIENT_PSYCHOSES
F23.80,Other acute and transient psychotic disorders without mention of associated acute stress,OTHER_NONTRANSIENT_PSYCHOSES
F23.81,Other acute and transient psychotic disorders with mention of associated acute stress,OTHER_NONTRANSIENT_PSYCHOSES
F23.9,"Acute and transient psychotic disorder, unspecified",OTHER_NONTRANSIENT_PSYCHOSES
F23.90,"Acute and transient psychotic disorder, unspecified, without mention of associated acute stress",OTHER_NONTRANSIENT_PSYCHOSES
F23.91,"Acute and transient psychotic disorder, unspecified, with mention of associated acute stress",OTHER_NONTRANSIENT_PSYCHOSES
F24.,Induced delusional disorder,OTHER_NONTRANSIENT_PSYCHOSES
F28.,Other nonorganic psychotic disorders,OTHER_NONTRANSIENT_PSYCHOSES
F29.,Unspecified nonorganic psychosis,OTHER_NONTRANSIENT_PSYCHOSES
F84.0,Childhood autism,OTHER_NONTRANSIENT_PSYCHOSES
F84.1,Atypical autism,OTHER_NONTRANSIENT_PSYCHOSES
F84.3,Other childhood disintegrative disorder,OTHER_NONTRANSIENT_PSYCHOSES
F84.4,Overactive disorder associated with mental retardation and stereotyped movements,OTHER_NONTRANSIENT_PSYCHOSES
F84.5,Asperger's syndrome,OTHER_NONTRANSIENT_PSYCHOSES
F84.8,Other pervasive developmental disorders,OTHER_NONTRANSIENT_PSYCHOSES
F84.9,"Pervasive developmental disorder, unspecified",OTHER_NONTRANSIENT_PSYCHOSES
F20.4,Post-schizophrenic depression,NONPSYCHOTIC_DEPRESSION
F32.9,"Depressive episode, unspecified",NONPSYCHOTIC_DEPRESSION
F32.90,"Depressive episode, unspecified, not specified as arising in the postnatal period",NONPSYCHOTIC_DEPRESSION
F32.91,"Depressive episode, unspecified, arising in the postnatal period",NONPSYCHOTIC_DEPRESSION
F34.1,Dysthymia,NONPSYCHOTIC_DEPRESSION
F41.2,Mixed anxiety and depressive disorder,NONPSYCHOTIC_DEPRESSION
F07.0,Organic personality disorder,NEUROSES_OR_PERSONALITY_DISORDERS
F07.1,Postencephalitic syndrome,NEUROSES_OR_PERSONALITY_DISORDERS
F07.2,Postconcussional syndrome,NEUROSES_OR_PERSONALITY_DISORDERS
F07.8,"Other organic personality and behavioural disorders due to brain disease, damage and dysfunction",NEUROSES_OR_PERSONALITY_DISORDERS
F07.9,"Unspecified organic personality and behavioural disorder due to brain disease, damage and dysfunction",NEUROSES_OR_PERSONALITY_DISORDERS
F34.0,Cyclothymia,NEUROSES_OR_PERSONALITY_DISORDERS
F40.00,Agoraphobia without mention of panic disorder,NEUROSES_OR_PERSONALITY_DISORDERS
F40.01,Agoraphobia with panic disorder,NEUROSES_OR_PERSONALITY_DISORDERS
F40.1,Social phobias,NEUROSES_OR_PERSONALITY_DISORDERS
F40.2,Specific (isolated) phobias,NEUROSES_OR_PERSONALITY_DISORDERS
F40.8,Other phobic anxiety disorders,NEUROSES_OR_PERSONALITY_DISORDERS
F40.9,"Phobic anxiety disorder, unspecified",NEUROSES_OR_PERSONALITY_DISORDERS
F41.0,Panic disorder [episodic paroxysmal anxiety],NEUROSES_OR_PERSONALITY_DISORDERS
F41.1,Generalised anxiety disorder,NEUROSES_OR_PERSONALITY_DISORDERS
F41.3,Other mixed anxiety disorders,NEUROSES_OR_PERSONALITY_DISORDERS
F41.8,Other specified anxiety disorders,NEUROSES_OR_PERSONALITY_DISORDERS
F41.9,"Anxiety disorder, unspecified",NEUROSES_OR_PERSONALITY_DISORDERS
F42.0,Predominantly obsessional thoughts or ruminations,NEUROSES_OR_PERSONALITY_DISORDERS
F42.1,Predominantly compulsive acts [obsessional rituals],NEUROSES_OR_PERSONALITY_DISORDERS
F42.2,Mixed obsessional thoughts and acts,NEUROSES_OR_PERSONALITY_DISORDERS
F42.8,Other obsessive-compulsive disorders,NEUROSES_OR_PERSONALITY_DISORDERS
F42.9,"Obsessive-compulsive disorder, unspecified",NEUROSES_OR_PERSONALITY_DISORDERS
F43.1,Post traumatic stress disorder,NEUROSES_OR_PERSONALITY_DISORDERS
F43.2,Adjustment disorders,NEUROSES_OR_PERSONALITY_DISORDERS
F44.0,Dissociative amnesia,NEUROSES_OR_PERSONALITY_DISORDERS
F44.1,Dissociative fugue,NEUROSES_OR_PERSONALITY_DISORDERS
F44.2,Dissociative stupor,NEUROSES_OR_PERSONALITY_DISORDERS
F44.3,Trance and possession disorders,NEUROSES_OR_PERSONALITY_DISORDERS
F44.4,Dissociative motor disorders,NEUROSES_OR_PERSONALITY_DISORDERS
F44.5,Dissociative convulsions,NEUROSES_OR_PERSONALITY_DISORDERS
F44.6,Dissociative anaesthesia and sensory loss,NEUROSES_OR_PERSONALITY_DISORDERS
F44.7,Mixed dissociative [conversion] disorders,NEUROSES_OR_PERSONALITY_DISORDERS
F44.80,Ganser's syndrome,NEUROSES_OR_PERSONALITY_DISORDERS
F44.81,Multiple personality disorder,NEUROSES_OR_PERSONALITY_DISORDERS
F44.82,Transient dissociative [conversion] disorders occurring in childhood and adolescence,NEUROSES_OR_PERSONALITY_DISORDERS
F44.88,Other specified dissociative [conversion] disorders,NEUROSES_OR_PERSONALITY_DISORDERS
F44.9,"Dissociative [conversion] disorder, unspecified",NEUROSES_OR_PERSONALITY_DISORDERS
F45.0,Somatisation disorder,NEUROSES_OR_PERSONALITY_DISORDERS
F45.1,Undifferentiated somatoform disorder,NEUROSES_OR_PERSONALITY_DISORDERS
F45.2,Hypochondriacal disorder,NEUROSES_OR_PERSONALITY_DISORDERS
F45.30,"Somatoform autonomic dysfunction, unspecified organ or system",NEUROSES_OR_PERSONALITY_DISORDERS
F45.31,"Somatoform autonomic dysfunction, heart and cardiovascular system",NEUROSES_OR_PERSONALITY_DISORDERS
F45.32,"Somatoform autonomic dysfunction, upper gastrointestinal tract",NEUROSES_OR_PERSONALITY_DISORDERS
F45.33,"Somatoform autonomic dysfunction, lower gastrointestinal tract",NEUROSES_OR_PERSONALITY_DISORDERS
F45.34,"Somatoform autonomic dysfunction, respiratory system",NEUROSES_OR_PERSONALITY_DISORDERS
F45.35,"Somatoform autonomic dysfunction, genitourinary system",NEUROSES_OR_PERSONALITY_DISORDERS
F45.38,"Somatoform autonomic dysfunction, other specified organ or system",NEUROSES_OR_PERSONALITY_DISORDERS
F45.39,"Somatoform autonomic dysfunction, multiple organs or systems",NEUROSES_OR_PERSONALITY_DISORDERS
F45.4,Persistent somatoform pain disorder,NEUROSES_OR_PERSONALITY_DISORDERS
F45.8,Other somatoform disorders,NEUROSES_OR_PERSONALITY_DISORDERS
F45.9,"Somatoform disorder, unspecified",NEUROSES_OR_PERSONALITY_DISORDERS
F48.0,Neurasthenia,NEUROSES_OR_PERSONALITY_DISORDERS
F48.1,Depersonalisation-derealisation syndrome,NEUROSES_OR_PERSONALITY_DISORDERS
F48.8,Other specified neurotic disorders,NEUROSES_OR_PERSONALITY_DISORDERS
F48.9,"Neurotic disorder, unspecified",NEUROSES_OR_PERSONALITY_DISORDERS
F50.0,Anorexia nervosa,NEUROSES_OR_PERSONALITY_DISORDERS
F50.1,Atypical anorexia nervosa,NEUROSES_OR_PERSONALITY_DISORDERS
F50.2,Bulimia nervosa,NEUROSES_OR_PERSONALITY_DISORDERS
F50.3,Atypical bulimia nervosa,NEUROSES_OR_PERSONALITY_DISORDERS
F50.4,Overeating associated with other psychological disturbances,NEUROSES_OR_PERSONALITY_DISORDERS
F50.5,Vomiting associated with other psychological disturbances,NEUROSES_OR_PERSONALITY_DISORDERS
F50.8,Other eating disorders,NEUROSES_OR_PERSONALITY_DISORDERS
F50.9,"Eating disorder, unspecified",NEUROSES_OR_PERSONALITY_DISORDERS
F51.0,Nonorganic insomnia,NEUROSES_OR_PERSONALITY_DISORDERS
F51.1,Nonorganic hypersomnia,NEUROSES_OR_PERSONALITY_DISORDERS
F51.2,Nonorganic disorder of the sleep-wake schedule,NEUROSES_OR_PERSONALITY_DISORDERS
F51.3,Sleepwalking [somnambulism],NEUROSES_OR_PERSONALITY_DISORDERS
F51.4,Sleep terrors [night terrors],NEUROSES_OR_PERSONALITY_DISORDERS
F51.5,Nightmares,NEUROSES_OR_PERSONALITY_DISORDERS
F51.8,Other nonorganic sleep disorders,NEUROSES_OR_PERSONALITY_DISORDERS
F51.9,"Nonorganic sleep disorder, unspecified",NEUROSES_OR_PERSONALITY_DISORDERS
F52.0,Lack or loss of sexual desire,NEUROSES_OR_PERSONALITY_DISORDERS
F52.1,Sexual aversion and lack of sexual enjoyment,NEUROSES_OR_PERSONALITY_DISORDERS
F52.2,Failure of genital response,NEUROSES_OR_PERSONALITY_DISORDERS
F52.3,Orgasmic dysfunction,NEUROSES_OR_PERSONALITY_DISORDERS
F52.4,Premature ejaculation,NEUROSES_OR_PERSONALITY_DISORDERS
F52.5,Nonorganic vaginismus,NEUROSES_OR_PERSONALITY_DISORDERS
F52.6,Nonorganic dyspareunia,NEUROSES_OR_PERSONALITY_DISORDERS
F52.7,Excessive sexual drive,NEUROSES_OR_PERSONALITY_DISORDERS
F52.8,"Other sexual dysfunction, not caused by organic disorder or disease",NEUROSES_OR_PERSONALITY_DISORDERS
F52.9,"Unspecified sexual dysfunction, not caused by organic disorder or disease",NEUROSES_OR_PERSONALITY_DISORDERS
F59.,Unspecified behavioural syndromes associated with physiological disturbances and physical factors,NEUROSES_OR_PERSONALITY_DISORDERS
F60.0,Paranoid personality disorder,NEUROSES_OR_PERSONALITY_DISORDERS
F60.1,Schizoid personality disorder,NEUROSES_OR_PERSONALITY_DISORDERS
F60.2,Dissocial personality disorder,NEUROSES_OR_PERSONALITY_DISORDERS
F60.30,"Emotionally unstable personality disorder, impulsive type",NEUROSES_OR_PERSONALITY_DISORDERS
F60.31,"Emotionally unstable personality disorder, borderline type",NEUROSES_OR_PERSONALITY_DISORDERS
F60.4,Histrionic personality disorder,NEUROSES_OR_PERSONALITY_DISORDERS
F60.5,Anankastic personality disorder,NEUROSES_OR_PERSONALITY_DISORDERS
F60.6,Anxious [avoidant] personality disorder,NEUROSES_OR_PERSONALITY_DISORDERS
F60.7,Dependent personality disorder,NEUROSES_OR_PERSONALITY_DISORDERS
F60.8,Other specific personality disorders,NEUROSES_OR_PERSONALITY_DISORDERS
F60.9,"Personality disorder, unspecified",NEUROSES_OR_PERSONALITY_DISORDERS
F61.,Mixed and other personality disorders,NEUROSES_OR_PERSONALITY_DISORDERS
F62.0,Enduring personality change after catastrophic experience,NEUROSES_OR_PERSONALITY_DISORDERS
F62.1,Enduring personality change after psychiatric illness,NEUROSES_OR_PERSONALITY_DISORDERS
F62.8,Other enduring personality changes,NEUROSES_OR_PERSONALITY_DISORDERS
F62.9,"Enduring personality change, unspecified",NEUROSES_OR_PERSONALITY_DISORDERS
F63.0,Pathological gambling,NEUROSES_OR_PERSONALITY_DISORDERS
F63.1,Pathological fire-setting [pyromania],NEUROSES_OR_PERSONALITY_DISORDERS
F63.2,Pathological stealing [kleptomania],NEUROSES_OR_PERSONALITY_DISORDERS
F63.3,Trichotillomania,NEUROSES_OR_PERSONALITY_DISORDERS
F63.8,Other habit and impulse disorders,NEUROSES_OR_PERSONALITY_DISORDERS
F63.9,"Habit and impulse disorder, unspecified",NEUROSES_OR_PERSONALITY_DISORDERS
F64.,Gender incongruence,NEUROSES_OR_PERSONALITY_DISORDERS
F64.0,Transsexualism,NEUROSES_OR_PERSONALITY_DISORDERS
F64.1,Dual-role transvestism,NEUROSES_OR_PERSONALITY_DISORDERS
F64.2,Gender identity disorder of childhood,NEUROSES_OR_PERSONALITY_DISORDERS
F64.8,Other gender identity disorders,NEUROSES_OR_PERSONALITY_DISORDERS
F64.9,"Gender identity disorder, unspecified",NEUROSES_OR_PERSONALITY_DISORDERS
F65.0,Fetishism,NEUROSES_OR_PERSONALITY_DISORDERS
F65.1,Fetishistic transvestism,NEUROSES_OR_PERSONALITY_DISORDERS
F65.2,Exhibitionistic disorder,NEUROSES_OR_PERSONALITY_DISORDERS
F65.3,Voyeuristic disorder,NEUROSES_OR_PERSONALITY_DISORDERS
F65.4,Paedophilic disorder,NEUROSES_OR_PERSONALITY_DISORDERS
F65.5,Sadomasochism,NEUROSES_OR_PERSONALITY_DISORDERS
F65.6,Multiple paraphilic disorders,NEUROSES_OR_PERSONALITY_DISORDERS
F65.8,Other paraphilic disorders,NEUROSES_OR_PERSONALITY_DISORDERS
F65.9,"Paraphilic disorder, unspecified",NEUROSES_OR_PERSONALITY_DISORDERS
F66.,Other sexual disorders,NEUROSES_OR_PERSONALITY_DISORDERS
F66.0,Sexual maturation disorder,NEUROSES_OR_PERSONALITY_DISORDERS
F66.1,Egodystonic sexual orientation,NEUROSES_OR_PERSONALITY_DISORDERS
F66.2,Sexual relationship disorder,NEUROSES_OR_PERSONALITY_DISORDERS
F66.8,Other psychosexual development disorders,NEUROSES_OR_PERSONALITY_DISORDERS
F66.9,"Psychosexual development disorder, unspecified",NEUROSES_OR_PERSONALITY_DISORDERS
F68.0,Elaboration of physical symptoms for psychological reasons,NEUROSES_OR_PERSONALITY_DISORDERS
F68.1,"Intentional production or feigning of symptoms or disabilities, either physical or psychological [factitious disorder]",NEUROSES_OR_PERSONALITY_DISORDERS
F68.8,Other specified disorders of adult personality and behaviour,NEUROSES_OR_PERSONALITY_DISORDERS
F69.,Unspecified disorder of adult personality and behaviour,NEUROSES_OR_PERSONALITY_DISORDERS
F91.0,Conduct disorder confined to the family context,NEUROSES_OR_PERSONALITY_DISORDERS
F91.1,Unsocialised conduct disorder,NEUROSES_OR_PERSONALITY_DISORDERS
F91.2,Socialised conduct disorder,NEUROSES_OR_PERSONALITY_DISORDERS
F91.3,Oppositional defiant disorder,NEUROSES_OR_PERSONALITY_DISORDERS
F91.8,Other conduct disorders,NEUROSES_OR_PERSONALITY_DISORDERS
F91.9,"Conduct disorder, unspecified",NEUROSES_OR_PERSONALITY_DISORDERS
F92.0,Depressive conduct disorder,NEUROSES_OR_PERSONALITY_DISORDERS
F92.8,Other mixed disorders of conduct and emotions,NEUROSES_OR_PERSONALITY_DISORDERS
F92.9,"Mixed disorder of conduct and emotions, unspecified",NEUROSES_OR_PERSONALITY_DISORDERS
F93.0,Separation anxiety disorder of childhood,NEUROSES_OR_PERSONALITY_DISORDERS
F93.1,Phobic anxiety disorder of childhood,NEUROSES_OR_PERSONALITY_DISORDERS
F93.2,Social anxiety disorder of childhood,NEUROSES_OR_PERSONALITY_DISORDERS
F93.3,Sibling rivalry disorder,NEUROSES_OR_PERSONALITY_DISORDERS
F93.8,Other childhood emotional disorders,NEUROSES_OR_PERSONALITY_DISORDERS
F93.9,"Childhood emotional disorder, unspecified",NEUROSES_OR_PERSONALITY_DISORDERS
F94.0,Elective mutism,NEUROSES_OR_PERSONALITY_DISORDERS
F94.1,Reactive attachment disorder of childhood,NEUROSES_OR_PERSONALITY_DISORDERS
F94.2,Disinhibited attachment disorder of childhood,NEUROSES_OR_PERSONALITY_DISORDERS
F94.8,Other childhood disorders of social functioning,NEUROSES_OR_PERSONALITY_DISORDERS
F94.9,"Childhood disorder of social functioning, unspecified",NEUROSES_OR_PERSONALITY_DISORDERS
F95.0,Transient tic disorder,NEUROSES_OR_PERSONALITY_DISORDERS
F95.1,Chronic motor or vocal tic disorder,NEUROSES_OR_PERSONALITY_DISORDERS
F95.2,Combined vocal and multiple motor tic disorder [de la Tourette],NEUROSES_OR_PERSONALITY_DISORDERS
F95.8,Other tic disorders,NEUROSES_OR_PERSONALITY_DISORDERS
F95.9,"Tic disorder, unspecified",NEUROSES_OR_PERSONALITY_DISORDERS
F98.0,Nonorganic enuresis,NEUROSES_OR_PERSONALITY_DISORDERS
F98.1,Nonorganic encopresis,NEUROSES_OR_PERSONALITY_DISORDERS
F98.2,Feeding disorder of infancy and childhood,NEUROSES_OR_PERSONALITY_DISORDERS
F98.3,Pica of infancy and childhood,NEUROSES_OR_PERSONALITY_DISORDERS
F98.4,Stereotyped movement disorders,NEUROSES_OR_PERSONALITY_DISORDERS
F98.5,Stuttering [stammering],NEUROSES_OR_PERSONALITY_DISORDERS
F98.6,Cluttering,NEUROSES_OR_PERSONALITY_DISORDERS
F98.8,Other specified behavioural and emotional disorders with onset usually occurring in childhood and adolescence,NEUROSES_OR_PERSONALITY_DISORDERS
F98.9,Unspecified behavioural and emotional disorders with onset usually occurring in childhood and adolescence,NEUROSES_OR_PERSONALITY_DISORDERS
F99.,"Mental disorder, not otherwise specified",NEUROSES_OR_PERSONALITY_DISORDERS
G44.2,Tension-type headache,NEUROSES_OR_PERSONALITY_DISORDERS
G44.3,Chronic post traumatic headache,NEUROSES_OR_PERSONALITY_DISORDERS
F70.0,"Mild intellectual development disorder with the statement of no, or minimal, impairment of behaviour",MENTAL_RETARDATION
F70.1,"Mild intellectual development disorder, significant impairment of behaviour requiring attention or treatment",MENTAL_RETARDATION
F70.8,"Mild intellectual development disorder, other impairments of behaviour",MENTAL_RETARDATION
F70.9,Mild intellectual development disorder without mention of impairment of behaviour,MENTAL_RETARDATION
F71.0,"Moderate intellectual development disorder with the statement of no, or minimal, impairment of behaviour",MENTAL_RETARDATION
F71.1,"Moderate intellectual development disorder, significant impairment of behaviour requiring attention or treatment",MENTAL_RETARDATION
F71.8,"Moderate intellectual development disorder, other impairments of behaviour",MENTAL_RETARDATION
F71.9,Moderate intellectual development disorder without mention of impairment of behaviour,MENTAL_RETARDATION
F72.0,"Severe intellectual development disorder with the statement of no, or minimal, impairment of behaviour",MENTAL_RETARDATION
F72.1,"Severe intellectual development disorder, significant impairment of behaviour requiring attention or treatment",MENTAL_RETARDATION
F72.8,"Severe intellectual development disorder, other impairments of behaviour",MENTAL_RETARDATION
F72.9,Severe intellectual development disorder without mention of impairment of behaviour,MENTAL_RETARDATION
F73.0,"Profound intellectual development disordern with the statement of no, or minimal, impairment of behaviour",MENTAL_RETARDATION
F73.1,"Profound intellectual development disorder, significant impairment of behaviour requiring attention or treatment",MENTAL_RETARDATION
F73.8,"Profound intellectual development disorder, other impairments of behaviour",MENTAL_RETARDATION
F73.9,Profound intellectual development disorder without mention of impairment of behaviour,MENTAL_RETARDATION
F78.0,"Other intellectual development disorder with the statement of no, or minimal, impairment of behaviour",MENTAL_RETARDATION
F78.1,"Other intellectual development disorder, significant impairment of behaviour requiring attention or treatment",MENTAL_RETARDATION
F78.8,"Other intellectual development disorder, other impairments of behaviour",MENTAL_RETARDATION
F78.9,Other intellectual development disorder without mention of impairment of behaviour,MENTAL_RETARDATION
F79.0,"Unspecified intellectual development disorder with the statement of no, or minimal, impairment of behaviour",MENTAL_RETARDATION
F79.1,"Unspecified intellectual development disorder, significant impairment of behaviour requiring attention or treatment",MENTAL_RETARDATION
F79.8,"Unspecified intellectual development disorder, other impairments of behaviour",MENTAL_RETARDATION
F79.9,Unspecified intellectual development disorder without mention of impairment of behaviour,MENTAL_RETARDATION
N39.4,Other specified urinary incontinence,INCONTINENCE
R15.,Faecal incontinence,INCONTINENCE
R32.,Unspecified urinary incontinence,INCONTINENCE
G00.0,Haemophilus meningitis,INFLAMMATORY_CNS_DISEASES
G00.1,Pneumococcal meningitis,INFLAMMATORY_CNS_DISEASES
G00.2,"Streptococcal meningitis, not elsewhere classified",INFLAMMATORY_CNS_DISEASES
G00.3,Staphylococcal meningitis,INFLAMMATORY_CNS_DISEASES
G00.8,Other bacterial meningitis,INFLAMMATORY_CNS_DISEASES
G00.9,"Bacterial meningitis, unspecified",INFLAMMATORY_CNS_DISEASES
G01.,Meningitis in bacterial diseases classified elsewhere,INFLAMMATORY_CNS_DISEASES
G02.0,Meningitis in viral diseases classified elsewhere,INFLAMMATORY_CNS_DISEASES
G02.1,Meningitis in mycoses,INFLAMMATORY_CNS_DISEASES
G02.8,Meningitis in other specified infectious and parasitic diseases classified elsewhere,INFLAMMATORY_CNS_DISEASES
G03.0,Nonpyogenic meningitis,INFLAMMATORY_CNS_DISEASES
G03.1,Chronic meningitis,INFLAMMATORY_CNS_DISEASES
G03.2,Benign recurrent meningitis [Mollaret],INFLAMMATORY_CNS_DISEASES
G03.8,Meningitis due to other specified causes,INFLAMMATORY_CNS_DISEASES
G03.9,"Meningitis, unspecified",INFLAMMATORY_CNS_DISEASES
G04.0,Acute disseminated encephalitis,INFLAMMATORY_CNS_DISEASES
G04.2,"Bacterial meningoencephalitis and meningomyelitis, not elsewhere classified",INFLAMMATORY_CNS_DISEASES
G04.8,"Other encephalitis, myelitis and encephalomyelitis",INFLAMMATORY_CNS_DISEASES
G04.9,"Encephalitis, myelitis and encephalomyelitis, unspecified",INFLAMMATORY_CNS_DISEASES
G05.0,"Encephalitis, myelitis and encephalomyelitis in bacterial diseases classified elsewhere",INFLAMMATORY_CNS_DISEASES
G05.1,"Encephalitis, myelitis and encephalomyelitis in viral diseases classified elsewhere",INFLAMMATORY_CNS_DISEASES
G05.2,"Encephalitis, myelitis and encephalomyelitis in other infectious and parasitic diseases classified elsewhere",INFLAMMATORY_CNS_DISEASES
G05.8,"Encephalitis, myelitis and encephalomyelitis in other diseases classified elsewhere",INFLAMMATORY_CNS_DISEASES
G06.0,Intracranial abscess and granuloma,INFLAMMATORY_CNS_DISEASES
G06.1,Intraspinal abscess and granuloma,INFLAMMATORY_CNS_DISEASES
G06.2,"Extradural and subdural abscess, unspecified",INFLAMMATORY_CNS_DISEASES
G07.,Intracranial and intraspinal abscess and granuloma in diseases classified elsewhere,INFLAMMATORY_CNS_DISEASES
G08.,Intracranial and intraspinal phlebitis and thrombophlebitis,INFLAMMATORY_CNS_DISEASES
G09.,Sequelae of inflammatory diseases of central nervous system,INFLAMMATORY_CNS_DISEASES
G92.,Toxic encephalopathy,INFLAMMATORY_CNS_DISEASES
G20.,Parkinson's disease,PARKINSONS_DISEASE
G21.0,Malignant neuroleptic syndrome,PARKINSONS_DISEASE
G21.1,Other drug-induced secondary parkinsonism,PARKINSONS_DISEASE
G21.2,Secondary parkinsonism due to other external agents,PARKINSONS_DISEASE
G21.3,Postencephalitic parkinsonism,PARKINSONS_DISEASE
G21.8,Other secondary parkinsonism,PARKINSONS_DISEASE
G21.9,"Secondary parkinsonism, unspecified",PARKINSONS_DISEASE
G22.,Parkinsonism in diseases classified elsewhere,PARKINSONS_DISEASE
G10.,Huntington's disease,OTHER_EXTRAPYRAMIDAL_DISEASE
G23.0,Pigmentary pallidal degeneration,OTHER_EXTRAPYRAMIDAL_DISEASE
G23.1,Progressive supranuclear ophthalmoplegia [Steele-Richardson-Olszewski],OTHER_EXTRAPYRAMIDAL_DISEASE
G23.2,"Multiple system atrophy, parkinsonian type [MSA-P]",OTHER_EXTRAPYRAMIDAL_DISEASE
G23.8,Other specified degenerative diseases of basal ganglia,OTHER_EXTRAPYRAMIDAL_DISEASE
G23.9,"Degenerative disease of basal ganglia, unspecified",OTHER_EXTRAPYRAMIDAL_DISEASE
G24.0,Drug-induced dystonia,OTHER_EXTRAPYRAMIDAL_DISEASE
G24.1,Idiopathic familial dystonia,OTHER_EXTRAPYRAMIDAL_DISEASE
G24.2,Idiopathic nonfamilial dystonia,OTHER_EXTRAPYRAMIDAL_DISEASE
G24.3,Spasmodic torticollis,OTHER_EXTRAPYRAMIDAL_DISEASE
G24.4,Idiopathic orofacial dystonia,OTHER_EXTRAPYRAMIDAL_DISEASE
G24.5,Blepharospasm,OTHER_EXTRAPYRAMIDAL_DISEASE
G24.8,Other dystonia,OTHER_EXTRAPYRAMIDAL_DISEASE
G24.9,"Dystonia, unspecified",OTHER_EXTRAPYRAMIDAL_DISEASE
G25.0,Essential tremor,OTHER_EXTRAPYRAMIDAL_DISEASE
G25.1,Drug-induced tremor,OTHER_EXTRAPYRAMIDAL_DISEASE
G25.2,Other specified forms of tremor,OTHER_EXTRAPYRAMIDAL_DISEASE
G25.3,Myoclonus,OTHER_EXTRAPYRAMIDAL_DISEASE
G25.4,Drug-induced chorea,OTHER_EXTRAPYRAMIDAL_DISEASE
G25.5,Other chorea,OTHER_EXTRAPYRAMIDAL_DISEASE
G25.6,Drug-induced tics and other tics of organic origin,OTHER_EXTRAPYRAMIDAL_DISEASE
G25.8,Other specified extrapyramidal and movement disorders,OTHER_EXTRAPYRAMIDAL_DISEASE
G25.9,"Extrapyramidal and movement disorder, unspecified",OTHER_EXTRAPYRAMIDAL_DISEASE
G26.,Extrapyramidal and movement disorders in diseases classified elsewhere,OTHER_EXTRAPYRAMIDAL_DISEASE
G90.3,Multi-system degeneration,OTHER_EXTRAPYRAMIDAL_DISEASE
B94.1,Sequelae of viral encephalitis,DEGENERATIVE_NEUROLOGIC_OR_MUSCULAR_DISEASES
E75.0,GM2 gangliosidosis,DEGENERATIVE_NEUROLOGIC_OR_MUSCULAR_DISEASES
E75.1,Other gangliosidosis,DEGENERATIVE_NEUROLOGIC_OR_MUSCULAR_DISEASES
E75.2,Other sphingolipidosis,DEGENERATIVE_NEUROLOGIC_OR_MUSCULAR_DISEASES
E75.4,Neuronal ceroid lipofuscinosis,DEGENERATIVE_NEUROLOGIC_OR_MUSCULAR_DISEASES
F84.2,Rett's syndrome,DEGENERATIVE_NEUROLOGIC_OR_MUSCULAR_DISEASES
G11.0,Congenital nonprogressive ataxia,DEGENERATIVE_NEUROLOGIC_OR_MUSCULAR_DISEASES
G11.1,Early-onset cerebellar ataxia,DEGENERATIVE_NEUROLOGIC_OR_MUSCULAR_DISEASES
G11.2,Late-onset cerebellar ataxia,DEGENERATIVE_NEUROLOGIC_OR_MUSCULAR_DISEASES
G11.3,Cerebellar ataxia with defective DNA repair,DEGENERATIVE_NEUROLOGIC_OR_MUSCULAR_DISEASES
G11.4,Hereditary spastic paraplegia,DEGENERATIVE_NEUROLOGIC_OR_MUSCULAR_DISEASES
G11.8,Other hereditary ataxias,DEGENERATIVE_NEUROLOGIC_OR_MUSCULAR_DISEASES
G11.9,"Hereditary ataxia, unspecified",DEGENERATIVE_NEUROLOGIC_OR_MUSCULAR_DISEASES
G12.,Spinal muscular atrophy and related syndromes,DEGENERATIVE_NEUROLOGIC_OR_MUSCULAR_DISEASES
G12.0,"Infantile spinal muscular atrophy, type I [Werdnig-Hoffman]",DEGENERATIVE_NEUROLOGIC_OR_MUSCULAR_DISEASES
G12.1,Other inherited spinal muscular atrophy,DEGENERATIVE_NEUROLOGIC_OR_MUSCULAR_DISEASES
G12.2,Motor neuron disease,DEGENERATIVE_NEUROLOGIC_OR_MUSCULAR_DISEASES
G12.8,Other spinal muscular atrophies and related syndromes,DEGENERATIVE_NEUROLOGIC_OR_MUSCULAR_DISEASES
G12.9,"Spinal muscular atrophy, unspecified",DEGENERATIVE_NEUROLOGIC_OR_MUSCULAR_DISEASES
G13.0,Paraneoplastic neuromyopathy and neuropathy,DEGENERATIVE_NEUROLOGIC_OR_MUSCULAR_DISEASES
G13.1,Other systemic atrophy primarily affecting central nervous system in neoplastic disease,DEGENERATIVE_NEUROLOGIC_OR_MUSCULAR_DISEASES
G13.2,"Systemic atrophy primarily affecting central nervous system in myxoedema (E00.1+, E03.-+)",DEGENERATIVE_NEUROLOGIC_OR_MUSCULAR_DISEASES
G13.8,Systemic atrophy primarily affecting central nervous system in other diseases classified elsewhere,DEGENERATIVE_NEUROLOGIC_OR_MUSCULAR_DISEASES
G31.81,Mitochondrial cytopathy,DEGENERATIVE_NEUROLOGIC_OR_MUSCULAR_DISEASES
G31.88,Other specified degenerative diseases of nervous system,DEGENERATIVE_NEUROLOGIC_OR_MUSCULAR_DISEASES
G32.0,Subacute combined degeneration of spinal cord in diseases classified elsewhere,DEGENERATIVE_NEUROLOGIC_OR_MUSCULAR_DISEASES
G32.8,Other specified degenerative disorders of nervous system in diseases classified elsewhere,DEGENERATIVE_NEUROLOGIC_OR_MUSCULAR_DISEASES
G35.,Multiple sclerosis,DEGENERATIVE_NEUROLOGIC_OR_MUSCULAR_DISEASES
G36.0,Neuromyelitis optica [Devic],DEGENERATIVE_NEUROLOGIC_OR_MUSCULAR_DISEASES
G36.1,Acute and subacute haemorrhagic leukoencephalitis [Hurst],DEGENERATIVE_NEUROLOGIC_OR_MUSCULAR_DISEASES
G36.8,Other specified acute disseminated demyelination,DEGENERATIVE_NEUROLOGIC_OR_MUSCULAR_DISEASES
G36.9,"Acute disseminated demyelination, unspecified",DEGENERATIVE_NEUROLOGIC_OR_MUSCULAR_DISEASES
G37.0,Diffuse sclerosis,DEGENERATIVE_NEUROLOGIC_OR_MUSCULAR_DISEASES
G37.1,Central demyelination of corpus callosum,DEGENERATIVE_NEUROLOGIC_OR_MUSCULAR_DISEASES
G37.2,Central pontine myelinolysis,DEGENERATIVE_NEUROLOGIC_OR_MUSCULAR_DISEASES
G37.3,Acute transverse myelitis in demyelinating disease of central nervous system,DEGENERATIVE_NEUROLOGIC_OR_MUSCULAR_DISEASES
G37.4,Subacute necrotising myelitis,DEGENERATIVE_NEUROLOGIC_OR_MUSCULAR_DISEASES
G37.5,Concentric sclerosis [Balo],DEGENERATIVE_NEUROLOGIC_OR_MUSCULAR_DISEASES
G37.8,Other specified demyelinating diseases of central nervous system,DEGENERATIVE_NEUROLOGIC_OR_MUSCULAR_DISEASES
G37.9,"Demyelinating disease of central nervous system, unspecified",DEGENERATIVE_NEUROLOGIC_OR_MUSCULAR_DISEASES
G70.0,Myasthenia gravis,DEGENERATIVE_NEUROLOGIC_OR_MUSCULAR_DISEASES
G70.1,Toxic myoneural disorders,DEGENERATIVE_NEUROLOGIC_OR_MUSCULAR_DISEASES
G70.2,Congenital and developmental myasthenia,DEGENERATIVE_NEUROLOGIC_OR_MUSCULAR_DISEASES
G70.8,Other specified myoneural disorders,DEGENERATIVE_NEUROLOGIC_OR_MUSCULAR_DISEASES
G70.9,"Myoneural disorder, unspecified",DEGENERATIVE_NEUROLOGIC_OR_MUSCULAR_DISEASES
G71.0,Muscular dystrophy,DEGENERATIVE_NEUROLOGIC_OR_MUSCULAR_DISEASES
G71.1,Myotonic disorders,DEGENERATIVE_NEUROLOGIC_OR_MUSCULAR_DISEASES
G71.2,Congenital myopathies,DEGENERATIVE_NEUROLOGIC_OR_MUSCULAR_DISEASES
G71.3,"Mitochondrial myopathy, not elsewhere classified",DEGENERATIVE_NEUROLOGIC_OR_MUSCULAR_DISEASES
G71.8,Other primary disorders of muscles,DEGENERATIVE_NEUROLOGIC_OR_MUSCULAR_DISEASES
G71.9,"Primary disorder of muscle, unspecified",DEGENERATIVE_NEUROLOGIC_OR_MUSCULAR_DISEASES
G72.0,Drug-induced myopathy,DEGENERATIVE_NEUROLOGIC_OR_MUSCULAR_DISEASES
G72.1,Alcoholic myopathy,DEGENERATIVE_NEUROLOGIC_OR_MUSCULAR_DISEASES
G72.2,Myopathy due to other toxic agents,DEGENERATIVE_NEUROLOGIC_OR_MUSCULAR_DISEASES
G72.3,Periodic paralysis,DEGENERATIVE_NEUROLOGIC_OR_MUSCULAR_DISEASES
G72.4,"Inflammatory myopathy, not elsewhere classified",DEGENERATIVE_NEUROLOGIC_OR_MUSCULAR_DISEASES
G72.8,Other specified myopathies,DEGENERATIVE_NEUROLOGIC_OR_MUSCULAR_DISEASES
G72.9,"Myopathy, unspecified",DEGENERATIVE_NEUROLOGIC_OR_MUSCULAR_DISEASES
G73.0,Myasthenic syndromes in endocrine diseases,DEGENERATIVE_NEUROLOGIC_OR_MUSCULAR_DISEASES
G73.1,Lambert-Eaton syndrome (C00-D48+),DEGENERATIVE_NEUROLOGIC_OR_MUSCULAR_DISEASES
G73.2,Other myasthenic syndromes in neoplastic disease (C00-D48+),DEGENERATIVE_NEUROLOGIC_OR_MUSCULAR_DISEASES
G73.3,Myasthenic syndromes in other diseases classified elsewhere,DEGENERATIVE_NEUROLOGIC_OR_MUSCULAR_DISEASES
G73.4,Myopathy in infectious and parasitic diseases classified elsewhere,DEGENERATIVE_NEUROLOGIC_OR_MUSCULAR_DISEASES
G73.5,Myopathy in endocrine diseases,DEGENERATIVE_NEUROLOGIC_OR_MUSCULAR_DISEASES
G73.6,Myopathy in metabolic diseases,DEGENERATIVE_NEUROLOGIC_OR_MUSCULAR_DISEASES
G73.7,Myopathy in other diseases classified elsewhere,DEGENERATIVE_NEUROLOGIC_OR_MUSCULAR_DISEASES
G90.0,Idiopathic peripheral autonomic neuropathy,DEGENERATIVE_NEUROLOGIC_OR_MUSCULAR_DISEASES
G90.2,Horner's syndrome,DEGENERATIVE_NEUROLOGIC_OR_MUSCULAR_DISEASES
G90.8,Other disorders of autonomic nervous system,DEGENERATIVE_NEUROLOGIC_OR_MUSCULAR_DISEASES
G90.9,"Disorder of autonomic nervous system, unspecified",DEGENERATIVE_NEUROLOGIC_OR_MUSCULAR_DISEASES
G91.0,Communicating hydrocephalus,DEGENERATIVE_NEUROLOGIC_OR_MUSCULAR_DISEASES
G91.1,Obstructive hydrocephalus,DEGENERATIVE_NEUROLOGIC_OR_MUSCULAR_DISEASES
G91.2,Normal-pressure hydrocephalus,DEGENERATIVE_NEUROLOGIC_OR_MUSCULAR_DISEASES
G91.3,"Post traumatic hydrocephalus, unspecified",DEGENERATIVE_NEUROLOGIC_OR_MUSCULAR_DISEASES
G91.8,Other hydrocephalus,DEGENERATIVE_NEUROLOGIC_OR_MUSCULAR_DISEASES
G91.9,"Hydrocephalus, unspecified",DEGENERATIVE_NEUROLOGIC_OR_MUSCULAR_DISEASES
G93.0,Cerebral cysts,DEGENERATIVE_NEUROLOGIC_OR_MUSCULAR_DISEASES
G93.1,"Anoxic brain damage, not elsewhere classified",DEGENERATIVE_NEUROLOGIC_OR_MUSCULAR_DISEASES
G93.2,Benign intracranial hypertension,DEGENERATIVE_NEUROLOGIC_OR_MUSCULAR_DISEASES
G93.3,Postviral fatigue syndrome,DEGENERATIVE_NEUROLOGIC_OR_MUSCULAR_DISEASES
G93.4,"Encephalopathy, unspecified",DEGENERATIVE_NEUROLOGIC_OR_MUSCULAR_DISEASES
G93.5,Compression of brain,DEGENERATIVE_NEUROLOGIC_OR_MUSCULAR_DISEASES
G93.6,Cerebral oedema,DEGENERATIVE_NEUROLOGIC_OR_MUSCULAR_DISEASES
G93.7,Reye's syndrome,DEGENERATIVE_NEUROLOGIC_OR_MUSCULAR_DISEASES
G93.8,Other specified disorders of brain,DEGENERATIVE_NEUROLOGIC_OR_MUSCULAR_DISEASES
G93.9,"Disorder of brain, unspecified",DEGENERATIVE_NEUROLOGIC_OR_MUSCULAR_DISEASES
G94.0,"Hydrocephalus in infectious and parasitic diseases classified elsewhere (A00-B94.9, B99+)",DEGENERATIVE_NEUROLOGIC_OR_MUSCULAR_DISEASES
G94.1,Hydrocephalus in neoplastic disease (C00-D48+),DEGENERATIVE_NEUROLOGIC_OR_MUSCULAR_DISEASES
G94.2,Hydrocephalus in other diseases classified elsewhere,DEGENERATIVE_NEUROLOGIC_OR_MUSCULAR_DISEASES
G94.8,Other specified disorders of brain in diseases classified elsewhere,DEGENERATIVE_NEUROLOGIC_OR_MUSCULAR_DISEASES
G95.0,Syringomyelia and syringobulbia,DEGENERATIVE_NEUROLOGIC_OR_MUSCULAR_DISEASES
G95.1,Vascular myelopathies,DEGENERATIVE_NEUROLOGIC_OR_MUSCULAR_DISEASES
G95.2,"Cord compression, unspecified",DEGENERATIVE_NEUROLOGIC_OR_MUSCULAR_DISEASES
G95.8,Other specified diseases of spinal cord,DEGENERATIVE_NEUROLOGIC_OR_MUSCULAR_DISEASES
G95.9,"Disease of spinal cord, unspecified",DEGENERATIVE_NEUROLOGIC_OR_MUSCULAR_DISEASES
G99.0,Autonomic neuropathy in endocrine and metabolic diseases,DEGENERATIVE_NEUROLOGIC_OR_MUSCULAR_DISEASES
G99.1,Other disorders of autonomic nervous system in other diseases classified elsewhere,DEGENERATIVE_NEUROLOGIC_OR_MUSCULAR_DISEASES
G99.2,Myelopathy in diseases classified elsewhere,DEGENERATIVE_NEUROLOGIC_OR_MUSCULAR_DISEASES
B91.,Sequelae of poliomyelitis,PARAPLEGIA_OR_QUADRAPLEGIA
G04.1,Human T-cell lymphotrophic virus associated myelopathy,PARAPLEGIA_OR_QUADRAPLEGIA
G82.00,"Flaccid paraplegia, unspecified",PARAPLEGIA_OR_QUADRAPLEGIA
G82.01,"Flaccid paraplegia, unspecified, acute",PARAPLEGIA_OR_QUADRAPLEGIA
G82.02,"Flaccid paraplegia, unspecified, chronic",PARAPLEGIA_OR_QUADRAPLEGIA
G82.03,"Flaccid paraplegia, complete, acute",PARAPLEGIA_OR_QUADRAPLEGIA
G82.04,"Flaccid paraplegia, complete, chronic",PARAPLEGIA_OR_QUADRAPLEGIA
G82.05,"Flaccid paraplegia, incomplete, acute",PARAPLEGIA_OR_QUADRAPLEGIA
G82.06,"Flaccid paraplegia, incomplete, chronic",PARAPLEGIA_OR_QUADRAPLEGIA
G82.10,"Spastic paraplegia, unspecified",PARAPLEGIA_OR_QUADRAPLEGIA
G82.11,"Spastic paraplegia, unspecified, acute",PARAPLEGIA_OR_QUADRAPLEGIA
G82.12,"Spastic paraplegia, unspecified chronic",PARAPLEGIA_OR_QUADRAPLEGIA
G82.13,"Spastic paraplegia, complete, acute",PARAPLEGIA_OR_QUADRAPLEGIA
G82.14,"Spastic paraplegia, complete, chronic",PARAPLEGIA_OR_QUADRAPLEGIA
G82.15,"Spastic paraplegia, incomplete, acute",PARAPLEGIA_OR_QUADRAPLEGIA
G82.16,"Spastic paraplegia, incomplete, chronic",PARAPLEGIA_OR_QUADRAPLEGIA
G82.20,"Paraplegia, unspecified, unspecified",PARAPLEGIA_OR_QUADRAPLEGIA
G82.21,"Paraplegia, unspecified, acute",PARAPLEGIA_OR_QUADRAPLEGIA
G82.22,"Paraplegia, unspecified, chronic",PARAPLEGIA_OR_QUADRAPLEGIA
G82.23,"Paraplegia, unspecified, complete, acute",PARAPLEGIA_OR_QUADRAPLEGIA
G82.24,"Paraplegia, unspecified, complete, chronic",PARAPLEGIA_OR_QUADRAPLEGIA
G82.25,"Paraplegia, unspecified, incomplete, acute",PARAPLEGIA_OR_QUADRAPLEGIA
G82.26,"Paraplegia, unspecified, incomplete, chronic",PARAPLEGIA_OR_QUADRAPLEGIA
G82.30,"Flaccid tetraplegia, unspecified",PARAPLEGIA_OR_QUADRAPLEGIA
G82.31,"Flaccid tetraplegia, unspecified, acute",PARAPLEGIA_OR_QUADRAPLEGIA
G82.32,"Flaccid tetraplegia, unspecified, chronic",PARAPLEGIA_OR_QUADRAPLEGIA
G82.33,"Flaccid tetraplegia, complete, acute",PARAPLEGIA_OR_QUADRAPLEGIA
G82.34,"Flaccid tetraplegia, complete, chronic",PARAPLEGIA_OR_QUADRAPLEGIA
G82.35,"Flaccid tetraplegia, incomplete, acute",PARAPLEGIA_OR_QUADRAPLEGIA
G82.36,"Flaccid tetraplegia, incomplete, chronic",PARAPLEGIA_OR_QUADRAPLEGIA
G82.40,"Spastic tetraplegia, unspecified",PARAPLEGIA_OR_QUADRAPLEGIA
G82.41,"Spastic tetraplegia, unspecified, acute",PARAPLEGIA_OR_QUADRAPLEGIA
G82.42,"Spastic tetraplegia, unspecified, chronic",PARAPLEGIA_OR_QUADRAPLEGIA
G82.43,"Spastic tetraplegia, complete, acute",PARAPLEGIA_OR_QUADRAPLEGIA
G82.44,"Spastic tetraplegia, complete, chronic",PARAPLEGIA_OR_QUADRAPLEGIA
G82.45,"Spastic tetraplegia, incomplete, acute",PARAPLEGIA_OR_QUADRAPLEGIA
G82.46,"Spastic tetraplegia, incomplete, chronic",PARAPLEGIA_OR_QUADRAPLEGIA
G82.50,"Tetraplegia, unspecified, unspecified",PARAPLEGIA_OR_QUADRAPLEGIA
G82.51,"Tetraplegia, unspecified, acute",PARAPLEGIA_OR_QUADRAPLEGIA
G82.52,"Tetraplegia, unspecified, chronic",PARAPLEGIA_OR_QUADRAPLEGIA
G82.53,"Tetraplegia, unspecified, complete, acute",PARAPLEGIA_OR_QUADRAPLEGIA
G82.54,"Tetraplegia, unspecified, complete, chronic",PARAPLEGIA_OR_QUADRAPLEGIA
G82.55,"Tetraplegia, unspecified, incomplete, acute",PARAPLEGIA_OR_QUADRAPLEGIA
G82.56,"Tetraplegia, unspecified, incomplete, chronic",PARAPLEGIA_OR_QUADRAPLEGIA
G83.0,Diplegia of upper limbs,PARAPLEGIA_OR_QUADRAPLEGIA
G83.1,Monoplegia of lower limb,PARAPLEGIA_OR_QUADRAPLEGIA
G83.2,Monoplegia of upper limb,PARAPLEGIA_OR_QUADRAPLEGIA
G83.3,"Monoplegia, unspecified",PARAPLEGIA_OR_QUADRAPLEGIA
G83.4,Cauda equina syndrome,PARAPLEGIA_OR_QUADRAPLEGIA
G83.8,Other specified paralytic syndromes,PARAPLEGIA_OR_QUADRAPLEGIA
G83.9,"Paralytic syndrome, unspecified",PARAPLEGIA_OR_QUADRAPLEGIA
G80.0,Spastic cerebral palsy,INFANTILE_CEREBRAL_PALSY
G80.00,"Spastic cerebral palsy, unspecified",INFANTILE_CEREBRAL_PALSY
G80.01,Spastic diplegic cerebral palsy,INFANTILE_CEREBRAL_PALSY
G80.02,Spastic hemiplegic cerebral palsy,INFANTILE_CEREBRAL_PALSY
G80.03,Spastic quadriplegic cerebral palsy,INFANTILE_CEREBRAL_PALSY
G80.09,Other spastic cerebral palsy,INFANTILE_CEREBRAL_PALSY
G80.1,Spastic diplegia,INFANTILE_CEREBRAL_PALSY
G80.2,Infantile hemiplegia,INFANTILE_CEREBRAL_PALSY
G80.3,Dyskinetic cerebral palsy,INFANTILE_CEREBRAL_PALSY
G80.4,Ataxic cerebral palsy,INFANTILE_CEREBRAL_PALSY
G80.8,Other cerebral palsy,INFANTILE_CEREBRAL_PALSY
G80.9,"Cerebral palsy, unspecified",INFANTILE_CEREBRAL_PALSY
G40.0,Localisation-related (focal)(partial) idiopathic epilepsy and epileptic syndromes with seizures of localised onset,EPILEPSY
G40.00,"Localisation-related (focal)(partial) idiopathic epilepsy and epileptic syndromes with seizures of localised onset, without mention of intractable epilepsy",EPILEPSY
G40.01,"Localisation-related (focal)(partial) idiopathic epilepsy and epileptic syndromes with seizures of localised onset, with intractable epilepsy",EPILEPSY
G40.1,Localisation-related (focal)(partial) symptomatic epilepsy and epileptic syndromes with simple partial seizures,EPILEPSY
G40.10,"Localisation-related (focal)(partial) symptomatic epilepsy and epileptic syndromes with simple partial seizures, without mention of intractable epilepsy",EPILEPSY
G40.11,"Localisation-related (focal)(partial) symptomatic epilepsy and epileptic syndromes with simple partial seizures, with intractable epilepsy",EPILEPSY
G40.2,Localisation-related (focal)(partial) symptomatic epilepsy and epileptic syndromes with complex partial seizures,EPILEPSY
G40.20,"Localisation-related (focal)(partial) symptomatic epilepsy and epileptic syndromes with complex partial seizures, without mention of intractable epilepsy",EPILEPSY
G40.21,"Localisation-related (focal)(partial) symptomatic epilepsy and epileptic syndromes with complex partial seizures, with intractable epilepsy",EPILEPSY
G40.3,Generalised idiopathic epilepsy and epileptic syndromes,EPILEPSY
G40.30,"Generalised idiopathic epilepsy and epileptic syndromes, without mention of intractable epilepsy",EPILEPSY
G40.31,"Generalised idiopathic epilepsy and epileptic syndromes, with intractable epilepsy",EPILEPSY
G40.4,Other generalised epilepsy and epileptic syndromes,EPILEPSY
G40.40,"Other generalised epilepsy and epileptic syndromes, without mention of intractable epilepsy",EPILEPSY
G40.41,"Other generalised epilepsy and epileptic syndromes, with intractable epilepsy",EPILEPSY
G40.5,Special epileptic syndromes,EPILEPSY
G40.50,"Special epileptic syndromes, without mention of intractable epilepsy",EPILEPSY
G40.51,"Special epileptic syndromes, with intractable epilepsy",EPILEPSY
G40.6,"Grand mal seizures, unspecified (with or without petit mal)",EPILEPSY
G40.60,"Grand mal seizures, unspecified (with or without petit mal), without mention of intractable epilepsy",EPILEPSY
G40.61,"Grand mal seizures, unspecified (with or without petit mal), with intractable epilepsy",EPILEPSY
G40.7,"Petit mal, unspecified, without grand mal seizures",EPILEPSY
G40.70,"Petit mal, unspecified, without grand mal seizures, without mention of intractable epilepsy",EPILEPSY
G40.71,"Petit mal, unspecified, without grand mal seizures, with intractable epilepsy",EPILEPSY
G40.8,Other epilepsy,EPILEPSY
G40.80,"Other epilepsy, without mention of intractable epilepsy",EPILEPSY
G40.81,"Other epilepsy, with intractable epilepsy",EPILEPSY
G40.9,"Epilepsy, unspecified",EPILEPSY
G40.90,"Epilepsy, unspecified, without mention of intractable epilepsy",EPILEPSY
G40.91,"Epilepsy, unspecified, with intractable epilepsy",EPILEPSY
G41.0,Grand mal status epilepticus,EPILEPSY
G41.1,Petit mal status epilepticus,EPILEPSY
G41.2,Complex partial status epilepticus,EPILEPSY
G41.8,Other status epilepticus,EPILEPSY
G41.9,"Status epilepticus, unspecified",EPILEPSY
G47.4,Narcolepsy and cataplexy,EPILEPSY
R56.0,Febrile convulsions,EPILEPSY
R56.8,Other and unspecified convulsions,EPILEPSY
H40.0,Glaucoma suspect,GLAUCOMA
H40.1,Primary open-angle glaucoma,GLAUCOMA
H40.2,Primary angle-closure glaucoma,GLAUCOMA
H40.3,Glaucoma secondary to eye trauma,GLAUCOMA
H40.4,Glaucoma secondary to eye inflammation,GLAUCOMA
H40.5,Glaucoma secondary to other eye disorders,GLAUCOMA
H40.6,Glaucoma secondary to drugs,GLAUCOMA
H40.8,Other glaucoma,GLAUCOMA
H40.9,"Glaucoma, unspecified",GLAUCOMA
H42.0,"Glaucoma in endocrine, nutritional and metabolic diseases",GLAUCOMA
H42.8,Glaucoma in other diseases classified elsewhere,GLAUCOMA
H25.0,Senile incipient cataract,CATARACT
H25.1,Senile nuclear cataract,CATARACT
H25.2,"Senile cataract, morgagnian type",CATARACT
H25.8,Other senile cataract,CATARACT
H25.9,"Senile cataract, unspecified",CATARACT
H26.0,"Infantile, juvenile and presenile cataract",CATARACT
H26.1,Traumatic cataract,CATARACT
H26.2,Complicated cataract,CATARACT
H26.3,Drug-induced cataract,CATARACT
H26.4,After-cataract,CATARACT
H26.8,Other specified cataract,CATARACT
H26.9,"Cataract, unspecified",CATARACT
H28.0,Diabetic cataract,CATARACT
H28.1,"Cataract in endocrine, nutritional and metabolic diseases",CATARACT
H28.2,Cataract in other diseases classified elsewhere,CATARACT
Z96.1,Presence of intraocular lens,CATARACT
B94.0,Sequelae of trachoma,BLINDNESS_OR_LOW_VISION
E10.30,"Type 1 diabetes mellitus with ophthalmic complication, unspecified",BLINDNESS_OR_LOW_VISION
E10.31,Type 1 diabetes mellitus with background retinopathy,BLINDNESS_OR_LOW_VISION
E10.32,Type 1 diabetes mellitus with preproliferative retinopathy,BLINDNESS_OR_LOW_VISION
E10.33,Type 1 diabetes mellitus with proliferative retinopathy,BLINDNESS_OR_LOW_VISION
E10.34,Type 1 diabetes mellitus with other retinopathy,BLINDNESS_OR_LOW_VISION
E10.35,Type 1 diabetes mellitus with advanced ophthalmic disease,BLINDNESS_OR_LOW_VISION
E10.36,Type 1 diabetes mellitus with diabetic cataract,BLINDNESS_OR_LOW_VISION
E10.39,Type 1 diabetes mellitus with other specified ophthalmic complication,BLINDNESS_OR_LOW_VISION
E11.30,"Type 2 diabetes mellitus with ophthalmic complication, unspecified",BLINDNESS_OR_LOW_VISION
E11.31,Type 2 diabetes mellitus with background retinopathy,BLINDNESS_OR_LOW_VISION
E11.32,Type 2 diabetes mellitus with preproliferative retinopathy,BLINDNESS_OR_LOW_VISION
E11.33,Type 2 diabetes mellitus with proliferative retinopathy,BLINDNESS_OR_LOW_VISION
E11.34,Type 2 diabetes mellitus with other retinopathy,BLINDNESS_OR_LOW_VISION
E11.35,Type 2 diabetes mellitus with advanced ophthalmic disease,BLINDNESS_OR_LOW_VISION
E11.36,Type 2 diabetes mellitus with diabetic cataract,BLINDNESS_OR_LOW_VISION
E11.39,Type 2 diabetes mellitus with other specified ophthalmic complication,BLINDNESS_OR_LOW_VISION
E12.30,"Malnutrition-related diabetes mellitus with ophthalmic complications, not stated as uncontrolled",BLINDNESS_OR_LOW_VISION
E12.31,"Malnutrition-related diabetes mellitus with ophthalmic complications, stated as uncontrolled",BLINDNESS_OR_LOW_VISION
E13.30,"Other specified diabetes mellitus with ophthalmic complication, unspecified",BLINDNESS_OR_LOW_VISION
E13.31,Other specified diabetes mellitus with background retinopathy,BLINDNESS_OR_LOW_VISION
E13.32,Other specified diabetes mellitus with preproliferative retinopathy,BLINDNESS_OR_LOW_VISION
E13.33,Other specified diabetes mellitus with proliferative retinopathy,BLINDNESS_OR_LOW_VISION
E13.34,Other specified diabetes mellitus with other retinopathy,BLINDNESS_OR_LOW_VISION
E13.35,Other specified diabetes mellitus with advanced ophthalmic disease,BLINDNESS_OR_LOW_VISION
E13.36,Other specified diabetes mellitus with diabetic cataract,BLINDNESS_OR_LOW_VISION
E13.39,Other specified diabetes mellitus with other specified ophthalmic complication,BLINDNESS_OR_LOW_VISION
E14.30,"Unspecified diabetes mellitus with ophthalmic complication, unspecified",BLINDNESS_OR_LOW_VISION
E14.31,Unspecified diabetes mellitus with background retinopathy,BLINDNESS_OR_LOW_VISION
E14.32,Unspecified diabetes mellitus with preproliferative retinopathy,BLINDNESS_OR_LOW_VISION
E14.33,Unspecified diabetes mellitus with proliferative retinopathy,BLINDNESS_OR_LOW_VISION
E14.34,Unspecified diabetes mellitus with other retinopathy,BLINDNESS_OR_LOW_VISION
E14.35,Unspecified diabetes mellitus with advanced ophthalmic disease,BLINDNESS_OR_LOW_VISION
E14.36,Unspecified diabetes mellitus with diabetic cataract,BLINDNESS_OR_LOW_VISION
E14.39,Unspecified diabetes mellitus with other specified ophthalmic complication,BLINDNESS_OR_LOW_VISION
H54.0,"Blindness, binocular",BLINDNESS_OR_LOW_VISION
H54.1,"Severe visual impairment, binocular",BLINDNESS_OR_LOW_VISION
H54.2,"Moderate visual impairment, binocular",BLINDNESS_OR_LOW_VISION
H54.3,"Mild or no visual impairment, binocular",BLINDNESS_OR_LOW_VISION
H54.4,"Blindness, monocular",BLINDNESS_OR_LOW_VISION
H54.5,"Severe visual impairment, monocular",BLINDNESS_OR_LOW_VISION
H54.6,"Moderate visual impairment, monocular",BLINDNESS_OR_LOW_VISION
H54.7,Unspecified visual loss,BLINDNESS_OR_LOW_VISION
Z97.0,Presence of artificial eye,BLINDNESS_OR_LOW_VISION
G45.0,Vertebro-basilar artery syndrome,CVD_OR_STROKE
G45.1,Carotid artery syndrome (hemispheric),CVD_OR_STROKE
G45.2,Multiple and bilateral precerebral artery syndromes,CVD_OR_STROKE
G45.3,Amaurosis fugax,CVD_OR_STROKE
G45.4,Transient global amnesia,CVD_OR_STROKE
G45.8,Other transient cerebral ischaemic attacks and related syndromes,CVD_OR_STROKE
G45.9,"Transient cerebral ischaemic attack, unspecified",CVD_OR_STROKE
G46.,Vascular syndromes of brain in cerebrovascular diseases (I60-I67+),CVD_OR_STROKE
G46.0,Middle cerebral artery syndrome (I66.0+),CVD_OR_STROKE
G46.1,Anterior cerebral artery syndrome (I66.1+),CVD_OR_STROKE
G46.2,Posterior cerebral artery syndrome (I66.2+),CVD_OR_STROKE
G46.3,Brain stem stroke syndrome (I60-I67+),CVD_OR_STROKE
G46.4,Cerebellar stroke syndrome (I60-I67+),CVD_OR_STROKE
G46.5,Pure motor lacunar syndrome (I60-I67+),CVD_OR_STROKE
G46.6,Pure sensory lacunar syndrome (I60-I67+),CVD_OR_STROKE
G46.7,Other lacunar syndromes (I60-I67+),CVD_OR_STROKE
G46.8,Other vascular syndromes of brain in cerebrovascular diseases (I60-I67+),CVD_OR_STROKE
G81.0,Flaccid hemiplegia,CVD_OR_STROKE
G81.1,Spastic hemiplegia,CVD_OR_STROKE
G81.9,"Hemiplegia, unspecified",CVD_OR_STROKE
G97.8,Other intraoperative and postprocedural disorders of nervous system,CVD_OR_STROKE
G97.9,"Intraoperative and postprocedural disorder of nervous system, unspecified",CVD_OR_STROKE
H34.0,Transient retinal artery occlusion,CVD_OR_STROKE
I61.0,"Intracerebral haemorrhage in hemisphere, subcortical",CVD_OR_STROKE
I61.1,"Intracerebral haemorrhage in hemisphere, cortical",CVD_OR_STROKE
I61.2,"Intracerebral haemorrhage in hemisphere, unspecified",CVD_OR_STROKE
I61.3,Intracerebral haemorrhage in brain stem,CVD_OR_STROKE
I61.4,Intracerebral haemorrhage in cerebellum,CVD_OR_STROKE
I61.5,"Intracerebral haemorrhage, intraventricular",CVD_OR_STROKE
I61.6,"Intracerebral haemorrhage, multiple localised",CVD_OR_STROKE
I61.8,Other intracerebral haemorrhage,CVD_OR_STROKE
I61.9,"Intracerebral haemorrhage, unspecified",CVD_OR_STROKE
I62.0,Nontraumatic subdural haemorrhage,CVD_OR_STROKE
I62.1,Nontraumatic extradural haemorrhage,CVD_OR_STROKE
I62.9,"Intracranial haemorrhage (nontraumatic), unspecified",CVD_OR_STROKE
I63.0,Cerebral infarction due to thrombosis of precerebral arteries,CVD_OR_STROKE
I63.1,Cerebral infarction due to embolism of precerebral arteries,CVD_OR_STROKE
I63.2,Cerebral infarction due to unspecified occlusion or stenosis of precerebral arteries,CVD_OR_STROKE
I63.3,Cerebral infarction due to thrombosis of cerebral arteries,CVD_OR_STROKE
I63.4,Cerebral infarction due to embolism of cerebral arteries,CVD_OR_STROKE
I63.5,Cerebral infarction due to unspecified occlusion or stenosis of cerebral arteries,CVD_OR_STROKE
I63.6,"Cerebral infarction due to cerebral venous thrombosis, nonpyogenic",CVD_OR_STROKE
I63.8,Other cerebral infarction,CVD_OR_STROKE
I63.9,"Cerebral infarction, unspecified",CVD_OR_STROKE
I64.,"Stroke, not specified as haemorrhage or infarction",CVD_OR_STROKE
I65.0,Occlusion and stenosis of vertebral artery,CVD_OR_STROKE
I65.1,Occlusion and stenosis of basilar artery,CVD_OR_STROKE
I65.2,Occlusion and stenosis of carotid artery,CVD_OR_STROKE
I65.3,Occlusion and stenosis of multiple and bilateral precerebral arteries,CVD_OR_STROKE
I65.8,Occlusion and stenosis of other precerebral artery,CVD_OR_STROKE
I65.9,Occlusion and stenosis of unspecified precerebral artery,CVD_OR_STROKE
I66.0,Occlusion and stenosis of middle cerebral artery,CVD_OR_STROKE
I66.1,Occlusion and stenosis of anterior cerebral artery,CVD_OR_STROKE
I66.2,Occlusion and stenosis of posterior cerebral artery,CVD_OR_STROKE
I66.3,Occlusion and stenosis of cerebellar arteries,CVD_OR_STROKE
I66.4,Occlusion and stenosis of multiple and bilateral cerebral arteries,CVD_OR_STROKE
I66.8,Occlusion and stenosis of other cerebral artery,CVD_OR_STROKE
I66.9,Occlusion and stenosis of unspecified cerebral artery,CVD_OR_STROKE
I67.0,"Dissection of cerebral arteries, nonruptured",CVD_OR_STROKE
I67.1,"Cerebral aneurysm, nonruptured",CVD_OR_STROKE
I67.2,Cerebral atherosclerosis,CVD_OR_STROKE
I67.3,Progressive vascular leukoencephalopathy,CVD_OR_STROKE
I67.4,Hypertensive encephalopathy,CVD_OR_STROKE
I67.5,Moyamoya disease,CVD_OR_STROKE
I67.6,Nonpyogenic thrombosis of intracranial venous system,CVD_OR_STROKE
I67.7,"Cerebral arteritis, not elsewhere classified",CVD_OR_STROKE
I67.8,Other specified cerebrovascular diseases,CVD_OR_STROKE
I67.9,"Cerebrovascular disease, unspecified",CVD_OR_STROKE
I68.0,Cerebral amyloid angiopathy (E85.-+),CVD_OR_STROKE
I69.0,Sequelae of subarachnoid haemorrhage,CVD_OR_STROKE
I69.1,Sequelae of intracerebral haemorrhage,CVD_OR_STROKE
I69.2,Sequelae of other nontraumatic intracranial haemorrhage,CVD_OR_STROKE
I69.3,Sequelae of cerebral infarction,CVD_OR_STROKE
I69.4,"Sequelae of stroke, not specified as haemorrhage or infarction",CVD_OR_STROKE
I69.8,Sequelae of other and unspecified cerebrovascular diseases,CVD_OR_STROKE
R47.0,Dysphasia and aphasia,CVD_OR_STROKE
R47.1,Dysarthria and anarthria,CVD_OR_STROKE
R47.8,Other and unspecified speech disturbances,CVD_OR_STROKE
I10.,Essential (primary) hypertension,HYPERTENSION
I11.9,Hypertensive heart disease without (congestive) heart failure,HYPERTENSION
I12.9,Hypertensive kidney disease without kidney failure,HYPERTENSION
I13.9,"Hypertensive heart and kidney disease, unspecified",HYPERTENSION
I15.0,Renovascular hypertension,HYPERTENSION
I15.1,Hypertension secondary to other kidney disorders,HYPERTENSION
I15.2,Hypertension secondary to endocrine disorders,HYPERTENSION
I15.8,Other secondary hypertension,HYPERTENSION
I15.9,"Secondary hypertension, unspecified",HYPERTENSION
I11.0,Hypertensive heart disease with (congestive) heart failure,CONGESTIVE_CARDIAC_FAILURE
I13.0,Hypertensive heart and kidney disease with (congestive) heart failure,CONGESTIVE_CARDIAC_FAILURE
I42.0,Dilated cardiomyopathy,CONGESTIVE_CARDIAC_FAILURE
I42.1,Obstructive hypertrophic cardiomyopathy,CONGESTIVE_CARDIAC_FAILURE
I42.2,Other hypertrophic cardiomyopathy,CONGESTIVE_CARDIAC_FAILURE
I42.3,Endomyocardial (eosinophilic) disease,CONGESTIVE_CARDIAC_FAILURE
I42.4,Endocardial fibroelastosis,CONGESTIVE_CARDIAC_FAILURE
I42.5,Other restrictive cardiomyopathy,CONGESTIVE_CARDIAC_FAILURE
I42.6,Alcoholic cardiomyopathy,CONGESTIVE_CARDIAC_FAILURE
I42.7,Cardiomyopathy due to drugs and other external agents,CONGESTIVE_CARDIAC_FAILURE
I42.8,Other cardiomyopathies,CONGESTIVE_CARDIAC_FAILURE
I42.9,"Cardiomyopathy, unspecified",CONGESTIVE_CARDIAC_FAILURE
I43.0,Cardiomyopathy in infectious and parasitic diseases classified elsewhere,CONGESTIVE_CARDIAC_FAILURE
I43.1,Cardiomyopathy in metabolic diseases,CONGESTIVE_CARDIAC_FAILURE
I43.2,Cardiomyopathy in nutritional diseases,CONGESTIVE_CARDIAC_FAILURE
I43.8,Cardiomyopathy in other diseases classified elsewhere,CONGESTIVE_CARDIAC_FAILURE
I50.0,Congestive heart failure,CONGESTIVE_CARDIAC_FAILURE
I50.1,Left ventricular failure,CONGESTIVE_CARDIAC_FAILURE
I50.9,"Heart failure, unspecified",CONGESTIVE_CARDIAC_FAILURE
I51.7,Cardiomegaly,CONGESTIVE_CARDIAC_FAILURE
R60.0,Localised oedema,CONGESTIVE_CARDIAC_FAILURE
R60.1,Generalised oedema,CONGESTIVE_CARDIAC_FAILURE
R60.9,"Oedema, unspecified",CONGESTIVE_CARDIAC_FAILURE
I21.0,Acute transmural myocardial infarction of anterior wall,MYOCARDIAL_INFARCTION
I21.1,Acute transmural myocardial infarction of inferior wall,MYOCARDIAL_INFARCTION
I21.2,Acute transmural myocardial infarction of other sites,MYOCARDIAL_INFARCTION
I21.3,Acute transmural myocardial infarction of unspecified site,MYOCARDIAL_INFARCTION
I21.4,Acute subendocardial myocardial infarction,MYOCARDIAL_INFARCTION
I21.9,"Acute myocardial infarction, unspecified",MYOCARDIAL_INFARCTION
I22.0,Subsequent myocardial infarction of anterior wall,MYOCARDIAL_INFARCTION
I22.1,Subsequent myocardial infarction of inferior wall,MYOCARDIAL_INFARCTION
I22.8,Subsequent myocardial infarction of other sites,MYOCARDIAL_INFARCTION
I22.9,Subsequent myocardial infarction of unspecified site,MYOCARDIAL_INFARCTION
I25.2,Old myocardial infarction,MYOCARDIAL_INFARCTION
I20.0,Unstable angina,OTHER_ISCHEMIC_HEART_DISEASE
I20.1,Angina pectoris with documented spasm,OTHER_ISCHEMIC_HEART_DISEASE
I20.8,Other forms of angina pectoris,OTHER_ISCHEMIC_HEART_DISEASE
I20.9,"Angina pectoris, unspecified",OTHER_ISCHEMIC_HEART_DISEASE
I24.0,Coronary thrombosis not resulting in myocardial infarction,OTHER_ISCHEMIC_HEART_DISEASE
I24.1,Dressler's syndrome,OTHER_ISCHEMIC_HEART_DISEASE
I24.8,Other forms of acute ischaemic heart disease,OTHER_ISCHEMIC_HEART_DISEASE
I24.9,"Acute ischaemic heart disease, unspecified",OTHER_ISCHEMIC_HEART_DISEASE
I25.10,"Atherosclerotic heart disease, of unspecified vessel",OTHER_ISCHEMIC_HEART_DISEASE
I25.11,"Atherosclerotic heart disease, of native coronary artery",OTHER_ISCHEMIC_HEART_DISEASE
I25.12,"Atherosclerotic heart disease, of autologous bypass graft",OTHER_ISCHEMIC_HEART_DISEASE
I25.13,"Atherosclerotic heart disease, of nonautologous bypass graft",OTHER_ISCHEMIC_HEART_DISEASE
I25.3,Aneurysm of heart,OTHER_ISCHEMIC_HEART_DISEASE
I25.4,Coronary artery aneurysm and dissection,OTHER_ISCHEMIC_HEART_DISEASE
I25.5,Ischaemic cardiomyopathy,OTHER_ISCHEMIC_HEART_DISEASE
I25.6,Silent myocardial ischaemia,OTHER_ISCHEMIC_HEART_DISEASE
I25.8,Other forms of chronic ischaemic heart disease,OTHER_ISCHEMIC_HEART_DISEASE
I25.9,"Chronic ischaemic heart disease, unspecified",OTHER_ISCHEMIC_HEART_DISEASE
T82.1,Mechanical complication of electronic cardiac device,OTHER_ISCHEMIC_HEART_DISEASE
T82.2,Mechanical complication of coronary artery bypass and valve grafts,OTHER_ISCHEMIC_HEART_DISEASE
T82.3,Mechanical complication of other vascular grafts,OTHER_ISCHEMIC_HEART_DISEASE
T82.5,Mechanical complication of other cardiac and vascular devices and implants,OTHER_ISCHEMIC_HEART_DISEASE
I27.0,Primary pulmonary hypertension,CHRONIC_PULMONARY_CIRCULATORY_DISORDERS
I27.1,Kyphoscoliotic heart disease,CHRONIC_PULMONARY_CIRCULATORY_DISORDERS
I27.2,Other secondary pulmonary hypertension,CHRONIC_PULMONARY_CIRCULATORY_DISORDERS
I27.8,Other specified pulmonary heart diseases,CHRONIC_PULMONARY_CIRCULATORY_DISORDERS
I27.9,"Pulmonary heart disease, unspecified",CHRONIC_PULMONARY_CIRCULATORY_DISORDERS
I28.9,"Disease of pulmonary vessels, unspecified",CHRONIC_PULMONARY_CIRCULATORY_DISORDERS
I05.0,Mitral stenosis,VALVULAR_DISEASE
I05.1,Rheumatic mitral insufficiency,VALVULAR_DISEASE
I05.2,Mitral stenosis with insufficiency,VALVULAR_DISEASE
I05.8,Other mitral valve diseases,VALVULAR_DISEASE
I05.9,"Mitral valve disease, unspecified",VALVULAR_DISEASE
I06.0,Rheumatic aortic stenosis,VALVULAR_DISEASE
I06.1,Rheumatic aortic insufficiency,VALVULAR_DISEASE
I06.2,Rheumatic aortic stenosis with insufficiency,VALVULAR_DISEASE
I06.8,Other rheumatic aortic valve diseases,VALVULAR_DISEASE
I06.9,"Rheumatic aortic valve disease, unspecified",VALVULAR_DISEASE
I07.0,Tricuspid stenosis,VALVULAR_DISEASE
I07.1,Tricuspid insufficiency,VALVULAR_DISEASE
I07.2,Tricuspid stenosis with insufficiency,VALVULAR_DISEASE
I07.8,Other tricuspid valve diseases,VALVULAR_DISEASE
I07.9,"Tricuspid valve disease, unspecified",VALVULAR_DISEASE
I08.0,Disorders of both mitral and aortic valves,VALVULAR_DISEASE
I08.1,Disorders of both mitral and tricuspid valves,VALVULAR_DISEASE
I08.2,Disorders of both aortic and tricuspid valves,VALVULAR_DISEASE
I08.3,"Combined disorders of mitral, aortic and tricuspid valves",VALVULAR_DISEASE
I08.8,Other multiple valve diseases,VALVULAR_DISEASE
I08.9,"Multiple valve disease, unspecified",VALVULAR_DISEASE
I09.1,"Rheumatic diseases of endocardium, valve unspecified",VALVULAR_DISEASE
I34.0,Mitral (valve) insufficiency,VALVULAR_DISEASE
I34.1,Mitral (valve) prolapse,VALVULAR_DISEASE
I34.2,Nonrheumatic mitral (valve) stenosis,VALVULAR_DISEASE
I34.8,Other nonrheumatic mitral valve disorders,VALVULAR_DISEASE
I34.9,"Nonrheumatic mitral valve disorder, unspecified",VALVULAR_DISEASE
I35.0,Aortic (valve) stenosis,VALVULAR_DISEASE
I35.1,Aortic (valve) insufficiency,VALVULAR_DISEASE
I35.2,Aortic (valve) stenosis with insufficiency,VALVULAR_DISEASE
I35.8,Other aortic valve disorders,VALVULAR_DISEASE
I35.9,"Aortic valve disorder, unspecified",VALVULAR_DISEASE
I36.0,Nonrheumatic tricuspid (valve) stenosis,VALVULAR_DISEASE
I36.1,Nonrheumatic tricuspid (valve) insufficiency,VALVULAR_DISEASE
I36.2,Nonrheumatic tricuspid (valve) stenosis with insufficiency,VALVULAR_DISEASE
I36.8,Other nonrheumatic tricuspid valve disorders,VALVULAR_DISEASE
I36.9,"Nonrheumatic tricuspid valve disorder, unspecified",VALVULAR_DISEASE
I37.0,Pulmonary valve stenosis,VALVULAR_DISEASE
I37.1,Pulmonary valve insufficiency,VALVULAR_DISEASE
I37.2,Pulmonary valve stenosis with insufficiency,VALVULAR_DISEASE
I37.8,Other pulmonary valve disorders,VALVULAR_DISEASE
I37.9,"Pulmonary valve disorder, unspecified",VALVULAR_DISEASE
I38.,"Endocarditis, valve unspecified",VALVULAR_DISEASE
I39.0,Mitral valve disorders in diseases classified elsewhere,VALVULAR_DISEASE
I39.1,Aortic valve disorders in diseases classified elsewhere,VALVULAR_DISEASE
I39.2,Tricuspid valve disorders in diseases classified elsewhere,VALVULAR_DISEASE
I39.3,Pulmonary valve disorders in diseases classified elsewhere,VALVULAR_DISEASE
I39.4,Multiple valve disorders in diseases classified elsewhere,VALVULAR_DISEASE
I39.8,"Endocarditis, valve unspecified, in diseases classified elsewhere",VALVULAR_DISEASE
T82.0,Mechanical complication of heart valve prosthesis,VALVULAR_DISEASE
Z95.2,Presence of prosthetic heart valve,VALVULAR_DISEASE
Z95.3,Presence of xenogenic heart valve,VALVULAR_DISEASE
Z95.4,Presence of other heart-valve replacement,VALVULAR_DISEASE
I44.0,"Atrioventricular block, first degree",CARDIAC_DYSRHYTHMIAS_OR_ARREST
I44.1,"Atrioventricular block, second degree",CARDIAC_DYSRHYTHMIAS_OR_ARREST
I44.2,"Atrioventricular block, complete",CARDIAC_DYSRHYTHMIAS_OR_ARREST
I44.3,Other and unspecified atrioventricular block,CARDIAC_DYSRHYTHMIAS_OR_ARREST
I44.4,Left anterior fascicular block,CARDIAC_DYSRHYTHMIAS_OR_ARREST
I44.5,Left posterior fascicular block,CARDIAC_DYSRHYTHMIAS_OR_ARREST
I44.6,Other and unspecified fascicular block,CARDIAC_DYSRHYTHMIAS_OR_ARREST
I44.7,"Left bundle-branch block, unspecified",CARDIAC_DYSRHYTHMIAS_OR_ARREST
I45.0,Right fascicular block,CARDIAC_DYSRHYTHMIAS_OR_ARREST
I45.1,Other and unspecified right bundle-branch block,CARDIAC_DYSRHYTHMIAS_OR_ARREST
I45.2,Bifascicular block,CARDIAC_DYSRHYTHMIAS_OR_ARREST
I45.3,Trifascicular block,CARDIAC_DYSRHYTHMIAS_OR_ARREST
I45.4,Nonspecific intraventricular block,CARDIAC_DYSRHYTHMIAS_OR_ARREST
I45.5,Other specified heart block,CARDIAC_DYSRHYTHMIAS_OR_ARREST
I45.6,Pre-excitation syndrome,CARDIAC_DYSRHYTHMIAS_OR_ARREST
I45.8,Other specified conduction disorders,CARDIAC_DYSRHYTHMIAS_OR_ARREST
I45.9,"Conduction disorder, unspecified",CARDIAC_DYSRHYTHMIAS_OR_ARREST
I46.0,Cardiac arrest with successful resuscitation,CARDIAC_DYSRHYTHMIAS_OR_ARREST
I46.1,"Sudden cardiac death, so described",CARDIAC_DYSRHYTHMIAS_OR_ARREST
I46.9,"Cardiac arrest, unspecified",CARDIAC_DYSRHYTHMIAS_OR_ARREST
I47.0,Re-entry ventricular arrhythmia,CARDIAC_DYSRHYTHMIAS_OR_ARREST
I47.1,Supraventricular tachycardia,CARDIAC_DYSRHYTHMIAS_OR_ARREST
I47.2,Ventricular tachycardia,CARDIAC_DYSRHYTHMIAS_OR_ARREST
I47.9,"Paroxysmal tachycardia, unspecified",CARDIAC_DYSRHYTHMIAS_OR_ARREST
I48.,Atrial fibrillation and flutter,CARDIAC_DYSRHYTHMIAS_OR_ARREST
I49.0,Ventricular fibrillation and flutter,CARDIAC_DYSRHYTHMIAS_OR_ARREST
I49.1,Atrial premature depolarisation,CARDIAC_DYSRHYTHMIAS_OR_ARREST
I49.2,Junctional premature depolarisation,CARDIAC_DYSRHYTHMIAS_OR_ARREST
I49.3,Ventricular premature depolarisation,CARDIAC_DYSRHYTHMIAS_OR_ARREST
I49.4,Other and unspecified premature depolarisation,CARDIAC_DYSRHYTHMIAS_OR_ARREST
I49.5,"Sinus node dysfunction, not elsewhere classified",CARDIAC_DYSRHYTHMIAS_OR_ARREST
I49.8,Other specified cardiac arrhythmias,CARDIAC_DYSRHYTHMIAS_OR_ARREST
I49.9,"Cardiac arrhythmia, unspecified",CARDIAC_DYSRHYTHMIAS_OR_ARREST
R00.1,"Bradycardia, unspecified",CARDIAC_DYSRHYTHMIAS_OR_ARREST
R09.2,Respiratory arrest,CARDIAC_DYSRHYTHMIAS_OR_ARREST
Z45.0,Adjustment and management of cardiac device,CARDIAC_DYSRHYTHMIAS_OR_ARREST
Z95.0,Presence of cardiac device,CARDIAC_DYSRHYTHMIAS_OR_ARREST
E10.50,"Type 1 diabetes mellitus with circulatory complication, unspecified",PERIPHERAL_VASCULAR_DISEASE
E10.51,"Type 1 diabetes mellitus with peripheral angiopathy, without gangrene",PERIPHERAL_VASCULAR_DISEASE
E10.52,"Type 1 diabetes mellitus with peripheral angiopathy, with gangrene",PERIPHERAL_VASCULAR_DISEASE
E10.53,Type 1 diabetes mellitus with diabetic cardiomyopathy,PERIPHERAL_VASCULAR_DISEASE
E10.59,Type 1 diabetes mellitus with other specified circulatory complication,PERIPHERAL_VASCULAR_DISEASE
E11.50,"Type 2 diabetes mellitus with circulatory complication, unspecified",PERIPHERAL_VASCULAR_DISEASE
E11.51,"Type 2 diabetes mellitus with peripheral angiopathy, without gangrene",PERIPHERAL_VASCULAR_DISEASE
E11.52,"Type 2 diabetes mellitus with peripheral angiopathy, with gangrene",PERIPHERAL_VASCULAR_DISEASE
E11.53,Type 2 diabetes mellitus with diabetic cardiomyopathy,PERIPHERAL_VASCULAR_DISEASE
E11.59,Type 2 diabetes mellitus with other specified circulatory complication,PERIPHERAL_VASCULAR_DISEASE
E12.50,"Malnutrition-related diabetes mellitus with peripheral circulatory complications, not stated as uncontrolled",PERIPHERAL_VASCULAR_DISEASE
E12.51,"Malnutrition-related diabetes mellitus with peripheral circulatory complications, stated as uncontrolled",PERIPHERAL_VASCULAR_DISEASE
E13.50,"Other specified diabetes mellitus with circulatory complication, unspecified",PERIPHERAL_VASCULAR_DISEASE
E13.51,"Other specified diabetes mellitus with peripheral angiopathy, without gangrene",PERIPHERAL_VASCULAR_DISEASE
E13.52,"Other specified diabetes mellitus with peripheral angiopathy, with gangrene",PERIPHERAL_VASCULAR_DISEASE
E13.53,Other specified diabetes mellitus with diabetic cardiomyopathy,PERIPHERAL_VASCULAR_DISEASE
E13.59,Other specified diabetes mellitus with other specified circulatory complication,PERIPHERAL_VASCULAR_DISEASE
E14.50,"Unspecified diabetes mellitus with circulatory complication, unspecified",PERIPHERAL_VASCULAR_DISEASE
E14.51,"Unspecified diabetes mellitus with peripheral angiopathy, without gangrene",PERIPHERAL_VASCULAR_DISEASE
E14.52,"Unspecified diabetes mellitus with peripheral angiopathy, with gangrene",PERIPHERAL_VASCULAR_DISEASE
E14.53,Unspecified diabetes mellitus with diabetic cardiomyopathy,PERIPHERAL_VASCULAR_DISEASE
E14.59,Unspecified diabetes mellitus with other specified circulatory complication,PERIPHERAL_VASCULAR_DISEASE
I70.0,Atherosclerosis of aorta,PERIPHERAL_VASCULAR_DISEASE
I70.1,Atherosclerosis of renal artery,PERIPHERAL_VASCULAR_DISEASE
I70.20,"Atherosclerosis of arteries of extremities, unspecified",PERIPHERAL_VASCULAR_DISEASE
I70.21,Atherosclerosis of arteries of extremities with intermittent claudication,PERIPHERAL_VASCULAR_DISEASE
I70.22,Atherosclerosis of arteries of extremities with rest pain,PERIPHERAL_VASCULAR_DISEASE
I70.23,Atherosclerosis of arteries of extremities with ulceration,PERIPHERAL_VASCULAR_DISEASE
I70.24,Atherosclerosis of arteries of extremities with gangrene,PERIPHERAL_VASCULAR_DISEASE
I70.8,Atherosclerosis of other arteries,PERIPHERAL_VASCULAR_DISEASE
I70.9,Generalised and unspecified atherosclerosis,PERIPHERAL_VASCULAR_DISEASE
I72.0,Aneurysm and dissection of carotid artery,PERIPHERAL_VASCULAR_DISEASE
I72.1,Aneurysm and dissection of artery of upper extremity,PERIPHERAL_VASCULAR_DISEASE
I72.2,Aneurysm and dissection of renal artery,PERIPHERAL_VASCULAR_DISEASE
I72.3,Aneurysm and dissection of iliac artery,PERIPHERAL_VASCULAR_DISEASE
I72.4,Aneurysm and dissection of artery of lower extremity,PERIPHERAL_VASCULAR_DISEASE
I72.8,Aneurysm and dissection of other specified arteries,PERIPHERAL_VASCULAR_DISEASE
I72.9,Aneurysm and dissection of unspecified site,PERIPHERAL_VASCULAR_DISEASE
I73.0,Raynaud's syndrome,PERIPHERAL_VASCULAR_DISEASE
I73.1,Thromboangiitis obliterans [Buerger],PERIPHERAL_VASCULAR_DISEASE
I73.8,Other specified peripheral vascular diseases,PERIPHERAL_VASCULAR_DISEASE
I73.9,"Peripheral vascular disease, unspecified",PERIPHERAL_VASCULAR_DISEASE
I77.1,Stricture of artery,PERIPHERAL_VASCULAR_DISEASE
I79.2,Peripheral angiopathy in diseases classified elsewhere,PERIPHERAL_VASCULAR_DISEASE
K55.1,Chronic vascular disorders of intestine,PERIPHERAL_VASCULAR_DISEASE
K55.8,Other vascular disorders of intestine,PERIPHERAL_VASCULAR_DISEASE
K55.9,"Vascular disorder of intestine, unspecified",PERIPHERAL_VASCULAR_DISEASE
R02.,"Gangrene, not elsewhere classified",PERIPHERAL_VASCULAR_DISEASE
T82.4,Mechanical complication of vascular dialysis catheter,PERIPHERAL_VASCULAR_DISEASE
Z95.8,Presence of other cardiac and vascular implants and grafts,PERIPHERAL_VASCULAR_DISEASE
Z95.9,"Presence of cardiac and vascular implant and graft, unspecified",PERIPHERAL_VASCULAR_DISEASE
I84.0,Internal thrombosed haemorrhoids,HEMORRHOIDS
I84.1,Internal haemorrhoids with other complications,HEMORRHOIDS
I84.2,Internal haemorrhoids without complication,HEMORRHOIDS
I84.3,External thrombosed haemorrhoids,HEMORRHOIDS
I84.4,External haemorrhoids with other complications,HEMORRHOIDS
I84.5,External haemorrhoids without complication,HEMORRHOIDS
I84.6,Residual haemorrhoidal skin tags,HEMORRHOIDS
I84.7,Unspecified thrombosed haemorrhoids,HEMORRHOIDS
I84.8,Unspecified haemorrhoids with other complications,HEMORRHOIDS
I84.9,Unspecified haemorrhoids without complication,HEMORRHOIDS
A48.1,Legionnaires' disease,PNEUMONIA
A48.2,Nonpneumonic Legionnaires' disease [Pontiac fever],PNEUMONIA
J12.0,Adenoviral pneumonia,PNEUMONIA
J12.1,Respiratory syncytial virus pneumonia,PNEUMONIA
J12.2,Parainfluenza virus pneumonia,PNEUMONIA
J12.8,Other viral pneumonia,PNEUMONIA
J12.9,"Viral pneumonia, unspecified",PNEUMONIA
J13.,Pneumonia due to Streptococcus pneumoniae,PNEUMONIA
J14.,Pneumonia due to Haemophilus influenzae,PNEUMONIA
J15.0,Pneumonia due to Klebsiella pneumoniae,PNEUMONIA
J15.1,Pneumonia due to Pseudomonas,PNEUMONIA
J15.2,Pneumonia due to Staphylococcus,PNEUMONIA
J15.3,"Pneumonia due to Streptococcus, group B",PNEUMONIA
J15.4,Pneumonia due to other streptococci,PNEUMONIA
J15.5,Pneumonia due to Escherichia coli,PNEUMONIA
J15.6,Pneumonia due to other Gram-negative bacteria,PNEUMONIA
J15.7,Pneumonia due to Mycoplasma pneumoniae,PNEUMONIA
J15.8,Other bacterial pneumonia,PNEUMONIA
J15.9,"Bacterial pneumonia, unspecified",PNEUMONIA
J16.0,Chlamydial pneumonia,PNEUMONIA
J16.8,Pneumonia due to other specified infectious organisms,PNEUMONIA
J17.0,Pneumonia in bacterial diseases classified elsewhere,PNEUMONIA
J17.1,Pneumonia in viral diseases classified elsewhere,PNEUMONIA
J17.2,Pneumonia in mycoses,PNEUMONIA
J17.3,Pneumonia in parasitic diseases,PNEUMONIA
J17.8,Pneumonia in other diseases classified elsewhere,PNEUMONIA
J18.0,"Bronchopneumonia, unspecified",PNEUMONIA
J18.1,"Lobar pneumonia, unspecified",PNEUMONIA
J18.2,"Hypostatic pneumonia, unspecified",PNEUMONIA
J18.8,"Other pneumonia, organism unspecified",PNEUMONIA
J18.9,"Pneumonia, unspecified",PNEUMONIA
J40.,"Bronchitis, not specified as acute or chronic",CHRONIC_PULMONARY_DISEASE
J41.0,Simple chronic bronchitis,CHRONIC_PULMONARY_DISEASE
J41.1,Mucopurulent chronic bronchitis,CHRONIC_PULMONARY_DISEASE
J41.8,Mixed simple and mucopurulent chronic bronchitis,CHRONIC_PULMONARY_DISEASE
J42.,Unspecified chronic bronchitis,CHRONIC_PULMONARY_DISEASE
J43.0,MacLeod's syndrome,CHRONIC_PULMONARY_DISEASE
J43.1,Panlobular emphysema,CHRONIC_PULMONARY_DISEASE
J43.2,Centrilobular emphysema,CHRONIC_PULMONARY_DISEASE
J43.8,Other emphysema,CHRONIC_PULMONARY_DISEASE
J43.9,"Emphysema, unspecified",CHRONIC_PULMONARY_DISEASE
J44.0,Chronic obstructive pulmonary disease with acute lower respiratory infection,CHRONIC_PULMONARY_DISEASE
J44.1,"Chronic obstructive pulmonary disease with acute exacerbation, unspecified",CHRONIC_PULMONARY_DISEASE
J44.8,Other specified chronic obstructive pulmonary disease,CHRONIC_PULMONARY_DISEASE
J44.9,"Chronic obstructive pulmonary disease, unspecified",CHRONIC_PULMONARY_DISEASE
J47.,Bronchiectasis,CHRONIC_PULMONARY_DISEASE
J60.,Coalworker's pneumoconiosis,CHRONIC_PULMONARY_DISEASE
J61.,Pneumoconiosis due to asbestos and other mineral fibres,CHRONIC_PULMONARY_DISEASE
J62.0,Pneumoconiosis due to talc dust,CHRONIC_PULMONARY_DISEASE
J62.8,Pneumoconiosis due to other dust containing silica,CHRONIC_PULMONARY_DISEASE
J63.0,Aluminosis (of lung),CHRONIC_PULMONARY_DISEASE
J63.1,Bauxite fibrosis (of lung),CHRONIC_PULMONARY_DISEASE
J63.2,Berylliosis,CHRONIC_PULMONARY_DISEASE
J63.3,Graphite fibrosis (of lung),CHRONIC_PULMONARY_DISEASE
J63.4,Siderosis,CHRONIC_PULMONARY_DISEASE
J63.5,Stannosis,CHRONIC_PULMONARY_DISEASE
J63.8,Pneumoconiosis due to other specified inorganic dusts,CHRONIC_PULMONARY_DISEASE
J64.,Unspecified pneumoconiosis,CHRONIC_PULMONARY_DISEASE
J65.,Pneumoconiosis associated with tuberculosis,CHRONIC_PULMONARY_DISEASE
J66.0,Byssinosis,CHRONIC_PULMONARY_DISEASE
J66.1,Flax-dresser's disease,CHRONIC_PULMONARY_DISEASE
J66.2,Cannabinosis,CHRONIC_PULMONARY_DISEASE
J66.8,Airway disease due to other specific organic dusts,CHRONIC_PULMONARY_DISEASE
J67.0,Farmer's lung,CHRONIC_PULMONARY_DISEASE
J67.1,Bagassosis,CHRONIC_PULMONARY_DISEASE
J67.2,Bird fancier's lung,CHRONIC_PULMONARY_DISEASE
J67.3,Suberosis,CHRONIC_PULMONARY_DISEASE
J67.4,Maltworker's lung,CHRONIC_PULMONARY_DISEASE
J67.5,Mushroom-worker's lung,CHRONIC_PULMONARY_DISEASE
J67.6,Maple-bark-stripper's lung,CHRONIC_PULMONARY_DISEASE
J67.7,Air-conditioner and humidifier lung,CHRONIC_PULMONARY_DISEASE
J67.8,Hypersensitivity pneumonitis due to other organic dusts,CHRONIC_PULMONARY_DISEASE
J67.9,Hypersensitivity pneumonitis due to unspecified organic dust,CHRONIC_PULMONARY_DISEASE
J68.4,"Chronic respiratory conditions due to chemicals, gases, fumes and vapours",CHRONIC_PULMONARY_DISEASE
J68.8,"Other respiratory conditions due to chemicals, gases, fumes and vapours",CHRONIC_PULMONARY_DISEASE
J45.0,Predominantly allergic asthma,ASTHMA
J45.1,Nonallergic asthma,ASTHMA
J45.8,Mixed asthma,ASTHMA
J45.9,"Asthma, unspecified",ASTHMA
J46.,Status asthmaticus,ASTHMA
J90.,"Pleural effusion, not elsewhere classified",PLEURISY
J91.,Pleural effusion in conditions classified elsewhere,PLEURISY
J92.0,Pleural plaque with presence of asbestos,PLEURISY
J92.9,Pleural plaque without asbestos,PLEURISY
J94.0,Chylous effusion,PLEURISY
J94.1,Fibrothorax,PLEURISY
J94.2,Haemothorax,PLEURISY
J94.8,Other specified pleural conditions,PLEURISY
J94.9,"Pleural condition, unspecified",PLEURISY
R09.1,Pleurisy,PLEURISY
J22.,Unspecified acute lower respiratory infection,OTHER_RESPIRATORY_DISORDERS
J80.,Acute respiratory distress syndrome,OTHER_RESPIRATORY_DISORDERS
J81.,Pulmonary oedema,OTHER_RESPIRATORY_DISORDERS
J82.,"Pulmonary eosinophilia, not elsewhere classified",OTHER_RESPIRATORY_DISORDERS
J95.0,Malfunction of tracheostomy,OTHER_RESPIRATORY_DISORDERS
J95.1,Acute pulmonary insufficiency following thoracic surgery,OTHER_RESPIRATORY_DISORDERS
J95.2,Acute pulmonary insufficiency following nonthoracic surgery,OTHER_RESPIRATORY_DISORDERS
J95.3,Chronic pulmonary insufficiency following surgery,OTHER_RESPIRATORY_DISORDERS
J95.4,Mendelson's syndrome,OTHER_RESPIRATORY_DISORDERS
J95.5,Postprocedural subglottic stenosis,OTHER_RESPIRATORY_DISORDERS
J95.8,Other intraoperative and postprocedural disorders of respiratory system,OTHER_RESPIRATORY_DISORDERS
J95.9,"Intraoperative and postprocedural disorders of respiratory system, unspecified",OTHER_RESPIRATORY_DISORDERS
J96.0,Acute respiratory failure,OTHER_RESPIRATORY_DISORDERS
J96.1,Chronic respiratory failure,OTHER_RESPIRATORY_DISORDERS
J96.9,"Respiratory failure, unspecified",OTHER_RESPIRATORY_DISORDERS
J98.0,"Diseases of bronchus, not elsewhere classified",OTHER_RESPIRATORY_DISORDERS
J98.1,Pulmonary collapse,OTHER_RESPIRATORY_DISORDERS
J98.2,Interstitial emphysema,OTHER_RESPIRATORY_DISORDERS
J98.3,Compensatory emphysema,OTHER_RESPIRATORY_DISORDERS
J98.4,Other disorders of lung,OTHER_RESPIRATORY_DISORDERS
J98.5,"Diseases of mediastinum, not elsewhere classified",OTHER_RESPIRATORY_DISORDERS
J98.6,Disorders of diaphragm,OTHER_RESPIRATORY_DISORDERS
J98.8,Other specified respiratory disorders,OTHER_RESPIRATORY_DISORDERS
J98.9,"Respiratory disorder, unspecified",OTHER_RESPIRATORY_DISORDERS
Z90.2,Acquired absence of lung [part of],OTHER_RESPIRATORY_DISORDERS
K20.,Oesophagitis,OESOPHAGEAL_DISEASES
K21.0,Gastro-oesophageal reflux disease with oesophagitis,OESOPHAGEAL_DISEASES
K21.9,Gastro-oesophageal reflux disease without oesophagitis,OESOPHAGEAL_DISEASES
K22.0,Achalasia of cardia,OESOPHAGEAL_DISEASES
K22.1,Ulcer of oesophagus,OESOPHAGEAL_DISEASES
K22.2,Oesophageal obstruction,OESOPHAGEAL_DISEASES
K22.3,Perforation of oesophagus,OESOPHAGEAL_DISEASES
K22.4,Dyskinesia of oesophagus,OESOPHAGEAL_DISEASES
K22.5,"Diverticulum of oesophagus, acquired",OESOPHAGEAL_DISEASES
K22.6,Gastro-oesophageal laceration-haemorrhage syndrome,OESOPHAGEAL_DISEASES
K22.8,Other specified diseases of oesophagus,OESOPHAGEAL_DISEASES
K22.9,"Disease of oesophagus, unspecified",OESOPHAGEAL_DISEASES
K23.1,Megaoesophagus in Chagas' disease (B57.3+),OESOPHAGEAL_DISEASES
K23.8,Disorders of oesophagus in other diseases classified elsewhere,OESOPHAGEAL_DISEASES
R22.,"Localised swelling, mass and lump of skin and subcutaneous tissue",OESOPHAGEAL_DISEASES
R22.0,"Localised swelling, mass and lump, head",OESOPHAGEAL_DISEASES
R22.1,"Localised swelling, mass and lump, neck",OESOPHAGEAL_DISEASES
R22.2,"Localised swelling, mass and lump, trunk",OESOPHAGEAL_DISEASES
R22.3,"Localised swelling, mass and lump, upper limb",OESOPHAGEAL_DISEASES
R22.4,"Localised swelling, mass and lump, lower limb",OESOPHAGEAL_DISEASES
R22.7,"Localised swelling, mass and lump, multiple sites",OESOPHAGEAL_DISEASES
R22.9,"Localised swelling, mass and lump, unspecified",OESOPHAGEAL_DISEASES
K25.0,"Gastric ulcer, acute with haemorrhage",PEPTIC_ULCER
K25.1,"Gastric ulcer, acute with perforation",PEPTIC_ULCER
K25.2,"Gastric ulcer, acute with both haemorrhage and perforation",PEPTIC_ULCER
K25.3,"Gastric ulcer, acute without haemorrhage or perforation",PEPTIC_ULCER
K25.4,"Gastric ulcer, chronic or unspecified with haemorrhage",PEPTIC_ULCER
K25.5,"Gastric ulcer, chronic or unspecified with perforation",PEPTIC_ULCER
K25.6,"Gastric ulcer, chronic or unspecified with both haemorrhage and perforation",PEPTIC_ULCER
K25.7,"Gastric ulcer, chronic without haemorrhage or perforation",PEPTIC_ULCER
K25.9,"Gastric ulcer, unspecified as acute or chronic, without haemorrhage or perforation",PEPTIC_ULCER
K26.0,"Duodenal ulcer, acute with haemorrhage",PEPTIC_ULCER
K26.1,"Duodenal ulcer, acute with perforation",PEPTIC_ULCER
K26.2,"Duodenal ulcer, acute with both haemorrhage and perforation",PEPTIC_ULCER
K26.3,"Duodenal ulcer, acute without haemorrhage or perforation",PEPTIC_ULCER
K26.4,"Duodenal ulcer, chronic or unspecified with haemorrhage",PEPTIC_ULCER
K26.5,"Duodenal ulcer, chronic or unspecified with perforation",PEPTIC_ULCER
K26.6,"Duodenal ulcer, chronic or unspecified with both haemorrhage and perforation",PEPTIC_ULCER
K26.7,"Duodenal ulcer, chronic without haemorrhage or perforation",PEPTIC_ULCER
K26.9,"Duodenal ulcer, unspecified as acute or chronic, without haemorrhage or perforation",PEPTIC_ULCER
K27.0,"Peptic ulcer, acute with haemorrhage",PEPTIC_ULCER
K27.1,"Peptic ulcer, acute with perforation",PEPTIC_ULCER
K27.2,"Peptic ulcer, acute with both haemorrhage and perforation",PEPTIC_ULCER
K27.3,"Peptic ulcer, acute without haemorrhage or perforation",PEPTIC_ULCER
K27.4,"Peptic ulcer, chronic or unspecified with haemorrhage",PEPTIC_ULCER
K27.5,"Peptic ulcer, chronic or unspecified with perforation",PEPTIC_ULCER
K27.6,"Peptic ulcer, chronic or unspecified with both haemorrhage and perforation",PEPTIC_ULCER
K27.7,"Peptic ulcer, chronic without haemorrhage or perforation",PEPTIC_ULCER
K27.9,"Peptic ulcer, unspecified as acute or chronic, without haemorrhage or perforation",PEPTIC_ULCER
K28.0,"Gastrojejunal ulcer, acute with haemorrhage",PEPTIC_ULCER
K28.1,"Gastrojejunal ulcer, acute with perforation",PEPTIC_ULCER
K28.2,"Gastrojejunal ulcer, acute with both haemorrhage and perforation",PEPTIC_ULCER
K28.3,"Gastrojejunal ulcer, acute without haemorrhage or perforation",PEPTIC_ULCER
K28.4,"Gastrojejunal ulcer, chronic or unspecified with haemorrhage",PEPTIC_ULCER
K28.5,"Gastrojejunal ulcer, chronic or unspecified with perforation",PEPTIC_ULCER
K28.6,"Gastrojejunal ulcer, chronic or unspecified with both haemorrhage and perforation",PEPTIC_ULCER
K28.7,"Gastrojejunal ulcer, chronic without haemorrhage or perforation",PEPTIC_ULCER
K28.9,"Gastrojejunal ulcer, unspecified as acute or chronic, without haemorrhage or perforation",PEPTIC_ULCER
K29.0,Acute haemorrhagic gastritis,GASTRITIS_OR_DUODENITIS
K29.1,Other acute gastritis,GASTRITIS_OR_DUODENITIS
K29.2,Alcoholic gastritis,GASTRITIS_OR_DUODENITIS
K29.3,Chronic superficial gastritis,GASTRITIS_OR_DUODENITIS
K29.4,Chronic atrophic gastritis,GASTRITIS_OR_DUODENITIS
K29.5,"Chronic gastritis, unspecified",GASTRITIS_OR_DUODENITIS
K29.6,Other gastritis,GASTRITIS_OR_DUODENITIS
K29.7,"Gastritis, unspecified",GASTRITIS_OR_DUODENITIS
K29.8,Duodenitis,GASTRITIS_OR_DUODENITIS
K29.9,"Gastroduodenitis, unspecified",GASTRITIS_OR_DUODENITIS
K80.00,"Calculus of gallbladder with acute cholecystitis, without mention of obstruction",CHOLELITHIASIS
K80.01,"Calculus of gallbladder with acute cholecystitis, with obstruction",CHOLELITHIASIS
K80.10,"Calculus of gallbladder with other cholecystitis, without mention of obstruction",CHOLELITHIASIS
K80.11,"Calculus of gallbladder with other cholecystitis, with obstruction",CHOLELITHIASIS
K80.20,"Calculus of gallbladder without cholecystitis, without mention of obstruction",CHOLELITHIASIS
K80.21,"Calculus of gallbladder without cholecystitis, with obstruction",CHOLELITHIASIS
K80.30,"Calculus of bile duct with cholangitis, without mention of obstruction",CHOLELITHIASIS
K80.31,"Calculus of bile duct with cholangitis, with obstruction",CHOLELITHIASIS
K80.40,"Calculus of bile duct with cholecystitis, without mention of obstruction",CHOLELITHIASIS
K80.41,"Calculus of bile duct with cholecystitis, with obstruction",CHOLELITHIASIS
K80.50,"Calculus of bile duct without cholangitis or cholecystitis, without mention of obstruction",CHOLELITHIASIS
K80.51,"Calculus of bile duct without cholangitis or cholecystitis, with obstruction",CHOLELITHIASIS
K80.80,"Other cholelithiasis, without mention of obstruction",CHOLELITHIASIS
K80.81,"Other cholelithiasis, with obstruction",CHOLELITHIASIS
K81.0,Acute cholecystitis,CHOLELITHIASIS
K81.1,Chronic cholecystitis,CHOLELITHIASIS
K81.8,Other cholecystitis,CHOLELITHIASIS
K81.9,"Cholecystitis, unspecified",CHOLELITHIASIS
K82.0,Obstruction of gallbladder,CHOLELITHIASIS
K82.1,Hydrops of gallbladder,CHOLELITHIASIS
K82.2,Perforation of gallbladder,CHOLELITHIASIS
K82.3,Fistula of gallbladder,CHOLELITHIASIS
K82.4,Cholesterolosis of gallbladder,CHOLELITHIASIS
K82.8,Other specified diseases of gallbladder,CHOLELITHIASIS
K82.9,"Disease of gallbladder, unspecified",CHOLELITHIASIS
K87.0,Disorders of gallbladder and biliary tract in diseases classified elsewhere,CHOLELITHIASIS
K70.0,Alcoholic fatty liver,CHRONIC_LIVER_DISEASE
K70.1,Alcoholic hepatitis,CHRONIC_LIVER_DISEASE
K70.2,Alcoholic fibrosis and sclerosis of liver,CHRONIC_LIVER_DISEASE
K70.3,Alcoholic cirrhosis of liver,CHRONIC_LIVER_DISEASE
K70.4,Alcoholic hepatic failure,CHRONIC_LIVER_DISEASE
K70.9,"Alcoholic liver disease, unspecified",CHRONIC_LIVER_DISEASE
K71.7,Toxic liver disease with fibrosis and cirrhosis of liver,CHRONIC_LIVER_DISEASE
K73.0,"Chronic persistent hepatitis, not elsewhere classified",CHRONIC_LIVER_DISEASE
K73.1,"Chronic lobular hepatitis, not elsewhere classified",CHRONIC_LIVER_DISEASE
K73.2,"Chronic active hepatitis, not elsewhere classified",CHRONIC_LIVER_DISEASE
K73.8,"Other chronic hepatitis, not elsewhere classified",CHRONIC_LIVER_DISEASE
K73.9,"Chronic hepatitis, unspecified",CHRONIC_LIVER_DISEASE
K74.0,Hepatic fibrosis,CHRONIC_LIVER_DISEASE
K74.1,Hepatic sclerosis,CHRONIC_LIVER_DISEASE
K74.2,Hepatic fibrosis with hepatic sclerosis,CHRONIC_LIVER_DISEASE
K74.3,Primary biliary cirrhosis,CHRONIC_LIVER_DISEASE
K74.4,Secondary biliary cirrhosis,CHRONIC_LIVER_DISEASE
K74.5,"Biliary cirrhosis, unspecified",CHRONIC_LIVER_DISEASE
K74.6,Other and unspecified cirrhosis of liver,CHRONIC_LIVER_DISEASE
K76.0,"Fatty (change of) liver, not elsewhere classified",CHRONIC_LIVER_DISEASE
K76.1,Chronic passive congestion of liver,CHRONIC_LIVER_DISEASE
R16.0,"Hepatomegaly, not elsewhere classified",CHRONIC_LIVER_DISEASE
R16.2,"Hepatomegaly with splenomegaly, not elsewhere classified",CHRONIC_LIVER_DISEASE
Z94.4,Liver transplant status,CHRONIC_LIVER_DISEASE
K72.1,Chronic hepatic failure,SEQUALAE_OF_CHRONIC_LIVER_DISEASE
K72.9,"Hepatic failure, unspecified",SEQUALAE_OF_CHRONIC_LIVER_DISEASE
K76.6,Portal hypertension,SEQUALAE_OF_CHRONIC_LIVER_DISEASE
K76.7,Hepatorenal syndrome,SEQUALAE_OF_CHRONIC_LIVER_DISEASE
K40.00,"Bilateral inguinal hernia, with obstruction, without gangrene, not specified as recurrent",ABDOMINAL_HERNIA
K40.01,"Bilateral inguinal hernia, with obstruction, without gangrene, recurrent",ABDOMINAL_HERNIA
K40.10,"Bilateral inguinal hernia, with gangrene, not specified as recurrent",ABDOMINAL_HERNIA
K40.11,"Bilateral inguinal hernia, with gangrene, recurrent",ABDOMINAL_HERNIA
K40.20,"Bilateral inguinal hernia, without obstruction or gangrene, not specified as recurrent",ABDOMINAL_HERNIA
K40.21,"Bilateral inguinal hernia, without obstruction or gangrene, recurrent",ABDOMINAL_HERNIA
K40.3,"Unilateral or unspecified inguinal hernia, with obstruction, without gangrene",ABDOMINAL_HERNIA
K40.30,"Unilateral or unspecified inguinal hernia, with obstruction, without gangrene, not specified as recurrent",ABDOMINAL_HERNIA
K40.31,"Unilateral or unspecified inguinal hernia, with obstruction, without gangrene, recurrent",ABDOMINAL_HERNIA
K40.4,"Unilateral or unspecified inguinal hernia, with gangrene",ABDOMINAL_HERNIA
K40.40,"Unilateral or unspecified inguinal hernia, with gangrene, not specified as recurrent",ABDOMINAL_HERNIA
K40.41,"Unilateral or unspecified inguinal hernia, with gangrene, recurrent",ABDOMINAL_HERNIA
K40.9,"Unilateral or unspecified inguinal hernia, without obstruction or gangrene",ABDOMINAL_HERNIA
K40.90,"Unilateral or unspecified inguinal hernia, without obstruction or gangrene, not specified as recurrent",ABDOMINAL_HERNIA
K40.91,"Unilateral or unspecified inguinal hernia, without obstruction or gangrene, recurrent",ABDOMINAL_HERNIA
K41.0,"Bilateral femoral hernia, with obstruction, without gangrene",ABDOMINAL_HERNIA
K41.1,"Bilateral femoral hernia, with gangrene",ABDOMINAL_HERNIA
K41.2,"Bilateral femoral hernia, without obstruction or gangrene",ABDOMINAL_HERNIA
K41.3,"Unilateral or unspecified femoral hernia, with obstruction, without gangrene",ABDOMINAL_HERNIA
K41.4,"Unilateral or unspecified femoral hernia, with gangrene",ABDOMINAL_HERNIA
K41.9,"Unilateral or unspecified femoral hernia, without obstruction or gangrene",ABDOMINAL_HERNIA
K42.0,"Umbilical hernia with obstruction, without gangrene",ABDOMINAL_HERNIA
K42.1,Umbilical hernia with gangrene,ABDOMINAL_HERNIA
K42.9,Umbilical hernia without obstruction or gangrene,ABDOMINAL_HERNIA
K43.0,"Incisional hernia with obstruction, without gangrene",ABDOMINAL_HERNIA
K43.1,Incisional hernia with gangrene,ABDOMINAL_HERNIA
K43.9,Other and unspecified ventral hernia without obstruction or gangrene,ABDOMINAL_HERNIA
K44.0,"Diaphragmatic hernia with obstruction, without gangrene",ABDOMINAL_HERNIA
K44.1,Diaphragmatic hernia with gangrene,ABDOMINAL_HERNIA
K44.9,Diaphragmatic hernia without obstruction or gangrene,ABDOMINAL_HERNIA
K45.0,"Other specified abdominal hernia with obstruction, without gangrene",ABDOMINAL_HERNIA
K45.1,Other specified abdominal hernia with gangrene,ABDOMINAL_HERNIA
K45.8,Other specified abdominal hernia without obstruction or gangrene,ABDOMINAL_HERNIA
K46.0,"Unspecified abdominal hernia with obstruction, without gangrene",ABDOMINAL_HERNIA
K46.1,Unspecified abdominal hernia with gangrene,ABDOMINAL_HERNIA
K46.9,Unspecified abdominal hernia without obstruction or gangrene,ABDOMINAL_HERNIA
K52.0,Gastroenteritis and colitis due to radiation,NONINFECTIOUS_DIGESTIVE_DISORDERS
K52.1,Toxic gastroenteritis and colitis,NONINFECTIOUS_DIGESTIVE_DISORDERS
K52.2,Allergic and dietetic gastroenteritis and colitis,NONINFECTIOUS_DIGESTIVE_DISORDERS
K52.8,Other specified noninfective gastroenteritis and colitis,NONINFECTIOUS_DIGESTIVE_DISORDERS
K52.9,"Noninfective gastroenteritis and colitis, unspecified",NONINFECTIOUS_DIGESTIVE_DISORDERS
K58.0,Irritable bowel syndrome with diarrhoea,NONINFECTIOUS_DIGESTIVE_DISORDERS
K58.9,Irritable bowel syndrome without diarrhoea,NONINFECTIOUS_DIGESTIVE_DISORDERS
K59.0,Constipation,NONINFECTIOUS_DIGESTIVE_DISORDERS
K59.1,Functional diarrhoea,NONINFECTIOUS_DIGESTIVE_DISORDERS
K59.2,"Neurogenic bowel, not elsewhere classified",NONINFECTIOUS_DIGESTIVE_DISORDERS
K59.3,"Megacolon, not elsewhere classified",NONINFECTIOUS_DIGESTIVE_DISORDERS
K59.4,Anal spasm,NONINFECTIOUS_DIGESTIVE_DISORDERS
K59.8,Other specified functional intestinal disorders,NONINFECTIOUS_DIGESTIVE_DISORDERS
K59.9,"Functional intestinal disorder, unspecified",NONINFECTIOUS_DIGESTIVE_DISORDERS
K60.0,Acute anal fissure,NONINFECTIOUS_DIGESTIVE_DISORDERS
K60.1,Chronic anal fissure,NONINFECTIOUS_DIGESTIVE_DISORDERS
K60.2,"Anal fissure, unspecified",NONINFECTIOUS_DIGESTIVE_DISORDERS
K60.3,Anal fistula,NONINFECTIOUS_DIGESTIVE_DISORDERS
K60.4,Rectal fistula,NONINFECTIOUS_DIGESTIVE_DISORDERS
K60.5,Anorectal fistula,NONINFECTIOUS_DIGESTIVE_DISORDERS
K91.0,Vomiting following gastrointestinal surgery,NONINFECTIOUS_DIGESTIVE_DISORDERS
K91.1,Postgastric surgery syndromes,NONINFECTIOUS_DIGESTIVE_DISORDERS
K93.1,Megacolon in Chagas' disease (B57.3+),NONINFECTIOUS_DIGESTIVE_DISORDERS
Z90.3,Acquired absence of part of stomach,NONINFECTIOUS_DIGESTIVE_DISORDERS
K57.00,"Diverticulosis of small intestine with perforation and abscess, without mention of haemorrhage",DIVERTICULAR_DISEASE
K57.01,"Diverticulosis of small intestine with haemorrhage, perforation and abscess",DIVERTICULAR_DISEASE
K57.02,"Diverticulitis of small intestine with perforation and abscess, without mention of haemorrhage",DIVERTICULAR_DISEASE
K57.03,"Diverticulitis of small intestine with haemorrhage, perforation and abscess",DIVERTICULAR_DISEASE
K57.10,"Diverticulosis of small intestine, without perforation, abscess or mention of haemorrhage",DIVERTICULAR_DISEASE
K57.11,"Diverticulosis of small intestine without perforation or abscess, with haemorrhage",DIVERTICULAR_DISEASE
K57.12,"Diverticulitis of small intestine without perforation, abscess or mention of haemorrhage",DIVERTICULAR_DISEASE
K57.13,"Diverticulitis of small intestine without perforation or abscess, with haemorrhage",DIVERTICULAR_DISEASE
K57.20,"Diverticulosis of large intestine with perforation and abscess, without mention of haemorrhage",DIVERTICULAR_DISEASE
K57.21,"Diverticulosis of large intestine with haemorrhage, perforation and abscess",DIVERTICULAR_DISEASE
K57.22,"Diverticulitis of large intestine with perforation and abscess, without mention of haemorrhage",DIVERTICULAR_DISEASE
K57.23,"Diverticulitis of large intestine with haemorrhage, perforation and abscess",DIVERTICULAR_DISEASE
K57.30,"Diverticulosis of large intestine without perforation, abscess or mention of haemorrhage",DIVERTICULAR_DISEASE
K57.31,"Diverticulosis of large intestine without perforation or abscess, with haemorrhage",DIVERTICULAR_DISEASE
K57.32,"Diverticulitis of large intestine without perforation, abscess or mention of haemorrhage",DIVERTICULAR_DISEASE
K57.33,"Diverticulitis of large intestine without perforation or abscess, with haemorrhage",DIVERTICULAR_DISEASE
K57.40,"Diverticulosis of both small and large intestine with perforation and abscess, without mention of haemorrhage",DIVERTICULAR_DISEASE
K57.41,"Diverticulosis of both small and large intestine with haemorrhage, perforation and abscess",DIVERTICULAR_DISEASE
K57.42,"Diverticulitis of both small and large intestine with perforation and abscess, without mention of haemorrhage",DIVERTICULAR_DISEASE
K57.43,"Diverticulitis of both small and large intestine with haemorrhage, perforation and abscess",DIVERTICULAR_DISEASE
K57.50,"Diverticulosis of both small and large intestine without perforation, abscess or mention of haemorrhage",DIVERTICULAR_DISEASE
K57.51,"Diverticulosis of both small and large intestine without perforation or abscess, with haemorrhage",DIVERTICULAR_DISEASE
K57.52,"Diverticulitis of both small and large intestine without perforation, abscess or mention of haemorrhage",DIVERTICULAR_DISEASE
K57.53,"Diverticulitis of both small and large intestine without perforation or abscess, with haemorrhage",DIVERTICULAR_DISEASE
K57.80,"Diverticulosis of intestine, part unspecified, with perforation and abscess without mention of haemorrhage",DIVERTICULAR_DISEASE
K57.81,"Diverticulosis of intestine, part unspecified, with haemorrhage, perforation and abscess",DIVERTICULAR_DISEASE
K57.82,"Diverticulitis of intestine, part unspecified, with perforation and abscess, without mention of haemorrhage",DIVERTICULAR_DISEASE
K57.83,"Diverticulitis of intestine, part unspecified, with haemorrhage, perforation and abscess",DIVERTICULAR_DISEASE
K57.90,"Diverticulosis of intestine, part unspecified, without perforation, abscess or mention of haemorrhage",DIVERTICULAR_DISEASE
K57.91,"Diverticulosis of intestine, part unspecified, without perforation or abscess, with haemorrhage",DIVERTICULAR_DISEASE
K57.92,"Diverticulitis of intestine, part unspecified, without perforation, abscess or mention of haemorrhage",DIVERTICULAR_DISEASE
K57.93,"Diverticulitis of intestine, part unspecified, without perforation or abscess, with haemorrhage",DIVERTICULAR_DISEASE
K66.0,Peritoneal adhesions,PERITONEAL_ADHESIONS
K66.1,Haemoperitoneum,PERITONEAL_ADHESIONS
K66.8,Other specified disorders of peritoneum,PERITONEAL_ADHESIONS
K66.9,"Disorder of peritoneum, unspecified",PERITONEAL_ADHESIONS
K55.21,Angiodysplasia of colon without mention of haemorrhage,OTHER_DISEASES_OF_INTESTINE
K55.22,Angiodysplasia of colon with haemorrhage,OTHER_DISEASES_OF_INTESTINE
K62.0,Anal polyp,OTHER_DISEASES_OF_INTESTINE
K62.1,Rectal polyp,OTHER_DISEASES_OF_INTESTINE
K62.2,Anal prolapse,OTHER_DISEASES_OF_INTESTINE
K62.3,Rectal prolapse,OTHER_DISEASES_OF_INTESTINE
K62.4,Stenosis of anus and rectum,OTHER_DISEASES_OF_INTESTINE
K62.5,Haemorrhage of anus and rectum,OTHER_DISEASES_OF_INTESTINE
K62.6,Ulcer of anus and rectum,OTHER_DISEASES_OF_INTESTINE
K62.7,Radiation proctitis,OTHER_DISEASES_OF_INTESTINE
K62.8,Other specified diseases of anus and rectum,OTHER_DISEASES_OF_INTESTINE
K62.9,"Disease of anus and rectum, unspecified",OTHER_DISEASES_OF_INTESTINE
K63.0,Abscess of intestine,OTHER_DISEASES_OF_INTESTINE
K63.1,Perforation of intestine (nontraumatic),OTHER_DISEASES_OF_INTESTINE
K63.2,Fistula of intestine,OTHER_DISEASES_OF_INTESTINE
K63.3,Ulcer of intestine,OTHER_DISEASES_OF_INTESTINE
K63.4,Enteroptosis,OTHER_DISEASES_OF_INTESTINE
K63.5,Polyp of colon,OTHER_DISEASES_OF_INTESTINE
K63.50,"Polyp of colon, unspecified",OTHER_DISEASES_OF_INTESTINE
K63.51,Juvenile polyp of colon,OTHER_DISEASES_OF_INTESTINE
K63.58,Other polyp of colon,OTHER_DISEASES_OF_INTESTINE
K63.8,Other specified diseases of intestine,OTHER_DISEASES_OF_INTESTINE
K63.9,"Disease of intestine, unspecified",OTHER_DISEASES_OF_INTESTINE
K91.4,Malfunction of stoma of the digestive system,OTHER_DISEASES_OF_INTESTINE
K92.8,Other specified diseases of digestive system,OTHER_DISEASES_OF_INTESTINE
K92.9,"Disease of digestive system, unspecified",OTHER_DISEASES_OF_INTESTINE
K93.8,Disorders of other specified digestive organs in diseases classified elsewhere,OTHER_DISEASES_OF_INTESTINE
K92.0,Haematemesis,GASTROINTESTINAL_HEMORRHAGE
K92.1,Melaena,GASTROINTESTINAL_HEMORRHAGE
K92.2,"Gastrointestinal haemorrhage, unspecified",GASTROINTESTINAL_HEMORRHAGE
I12.0,Hypertensive kidney disease with kidney failure,CHRONIC_RENAL_DISEASE
I13.1,Hypertensive heart and kidney disease with kidney failure,CHRONIC_RENAL_DISEASE
I13.2,Hypertensive heart and kidney disease with both (congestive) heart failure and kidney failure,CHRONIC_RENAL_DISEASE
N11.1,Chronic obstructive pyelonephritis,CHRONIC_RENAL_DISEASE
N11.8,Other chronic tubulo-interstitial nephritis,CHRONIC_RENAL_DISEASE
N11.9,"Chronic tubulo-interstitial nephritis, unspecified",CHRONIC_RENAL_DISEASE
N18.0,End-stage renal disease,CHRONIC_RENAL_DISEASE
N18.1,"Chronic kidney disease, stage 1",CHRONIC_RENAL_DISEASE
N18.2,"Chronic kidney disease, stage 2",CHRONIC_RENAL_DISEASE
N18.3,"Chronic kidney disease, stage 3",CHRONIC_RENAL_DISEASE
N18.4,"Chronic kidney disease, stage 4",CHRONIC_RENAL_DISEASE
N18.5,"Chronic kidney disease, stage 5",CHRONIC_RENAL_DISEASE
N18.8,Other chronic renal failure,CHRONIC_RENAL_DISEASE
N18.9,"Chronic kidney disease, unspecified",CHRONIC_RENAL_DISEASE
N18.90,Unspecified chronic renal failure,CHRONIC_RENAL_DISEASE
N18.91,Chronic renal impairment,CHRONIC_RENAL_DISEASE
N19.,Unspecified kidney failure,CHRONIC_RENAL_DISEASE
Z49.0,Preparatory care for dialysis,CHRONIC_RENAL_DISEASE
Z49.1,Extracorporeal dialysis,CHRONIC_RENAL_DISEASE
Z49.2,Other dialysis,CHRONIC_RENAL_DISEASE
Z94.0,Kidney transplant status,CHRONIC_RENAL_DISEASE
Z99.2,Dependence on kidney dialysis,CHRONIC_RENAL_DISEASE
N06.0,Isolated proteinuria with minor glomerular abnormality,OTHER_KIDNEY_URETER_OR_BLADDER_CONDITIONS
N06.1,Isolated proteinuria with focal and segmental glomerular lesions,OTHER_KIDNEY_URETER_OR_BLADDER_CONDITIONS
N06.2,Isolated proteinuria with diffuse membranous glomerulonephritis,OTHER_KIDNEY_URETER_OR_BLADDER_CONDITIONS
N06.3,Isolated proteinuria with diffuse mesangial proliferative glomerulonephritis,OTHER_KIDNEY_URETER_OR_BLADDER_CONDITIONS
N06.4,Isolated proteinuria with diffuse endocapillary proliferative glomerulonephritis,OTHER_KIDNEY_URETER_OR_BLADDER_CONDITIONS
N06.5,Isolated proteinuria with diffuse mesangiocapillary glomerulonephritis,OTHER_KIDNEY_URETER_OR_BLADDER_CONDITIONS
N06.6,Isolated proteinuria with dense deposit disease,OTHER_KIDNEY_URETER_OR_BLADDER_CONDITIONS
N06.7,Isolated proteinuria with diffuse crescentic glomerulonephritis,OTHER_KIDNEY_URETER_OR_BLADDER_CONDITIONS
N06.8,"Isolated proteinuria with specified morphological lesion, other",OTHER_KIDNEY_URETER_OR_BLADDER_CONDITIONS
N06.9,"Isolated proteinuria with specified morphological lesion, unspecified",OTHER_KIDNEY_URETER_OR_BLADDER_CONDITIONS
N11.0,Nonobstructive reflux-associated chronic pyelonephritis,OTHER_KIDNEY_URETER_OR_BLADDER_CONDITIONS
N12.,"Tubulo-interstitial nephritis, not specified as acute or chronic",OTHER_KIDNEY_URETER_OR_BLADDER_CONDITIONS
N13.0,Hydronephrosis with ureteropelvic junction obstruction,OTHER_KIDNEY_URETER_OR_BLADDER_CONDITIONS
N13.1,"Hydronephrosis with ureteral stricture, not elsewhere classified",OTHER_KIDNEY_URETER_OR_BLADDER_CONDITIONS
N13.2,Hydronephrosis with renal and ureteral calculus obstruction,OTHER_KIDNEY_URETER_OR_BLADDER_CONDITIONS
N13.3,Other and unspecified hydronephrosis,OTHER_KIDNEY_URETER_OR_BLADDER_CONDITIONS
N13.4,Hydroureter,OTHER_KIDNEY_URETER_OR_BLADDER_CONDITIONS
N13.5,Kinking and stricture of ureter without hydronephrosis,OTHER_KIDNEY_URETER_OR_BLADDER_CONDITIONS
N13.6,Pyonephrosis,OTHER_KIDNEY_URETER_OR_BLADDER_CONDITIONS
N13.7,Vesicoureteral-reflux-associated uropathy,OTHER_KIDNEY_URETER_OR_BLADDER_CONDITIONS
N13.8,Other obstructive and reflux uropathy,OTHER_KIDNEY_URETER_OR_BLADDER_CONDITIONS
N28.0,Ischaemia and infarction of kidney,OTHER_KIDNEY_URETER_OR_BLADDER_CONDITIONS
N28.1,Cyst of kidney,OTHER_KIDNEY_URETER_OR_BLADDER_CONDITIONS
N28.8,Other specified disorders of kidney and ureter,OTHER_KIDNEY_URETER_OR_BLADDER_CONDITIONS
N28.9,"Disorder of kidney and ureter, unspecified",OTHER_KIDNEY_URETER_OR_BLADDER_CONDITIONS
N29.0,Late syphilis of kidney (A52.7+),OTHER_KIDNEY_URETER_OR_BLADDER_CONDITIONS
N29.1,Other disorders of kidney and ureter in infectious and parasitic diseases classified elsewhere,OTHER_KIDNEY_URETER_OR_BLADDER_CONDITIONS
N31.0,"Uninhibited neuropathic bladder, not elsewhere classified",OTHER_KIDNEY_URETER_OR_BLADDER_CONDITIONS
N31.1,"Reflex neuropathic bladder, not elsewhere classified",OTHER_KIDNEY_URETER_OR_BLADDER_CONDITIONS
N31.2,"Flaccid neuropathic bladder, not elsewhere classified",OTHER_KIDNEY_URETER_OR_BLADDER_CONDITIONS
N31.8,Other neuromuscular dysfunction of bladder,OTHER_KIDNEY_URETER_OR_BLADDER_CONDITIONS
N31.9,"Neuromuscular dysfunction of bladder, unspecified",OTHER_KIDNEY_URETER_OR_BLADDER_CONDITIONS
N32.0,Bladder neck obstruction,OTHER_KIDNEY_URETER_OR_BLADDER_CONDITIONS
N32.1,Vesicointestinal fistula,OTHER_KIDNEY_URETER_OR_BLADDER_CONDITIONS
N32.2,"Vesical fistula, not elsewhere classified",OTHER_KIDNEY_URETER_OR_BLADDER_CONDITIONS
N32.3,Diverticulum of bladder,OTHER_KIDNEY_URETER_OR_BLADDER_CONDITIONS
N32.4,"Rupture of bladder, nontraumatic",OTHER_KIDNEY_URETER_OR_BLADDER_CONDITIONS
N32.8,Other specified disorders of bladder,OTHER_KIDNEY_URETER_OR_BLADDER_CONDITIONS
N32.9,"Bladder disorder, unspecified",OTHER_KIDNEY_URETER_OR_BLADDER_CONDITIONS
N39.1,"Persistent proteinuria, unspecified",OTHER_KIDNEY_URETER_OR_BLADDER_CONDITIONS
N39.2,"Orthostatic proteinuria, unspecified",OTHER_KIDNEY_URETER_OR_BLADDER_CONDITIONS
N39.81,Loin pain/haematuria syndrome,OTHER_KIDNEY_URETER_OR_BLADDER_CONDITIONS
Z90.5,Acquired absence of kidney,OTHER_KIDNEY_URETER_OR_BLADDER_CONDITIONS
N39.0,"Urinary tract infection, site not specified",URINARY_TRACT_INFECTION
D29.1,Benign neoplasm of prostate,BENIGN_PROSTATIC_HYPERTROPHY
N40.,Hyperplasia of prostate,BENIGN_PROSTATIC_HYPERTROPHY
R33.,Retention of urine,BENIGN_PROSTATIC_HYPERTROPHY
N60.0,Solitary cyst of breast,BREAST_DISORDERS
N60.1,Diffuse cystic mastopathy,BREAST_DISORDERS
N60.2,Fibroadenosis of breast,BREAST_DISORDERS
N60.3,Fibrosclerosis of breast,BREAST_DISORDERS
N60.4,Mammary duct ectasia,BREAST_DISORDERS
N60.8,Other benign mammary dysplasias,BREAST_DISORDERS
N60.9,"Benign mammary dysplasia, unspecified",BREAST_DISORDERS
N61.,Inflammatory disorders of breast,BREAST_DISORDERS
N62.,Hypertrophy of breast,BREAST_DISORDERS
N63.,Unspecified lump in breast,BREAST_DISORDERS
N64.0,Fissure and fistula of nipple,BREAST_DISORDERS
N64.1,Fat necrosis of breast,BREAST_DISORDERS
N64.2,Atrophy of breast,BREAST_DISORDERS
N64.3,Galactorrhoea not associated with childbirth,BREAST_DISORDERS
N64.4,Mastodynia,BREAST_DISORDERS
N64.5,Other signs and symptoms in breast,BREAST_DISORDERS
N64.8,Other specified disorders of breast,BREAST_DISORDERS
N64.9,"Disorder of breast, unspecified",BREAST_DISORDERS
Z90.1,Acquired absence of breast(s),BREAST_DISORDERS
N70.0,Acute salpingitis and oophoritis,PELVIC_INFLAMMATORY_DISEASE
N70.1,Chronic salpingitis and oophoritis,PELVIC_INFLAMMATORY_DISEASE
N70.9,"Salpingitis and oophoritis, unspecified",PELVIC_INFLAMMATORY_DISEASE
N73.0,Acute parametritis and pelvic cellulitis,PELVIC_INFLAMMATORY_DISEASE
N73.1,Chronic parametritis and pelvic cellulitis,PELVIC_INFLAMMATORY_DISEASE
N73.2,Unspecified parametritis and pelvic cellulitis,PELVIC_INFLAMMATORY_DISEASE
N73.3,Female acute pelvic peritonitis,PELVIC_INFLAMMATORY_DISEASE
N73.4,Female chronic pelvic peritonitis,PELVIC_INFLAMMATORY_DISEASE
N73.5,"Female pelvic peritonitis, unspecified",PELVIC_INFLAMMATORY_DISEASE
N73.6,Female pelvic peritoneal adhesions,PELVIC_INFLAMMATORY_DISEASE
N73.8,Other specified female pelvic inflammatory diseases,PELVIC_INFLAMMATORY_DISEASE
N73.9,"Female pelvic inflammatory disease, unspecified",PELVIC_INFLAMMATORY_DISEASE
N74.2,"Female syphilitic pelvic inflammatory disease (A51.4+, A52.7+)",PELVIC_INFLAMMATORY_DISEASE
N74.3,Female gonococcal pelvic inflammatory disease (A54.2+),PELVIC_INFLAMMATORY_DISEASE
N74.4,Female chlamydial pelvic inflammatory disease (A56.1+),PELVIC_INFLAMMATORY_DISEASE
N74.8,Female pelvic inflammatory disorders in other diseases classified elsewhere,PELVIC_INFLAMMATORY_DISEASE
N72.,Inflammatory disease of cervix uteri,CERVICITIS_OR_VAGINITIS
N75.0,Cyst of Bartholin's gland,CERVICITIS_OR_VAGINITIS
N75.1,Abscess of Bartholin's gland,CERVICITIS_OR_VAGINITIS
N75.8,Other diseases of Bartholin's gland,CERVICITIS_OR_VAGINITIS
N75.9,"Disease of Bartholin's gland, unspecified",CERVICITIS_OR_VAGINITIS
N76.0,Acute vaginitis,CERVICITIS_OR_VAGINITIS
N76.1,Subacute and chronic vaginitis,CERVICITIS_OR_VAGINITIS
N76.2,Acute vulvitis,CERVICITIS_OR_VAGINITIS
N76.3,Subacute and chronic vulvitis,CERVICITIS_OR_VAGINITIS
N76.4,Abscess of vulva,CERVICITIS_OR_VAGINITIS
N76.5,Ulceration of vagina,CERVICITIS_OR_VAGINITIS
N76.6,Ulceration of vulva,CERVICITIS_OR_VAGINITIS
N76.8,Other specified inflammation of vagina and vulva,CERVICITIS_OR_VAGINITIS
N77.0,Ulceration of vulva in infectious and parasitic diseases classified elsewhere,CERVICITIS_OR_VAGINITIS
N77.1,"Vaginitis, vulvitis and vulvovaginitis in infectious and parasitic diseases classified elsewhere",CERVICITIS_OR_VAGINITIS
N77.8,Vulvovaginal ulceration and inflammation in other diseases classified elsewhere,CERVICITIS_OR_VAGINITIS
N81.0,Female urethrocele,GENITAL_PROLAPSE
N81.1,Cystocele,GENITAL_PROLAPSE
N81.2,Incomplete uterovaginal prolapse,GENITAL_PROLAPSE
N81.3,Complete uterovaginal prolapse,GENITAL_PROLAPSE
N81.4,"Uterovaginal prolapse, unspecified",GENITAL_PROLAPSE
N81.5,Vaginal enterocele,GENITAL_PROLAPSE
N81.6,Rectocele,GENITAL_PROLAPSE
N81.8,Other female genital prolapse,GENITAL_PROLAPSE
N81.9,"Female genital prolapse, unspecified",GENITAL_PROLAPSE
N99.3,Prolapse of vaginal vault after hysterectomy,GENITAL_PROLAPSE
N83.0,Follicular cyst of ovary,NONINFLAMMATORY_OVARIAN_CONDITIONS
N83.1,Corpus luteum cyst,NONINFLAMMATORY_OVARIAN_CONDITIONS
N83.2,Other and unspecified ovarian cysts,NONINFLAMMATORY_OVARIAN_CONDITIONS
N83.3,Acquired atrophy of ovary and fallopian tube,NONINFLAMMATORY_OVARIAN_CONDITIONS
N83.4,Prolapse and hernia of ovary and fallopian tube,NONINFLAMMATORY_OVARIAN_CONDITIONS
N83.5,"Torsion of ovary, ovarian pedicle and fallopian tube",NONINFLAMMATORY_OVARIAN_CONDITIONS
N83.6,Haematosalpinx,NONINFLAMMATORY_OVARIAN_CONDITIONS
N83.7,Haematoma of broad ligament,NONINFLAMMATORY_OVARIAN_CONDITIONS
N83.8,"Other noninflammatory disorders of ovary, fallopian tube and broad ligament",NONINFLAMMATORY_OVARIAN_CONDITIONS
N83.9,"Noninflammatory disorder of ovary, fallopian tube and broad ligament, unspecified",NONINFLAMMATORY_OVARIAN_CONDITIONS
N84.0,Polyp of corpus uteri,UTERINE_DISORDERS
N84.1,Polyp of cervix uteri,UTERINE_DISORDERS
N85.0,Endometrial glandular hyperplasia,UTERINE_DISORDERS
N85.1,Endometrial adenomatous hyperplasia,UTERINE_DISORDERS
N85.2,Hypertrophy of uterus,UTERINE_DISORDERS
N85.3,Subinvolution of uterus,UTERINE_DISORDERS
N85.4,Malposition of uterus,UTERINE_DISORDERS
N85.5,Inversion of uterus,UTERINE_DISORDERS
N85.6,Intrauterine synechiae,UTERINE_DISORDERS
N85.7,Haematometra,UTERINE_DISORDERS
N85.8,Other specified noninflammatory disorders of uterus,UTERINE_DISORDERS
N85.9,"Noninflammatory disorder of uterus, unspecified",UTERINE_DISORDERS
N93.0,Postcoital and contact bleeding,UTERINE_DISORDERS
N93.8,Other specified abnormal uterine and vaginal bleeding,UTERINE_DISORDERS
N93.9,"Abnormal uterine and vaginal bleeding, unspecified",UTERINE_DISORDERS
N39.3,Stress incontinence,GYNECOLOGIC_PAIN
N94.0,Mittelschmerz,GYNECOLOGIC_PAIN
N94.1,Dyspareunia,GYNECOLOGIC_PAIN
N94.2,Vaginismus,GYNECOLOGIC_PAIN
N94.3,Premenstrual tension syndrome,GYNECOLOGIC_PAIN
N94.4,Primary dysmenorrhoea,GYNECOLOGIC_PAIN
N94.5,Secondary dysmenorrhoea,GYNECOLOGIC_PAIN
N94.6,"Dysmenorrhoea, unspecified",GYNECOLOGIC_PAIN
N94.8,Other specified conditions associated with female genital organs and menstrual cycle,GYNECOLOGIC_PAIN
N94.9,Unspecified condition associated with female genital organs and menstrual cycle,GYNECOLOGIC_PAIN
N89.7,Haematocolpos,MENSTRUAL_DISORDERS
N91.0,Primary amenorrhoea,MENSTRUAL_DISORDERS
N91.1,Secondary amenorrhoea,MENSTRUAL_DISORDERS
N91.2,"Amenorrhoea, unspecified",MENSTRUAL_DISORDERS
N91.3,Primary oligomenorrhoea,MENSTRUAL_DISORDERS
N91.4,Secondary oligomenorrhoea,MENSTRUAL_DISORDERS
N91.5,"Oligomenorrhoea, unspecified",MENSTRUAL_DISORDERS
N92.0,Excessive and frequent menstruation with regular cycle,MENSTRUAL_DISORDERS
N92.1,Excessive and frequent menstruation with irregular cycle,MENSTRUAL_DISORDERS
N92.2,Excessive menstruation at puberty,MENSTRUAL_DISORDERS
N92.3,Ovulation bleeding,MENSTRUAL_DISORDERS
N92.5,Other specified irregular menstruation,MENSTRUAL_DISORDERS
N92.6,"Irregular menstruation, unspecified",MENSTRUAL_DISORDERS
N92.4,Excessive bleeding in the premenopausal period,MENOPAUSAL_DISORDERS
N95.0,Postmenopausal bleeding,MENOPAUSAL_DISORDERS
N95.1,Menopausal and female climacteric states,MENOPAUSAL_DISORDERS
N95.2,Postmenopausal atrophic vaginitis,MENOPAUSAL_DISORDERS
N95.3,States associated with artificial menopause,MENOPAUSAL_DISORDERS
N95.8,Other specified menopausal and perimenopausal disorders,MENOPAUSAL_DISORDERS
N95.9,"Menopausal and perimenopausal disorder, unspecified",MENOPAUSAL_DISORDERS
N97.0,Female infertility associated with anovulation,FEMALE_INFERTILITY
N97.1,Female infertility of tubal origin,FEMALE_INFERTILITY
N97.2,Female infertility of uterine origin,FEMALE_INFERTILITY
N97.3,Female infertility of cervical origin,FEMALE_INFERTILITY
N97.4,Female infertility associated with male factors,FEMALE_INFERTILITY
N97.8,Female infertility of other origin,FEMALE_INFERTILITY
N97.9,"Female infertility, unspecified",FEMALE_INFERTILITY
A34.,Obstetrical tetanus,ALL_EXCEPT_NORMAL_DELIVERY
F53.0,"Mild mental and behavioural disorders associated with the puerperium, not elsewhere classified",ALL_EXCEPT_NORMAL_DELIVERY
F53.1,"Severe mental and behavioural disorders associated with the puerperium, not elsewhere classified",ALL_EXCEPT_NORMAL_DELIVERY
F53.8,"Other mental and behavioural disorders associated with the puerperium, not elsewhere classified",ALL_EXCEPT_NORMAL_DELIVERY
F53.9,"Puerperal mental disorder, unspecified",ALL_EXCEPT_NORMAL_DELIVERY
O00.0,Abdominal pregnancy,ALL_EXCEPT_NORMAL_DELIVERY
O00.1,Tubal pregnancy,ALL_EXCEPT_NORMAL_DELIVERY
O00.2,Ovarian pregnancy,ALL_EXCEPT_NORMAL_DELIVERY
O00.8,Other ectopic pregnancy,ALL_EXCEPT_NORMAL_DELIVERY
O00.9,"Ectopic pregnancy, unspecified",ALL_EXCEPT_NORMAL_DELIVERY
O01.0,Classical hydatidiform mole,ALL_EXCEPT_NORMAL_DELIVERY
O01.1,Incomplete and partial hydatidiform mole,ALL_EXCEPT_NORMAL_DELIVERY
O01.9,"Hydatidiform mole, unspecified",ALL_EXCEPT_NORMAL_DELIVERY
O02.0,Blighted ovum and nonhydatidiform mole,ALL_EXCEPT_NORMAL_DELIVERY
O02.1,Missed abortion,ALL_EXCEPT_NORMAL_DELIVERY
O02.8,Other specified abnormal products of conception,ALL_EXCEPT_NORMAL_DELIVERY
O02.9,"Abnormal product of conception, unspecified",ALL_EXCEPT_NORMAL_DELIVERY
O03.0,"Spontaneous abortion, incomplete, complicated by genital tract and pelvic infection and sepsis",ALL_EXCEPT_NORMAL_DELIVERY
O03.1,"Spontaneous abortion, incomplete, complicated by delayed or excessive haemorrhage",ALL_EXCEPT_NORMAL_DELIVERY
O03.2,"Spontaneous abortion, incomplete, complicated by embolism",ALL_EXCEPT_NORMAL_DELIVERY
O03.3,"Spontaneous abortion, incomplete, with other and unspecified complications",ALL_EXCEPT_NORMAL_DELIVERY
O03.4,"Spontaneous abortion, incomplete, without complication",ALL_EXCEPT_NORMAL_DELIVERY
O03.5,"Spontaneous abortion, complete or unspecified, complicated by genital tract and pelvic infection and sepsis",ALL_EXCEPT_NORMAL_DELIVERY
O03.6,"Spontaneous abortion, complete or unspecified, complicated by delayed or excessive haemorrhage",ALL_EXCEPT_NORMAL_DELIVERY
O03.7,"Spontaneous abortion, complete or unspecified, complicated by embolism",ALL_EXCEPT_NORMAL_DELIVERY
O03.8,"Spontaneous abortion, complete or unspecified, with other and unspecified complications",ALL_EXCEPT_NORMAL_DELIVERY
O03.9,"Spontaneous abortion, complete or unspecified, without complication",ALL_EXCEPT_NORMAL_DELIVERY
O04.0,"Medical abortion, incomplete, complicated by genital tract and pelvic infection and sepsis",ALL_EXCEPT_NORMAL_DELIVERY
O04.1,"Medical abortion, incomplete, complicated by delayed or excessive haemorrhage",ALL_EXCEPT_NORMAL_DELIVERY
O04.2,"Medical abortion, incomplete, complicated by embolism",ALL_EXCEPT_NORMAL_DELIVERY
O04.3,"Medical abortion, incomplete, with other and unspecified complications",ALL_EXCEPT_NORMAL_DELIVERY
O04.4,"Medical abortion, incomplete, without complication",ALL_EXCEPT_NORMAL_DELIVERY
O04.5,"Medical abortion, complete or unspecified, complicated by genital tract and pelvic infection and sepsis",ALL_EXCEPT_NORMAL_DELIVERY
O04.6,"Medical abortion, complete or unspecified, complicated by delayed or excessive haemorrhage",ALL_EXCEPT_NORMAL_DELIVERY
O04.7,"Medical abortion, complete or unspecified, complicated by embolism",ALL_EXCEPT_NORMAL_DELIVERY
O04.8,"Medical abortion, complete or unspecified, with other and unspecified complications",ALL_EXCEPT_NORMAL_DELIVERY
O04.9,"Medical abortion, complete or unspecified, without complication",ALL_EXCEPT_NORMAL_DELIVERY
O05.0,"Other abortion, incomplete, complicated by genital tract and pelvic infection and sepsis",ALL_EXCEPT_NORMAL_DELIVERY
O05.1,"Other abortion, incomplete, complicated by delayed or excessive haemorrhage",ALL_EXCEPT_NORMAL_DELIVERY
O05.2,"Other abortion, incomplete, complicated by embolism",ALL_EXCEPT_NORMAL_DELIVERY
O05.3,"Other abortion, incomplete, with other and unspecified complications",ALL_EXCEPT_NORMAL_DELIVERY
O05.4,"Other abortion, incomplete, without complication",ALL_EXCEPT_NORMAL_DELIVERY
O05.5,"Other abortion, complete or unspecified, complicated by genital tract and pelvic infection and sepsis",ALL_EXCEPT_NORMAL_DELIVERY
O05.6,"Other abortion, complete or unspecified, complicated by delayed or excessive haemorrhage",ALL_EXCEPT_NORMAL_DELIVERY
O05.7,"Other abortion, complete or unspecified, complicated by embolism",ALL_EXCEPT_NORMAL_DELIVERY
O05.8,"Other abortion, complete or unspecified, with other and unspecified complications",ALL_EXCEPT_NORMAL_DELIVERY
O05.9,"Other abortion, complete or unspecified, without complication",ALL_EXCEPT_NORMAL_DELIVERY
O06.0,"Unspecified abortion, incomplete, complicated by genital tract and pelvic infection and sepsis",ALL_EXCEPT_NORMAL_DELIVERY
O06.1,"Unspecified abortion, incomplete, complicated by delayed or excessive haemorrhage",ALL_EXCEPT_NORMAL_DELIVERY
O06.2,"Unspecified abortion, incomplete, complicated by embolism",ALL_EXCEPT_NORMAL_DELIVERY
O06.3,"Unspecified abortion, incomplete, with other and unspecified complications",ALL_EXCEPT_NORMAL_DELIVERY
O06.4,"Unspecified abortion, incomplete, without complication",ALL_EXCEPT_NORMAL_DELIVERY
O06.5,"Unspecified abortion, complete or unspecified, complicated by genital tract and pelvic infection and sepsis",ALL_EXCEPT_NORMAL_DELIVERY
O06.6,"Unspecified abortion, complete or unspecified, complicated by delayed or excessive haemorrhage",ALL_EXCEPT_NORMAL_DELIVERY
O06.7,"Unspecified abortion, complete or unspecified, complicated by embolism",ALL_EXCEPT_NORMAL_DELIVERY
O06.8,"Unspecified abortion, complete or unspecified, with other and unspecified complications",ALL_EXCEPT_NORMAL_DELIVERY
O06.9,"Unspecified abortion, complete or unspecified, without complication",ALL_EXCEPT_NORMAL_DELIVERY
O07.0,"Failed medical abortion, complicated by genital tract and pelvic infection and sepsis",ALL_EXCEPT_NORMAL_DELIVERY
O07.1,"Failed medical abortion, complicated by delayed or excessive haemorrhage",ALL_EXCEPT_NORMAL_DELIVERY
O07.2,"Failed medical abortion, complicated by embolism",ALL_EXCEPT_NORMAL_DELIVERY
O07.3,"Failed medical abortion, with other and unspecified complications",ALL_EXCEPT_NORMAL_DELIVERY
O07.4,"Failed medical abortion, without complication",ALL_EXCEPT_NORMAL_DELIVERY
O07.5,"Other and unspecified failed attempted abortion, complicated by genital tract and pelvic infection and sepsis",ALL_EXCEPT_NORMAL_DELIVERY
O07.6,"Other and unspecified failed attempted abortion, complicated by delayed or excessive haemorrhage",ALL_EXCEPT_NORMAL_DELIVERY
O07.7,"Other and unspecified failed attempted abortion, complicated by embolism",ALL_EXCEPT_NORMAL_DELIVERY
O07.8,"Other and unspecified failed attempted abortion, with other and unspecified complications",ALL_EXCEPT_NORMAL_DELIVERY
O07.9,"Other and unspecified failed attempted abortion, without complication",ALL_EXCEPT_NORMAL_DELIVERY
O08.0,Genital tract and pelvic infection and sepsis following abortion and ectopic and molar pregnancy,ALL_EXCEPT_NORMAL_DELIVERY
O08.1,Delayed or excessive haemorrhage following abortion and ectopic and molar pregnancy,ALL_EXCEPT_NORMAL_DELIVERY
O08.2,Embolism following abortion and ectopic and molar pregnancy,ALL_EXCEPT_NORMAL_DELIVERY
O08.3,Shock following abortion and ectopic and molar pregnancy,ALL_EXCEPT_NORMAL_DELIVERY
O08.4,Kidney failure following abortion and ectopic and molar pregnancy,ALL_EXCEPT_NORMAL_DELIVERY
O08.5,Metabolic disorders following abortion and ectopic and molar pregnancy,ALL_EXCEPT_NORMAL_DELIVERY
O08.6,Damage to pelvic organs and tissues following abortion and ectopic and molar pregnancy,ALL_EXCEPT_NORMAL_DELIVERY
O08.7,Other venous complications following abortion and ectopic and molar pregnancy,ALL_EXCEPT_NORMAL_DELIVERY
O08.8,Other complications following abortion and ectopic and molar pregnancy,ALL_EXCEPT_NORMAL_DELIVERY
O08.9,"Complication following abortion and ectopic and molar pregnancy, unspecified",ALL_EXCEPT_NORMAL_DELIVERY
O09.0,Duration of pregnancy less than 5 completed weeks,ALL_EXCEPT_NORMAL_DELIVERY
O09.1,Duration of pregnancy 5-13 completed weeks,ALL_EXCEPT_NORMAL_DELIVERY
O09.2,Duration of pregnancy 14-19 completed weeks,ALL_EXCEPT_NORMAL_DELIVERY
O09.3,Duration of pregnancy 20-25 completed weeks,ALL_EXCEPT_NORMAL_DELIVERY
O09.4,Duration of pregnancy 26-33 completed weeks,ALL_EXCEPT_NORMAL_DELIVERY
O09.5,Duration of pregnancy 34-36 completed weeks,ALL_EXCEPT_NORMAL_DELIVERY
O09.9,Unspecified duration of pregnancy,ALL_EXCEPT_NORMAL_DELIVERY
O10.,"Pre-existing hypertension in pregnancy, childbirth and the puerperium",ALL_EXCEPT_NORMAL_DELIVERY
O10.0,"Pre-existing essential hypertension complicating pregnancy, childbirth and the puerperium",ALL_EXCEPT_NORMAL_DELIVERY
O10.1,"Pre-existing hypertensive heart disease complicating pregnancy, childbirth and the puerperium",ALL_EXCEPT_NORMAL_DELIVERY
O10.2,"Pre-existing hypertensive kidney disease complicating pregnancy, childbirth and the puerperium",ALL_EXCEPT_NORMAL_DELIVERY
O10.3,"Pre-existing hypertensive heart and kidney disease complicating pregnancy, childbirth and the puerperium",ALL_EXCEPT_NORMAL_DELIVERY
O10.4,"Pre-existing secondary hypertension complicating pregnancy, childbirth and the puerperium",ALL_EXCEPT_NORMAL_DELIVERY
O10.9,"Unspecified pre-existing hypertension complicating pregnancy, childbirth and the puerperium",ALL_EXCEPT_NORMAL_DELIVERY
O11.,Pre-eclampsia superimposed on chronic hypertension,ALL_EXCEPT_NORMAL_DELIVERY
O12.0,Gestational oedema,ALL_EXCEPT_NORMAL_DELIVERY
O12.1,Gestational proteinuria,ALL_EXCEPT_NORMAL_DELIVERY
O12.2,Gestational oedema with proteinuria,ALL_EXCEPT_NORMAL_DELIVERY
O13.,Gestational [pregnancy-induced] hypertension,ALL_EXCEPT_NORMAL_DELIVERY
O14.0,Mild to moderate pre-eclampsia,ALL_EXCEPT_NORMAL_DELIVERY
O14.1,Severe pre-eclampsia,ALL_EXCEPT_NORMAL_DELIVERY
O14.9,"Pre-eclampsia, unspecified",ALL_EXCEPT_NORMAL_DELIVERY
O15.0,Eclampsia in pregnancy,ALL_EXCEPT_NORMAL_DELIVERY
O15.1,Eclampsia in labour,ALL_EXCEPT_NORMAL_DELIVERY
O15.2,Eclampsia in the puerperium,ALL_EXCEPT_NORMAL_DELIVERY
O15.9,"Eclampsia, unspecified as to time period",ALL_EXCEPT_NORMAL_DELIVERY
O16.,Unspecified maternal hypertension,ALL_EXCEPT_NORMAL_DELIVERY
O20.0,Threatened abortion,ALL_EXCEPT_NORMAL_DELIVERY
O20.8,Other haemorrhage in early pregnancy,ALL_EXCEPT_NORMAL_DELIVERY
O20.9,"Haemorrhage in early pregnancy, unspecified",ALL_EXCEPT_NORMAL_DELIVERY
O21.0,Hyperemesis gravidarum,ALL_EXCEPT_NORMAL_DELIVERY
O21.1,Hyperemesis gravidarum with metabolic disturbance,ALL_EXCEPT_NORMAL_DELIVERY
O21.2,Vomiting in late pregnancy,ALL_EXCEPT_NORMAL_DELIVERY
O21.8,Other vomiting complicating pregnancy,ALL_EXCEPT_NORMAL_DELIVERY
O21.9,"Vomiting in pregnancy, not elsewhere classified",ALL_EXCEPT_NORMAL_DELIVERY
O22.0,Varicose veins of lower extremity in pregnancy,ALL_EXCEPT_NORMAL_DELIVERY
O22.1,Genital varices in pregnancy,ALL_EXCEPT_NORMAL_DELIVERY
O22.2,Superficial thrombophlebitis in pregnancy,ALL_EXCEPT_NORMAL_DELIVERY
O22.3,Deep phlebothrombosis in pregnancy,ALL_EXCEPT_NORMAL_DELIVERY
O22.4,Haemorrhoids in pregnancy,ALL_EXCEPT_NORMAL_DELIVERY
O22.5,Cerebral venous thrombosis in pregnancy,ALL_EXCEPT_NORMAL_DELIVERY
O22.8,Other venous complications in pregnancy,ALL_EXCEPT_NORMAL_DELIVERY
O22.9,Venous condition in pregnancy,ALL_EXCEPT_NORMAL_DELIVERY
O23.0,Infections of kidney in pregnancy,ALL_EXCEPT_NORMAL_DELIVERY
O23.1,Infections of bladder in pregnancy,ALL_EXCEPT_NORMAL_DELIVERY
O23.2,Infections of urethra in pregnancy,ALL_EXCEPT_NORMAL_DELIVERY
O23.3,Infections of other parts of urinary tract in pregnancy,ALL_EXCEPT_NORMAL_DELIVERY
O23.4,Unspecified infection of urinary tract in pregnancy,ALL_EXCEPT_NORMAL_DELIVERY
O23.5,Infections of the genital tract in pregnancy,ALL_EXCEPT_NORMAL_DELIVERY
O23.9,Other and unspecified genitourinary tract infection in pregnancy,ALL_EXCEPT_NORMAL_DELIVERY
O24.0,"Pre-existing Type 1 diabetes mellitus in pregnancy, childbirth and the puerperium",ALL_EXCEPT_NORMAL_DELIVERY
O24.1,"Pre-existing Type 2 diabetes mellitus in pregnancy, childbirth and the puerperium",ALL_EXCEPT_NORMAL_DELIVERY
O24.11,"Pre-existing diabetes mellitus, Type 2, in pregnancy, non-insulin treated",ALL_EXCEPT_NORMAL_DELIVERY
O24.12,"Pre-existing Type 2 diabetes mellitus in pregnancy, childbirth and the puerperium, insulin treated",ALL_EXCEPT_NORMAL_DELIVERY
O24.19,"Pre-existing Type 2 diabetes mellitus in pregnancy, childbirth and the puerperium, unspecified",ALL_EXCEPT_NORMAL_DELIVERY
O24.2,"Pre-existing other specified diabetes mellitus in pregnancy, childbirth and the puerperium",ALL_EXCEPT_NORMAL_DELIVERY
O24.21,"Pre-existing diabetes mellitus, other specified type, in pregnancy, non-insulin treated",ALL_EXCEPT_NORMAL_DELIVERY
O24.22,"Pre-existing other specified diabetes mellitus in pregnancy, childbirth and the puerperium, insulin treated",ALL_EXCEPT_NORMAL_DELIVERY
O24.29,"Pre-existing other specified diabetes mellitus in pregnancy, childbirth and the puerperium, unspecified",ALL_EXCEPT_NORMAL_DELIVERY
O24.3,"Pre-existing unspecified diabetes mellitus, in pregnancy, childbirth and the puerperium",ALL_EXCEPT_NORMAL_DELIVERY
O24.31,"Pre-existing diabetes mellitus, unspecified, in pregnancy, non-insulin treated",ALL_EXCEPT_NORMAL_DELIVERY
O24.32,"Pre-existing unspecified diabetes mellitus in pregnancy, childbirth and the puerperium, insulin treated",ALL_EXCEPT_NORMAL_DELIVERY
O24.39,"Pre-existing unspecified diabetes mellitus in pregnancy, childbirth and the puerperium, unspecified",ALL_EXCEPT_NORMAL_DELIVERY
O24.4,Diabetes mellitus arising during pregnancy,ALL_EXCEPT_NORMAL_DELIVERY
O24.41,"Diabetes mellitus arising at or after 24 weeks gestation, non-insulin treated",ALL_EXCEPT_NORMAL_DELIVERY
O24.42,"Diabetes mellitus arising during pregnancy, insulin treated",ALL_EXCEPT_NORMAL_DELIVERY
O24.49,"Diabetes mellitus arising during pregnancy, unspecified",ALL_EXCEPT_NORMAL_DELIVERY
O24.51,"Pre-existing impaired glucose regulation, in pregnancy, non-insulin treated",ALL_EXCEPT_NORMAL_DELIVERY
O24.52,"Pre-existing intermediate hyperglycaemia in pregnancy, childbirth and the puerperium, insulin treated",ALL_EXCEPT_NORMAL_DELIVERY
O24.59,"Pre-existing intermediate hyperglycaemia in pregnancy, childbirth and the puerperium, unspecified",ALL_EXCEPT_NORMAL_DELIVERY
O24.9,"Diabetes mellitus in pregnancy, childbirth and the puerperium, unspecified onset",ALL_EXCEPT_NORMAL_DELIVERY
O24.91,"Diabetes mellitus in pregnancy, unspecified onset, non-insulin treated",ALL_EXCEPT_NORMAL_DELIVERY
O24.92,"Diabetes mellitus in pregnancy, childbirth and the puerperium, unspecified onset, insulin treated",ALL_EXCEPT_NORMAL_DELIVERY
O24.99,"Diabetes mellitus in pregnancy, childbirth and the puerperium, unspecified onset, unspecified",ALL_EXCEPT_NORMAL_DELIVERY
O25.,"Malnutrition in pregnancy, childbirth and the puerperium",ALL_EXCEPT_NORMAL_DELIVERY
O26.0,Excessive weight gain in pregnancy,ALL_EXCEPT_NORMAL_DELIVERY
O26.1,Low weight gain in pregnancy,ALL_EXCEPT_NORMAL_DELIVERY
O26.2,Pregnancy care of habitual aborter,ALL_EXCEPT_NORMAL_DELIVERY
O26.3,Retained intrauterine contraceptive device in pregnancy,ALL_EXCEPT_NORMAL_DELIVERY
O26.4,Pemphigoid gestationis [herpes gestationis],ALL_EXCEPT_NORMAL_DELIVERY
O26.5,Maternal hypotension syndrome,ALL_EXCEPT_NORMAL_DELIVERY
O26.6,"Liver disorders in pregnancy, childbirth and the puerperium",ALL_EXCEPT_NORMAL_DELIVERY
O26.7,"Subluxation of symphysis (pubis) in pregnancy, childbirth and the puerperium",ALL_EXCEPT_NORMAL_DELIVERY
O26.81,"Kidney disorders in pregnancy, childbirth and the puerperium",ALL_EXCEPT_NORMAL_DELIVERY
O26.82,Carpal tunnel syndrome in pregnancy,ALL_EXCEPT_NORMAL_DELIVERY
O26.83,Neuralgia in pregnancy,ALL_EXCEPT_NORMAL_DELIVERY
O26.88,Other specified pregnancy-related conditions,ALL_EXCEPT_NORMAL_DELIVERY
O26.9,"Pregnancy-related condition, unspecified",ALL_EXCEPT_NORMAL_DELIVERY
O29.0,Pulmonary complications of anaesthesia during pregnancy,ALL_EXCEPT_NORMAL_DELIVERY
O29.1,Cardiac complications of anaesthesia during pregnancy,ALL_EXCEPT_NORMAL_DELIVERY
O29.2,Central nervous system complications of anaesthesia during pregnancy,ALL_EXCEPT_NORMAL_DELIVERY
O29.3,Toxic reaction to local anaesthesia during pregnancy,ALL_EXCEPT_NORMAL_DELIVERY
O29.4,Spinal and epidural anaesthesia-induced headache during pregnancy,ALL_EXCEPT_NORMAL_DELIVERY
O29.5,Other complications of spinal and epidural anaesthesia during pregnancy,ALL_EXCEPT_NORMAL_DELIVERY
O29.6,Failed or difficult intubation during pregnancy,ALL_EXCEPT_NORMAL_DELIVERY
O29.8,Other complications of anaesthesia during pregnancy,ALL_EXCEPT_NORMAL_DELIVERY
O29.9,"Complication of anaesthesia during pregnancy, unspecified",ALL_EXCEPT_NORMAL_DELIVERY
O30.0,Twin pregnancy,ALL_EXCEPT_NORMAL_DELIVERY
O30.1,Triplet pregnancy,ALL_EXCEPT_NORMAL_DELIVERY
O30.2,Quadruplet pregnancy,ALL_EXCEPT_NORMAL_DELIVERY
O30.8,Other multiple gestation,ALL_EXCEPT_NORMAL_DELIVERY
O30.9,"Multiple gestation, unspecified",ALL_EXCEPT_NORMAL_DELIVERY
O31.0,Papyraceous fetus,ALL_EXCEPT_NORMAL_DELIVERY
O31.1,Continuing pregnancy after abortion of one fetus or more,ALL_EXCEPT_NORMAL_DELIVERY
O31.2,Continuing pregnancy after intrauterine death of one fetus or more,ALL_EXCEPT_NORMAL_DELIVERY
O31.8,Other complications specific to multiple gestation,ALL_EXCEPT_NORMAL_DELIVERY
O32.0,Maternal care for unstable lie,ALL_EXCEPT_NORMAL_DELIVERY
O32.1,Maternal care for breech presentation,ALL_EXCEPT_NORMAL_DELIVERY
O32.2,Maternal care for transverse and oblique lie,ALL_EXCEPT_NORMAL_DELIVERY
O32.3,"Maternal care for face, brow and chin presentation",ALL_EXCEPT_NORMAL_DELIVERY
O32.4,Maternal care for high head at term,ALL_EXCEPT_NORMAL_DELIVERY
O32.5,Maternal care for multiple gestation with malpresentation of one fetus or more,ALL_EXCEPT_NORMAL_DELIVERY
O32.6,Maternal care for compound presentation,ALL_EXCEPT_NORMAL_DELIVERY
O32.8,Maternal care for other malpresentation of fetus,ALL_EXCEPT_NORMAL_DELIVERY
O32.9,"Maternal care for malpresentation of fetus, unspecified",ALL_EXCEPT_NORMAL_DELIVERY
O33.0,Maternal care for disproportion due to deformity of maternal pelvic bones,ALL_EXCEPT_NORMAL_DELIVERY
O33.1,Maternal care for disproportion due to generally contracted pelvis,ALL_EXCEPT_NORMAL_DELIVERY
O33.2,Maternal care for disproportion due to inlet contraction of pelvis,ALL_EXCEPT_NORMAL_DELIVERY
O33.3,Maternal care for disproportion due to outlet contraction of pelvis,ALL_EXCEPT_NORMAL_DELIVERY
O33.4,Maternal care for disproportion of mixed maternal and fetal origin,ALL_EXCEPT_NORMAL_DELIVERY
O33.5,Maternal care for disproportion due to unusually large fetus,ALL_EXCEPT_NORMAL_DELIVERY
O33.6,Maternal care for disproportion due to hydrocephalic fetus,ALL_EXCEPT_NORMAL_DELIVERY
O33.7,Maternal care for disproportion due to other fetal deformities,ALL_EXCEPT_NORMAL_DELIVERY
O33.8,Maternal care for disproportion of other origin,ALL_EXCEPT_NORMAL_DELIVERY
O33.9,"Maternal care for disproportion, unspecified",ALL_EXCEPT_NORMAL_DELIVERY
O34.0,Maternal care for congenital malformation of uterus,ALL_EXCEPT_NORMAL_DELIVERY
O34.1,Maternal care for tumour of corpus uteri,ALL_EXCEPT_NORMAL_DELIVERY
O34.2,Maternal care due to uterine scar from previous surgery,ALL_EXCEPT_NORMAL_DELIVERY
O34.3,Maternal care for cervical incompetence,ALL_EXCEPT_NORMAL_DELIVERY
O34.4,Maternal care for other abnormalities of cervix,ALL_EXCEPT_NORMAL_DELIVERY
O34.5,Maternal care for other abnormalities of gravid uterus,ALL_EXCEPT_NORMAL_DELIVERY
O34.6,Maternal care for abnormality of vagina,ALL_EXCEPT_NORMAL_DELIVERY
O34.7,Maternal care for abnormality of vulva and perineum,ALL_EXCEPT_NORMAL_DELIVERY
O34.8,Maternal care for other abnormalities of pelvic organs,ALL_EXCEPT_NORMAL_DELIVERY
O34.9,"Maternal care for abnormality of pelvic organ, unspecified",ALL_EXCEPT_NORMAL_DELIVERY
O35.0,Maternal care for (suspected) central nervous system malformation in fetus,ALL_EXCEPT_NORMAL_DELIVERY
O35.1,Maternal care for (suspected) chromosomal abnormality in fetus,ALL_EXCEPT_NORMAL_DELIVERY
O35.2,Maternal care for (suspected) hereditary disease in fetus,ALL_EXCEPT_NORMAL_DELIVERY
O35.3,Maternal care for (suspected) damage to fetus from viral disease in mother,ALL_EXCEPT_NORMAL_DELIVERY
O35.4,Maternal care for (suspected) damage to fetus from alcohol,ALL_EXCEPT_NORMAL_DELIVERY
O35.5,Maternal care for (suspected) damage to fetus by drugs,ALL_EXCEPT_NORMAL_DELIVERY
O35.6,Maternal care for (suspected) damage to fetus by radiation,ALL_EXCEPT_NORMAL_DELIVERY
O35.7,Maternal care for (suspected) damage to fetus by other medical procedures,ALL_EXCEPT_NORMAL_DELIVERY
O35.8,Maternal care for other (suspected) fetal abnormality and damage,ALL_EXCEPT_NORMAL_DELIVERY
O35.9,"Maternal care for (suspected) fetal abnormality and damage, unspecified",ALL_EXCEPT_NORMAL_DELIVERY
O36.,Maternal care for other known or suspected fetal problems,ALL_EXCEPT_NORMAL_DELIVERY
O36.0,Maternal care for rhesus isoimmunisation,ALL_EXCEPT_NORMAL_DELIVERY
O36.1,Maternal care for other isoimmunisation,ALL_EXCEPT_NORMAL_DELIVERY
O36.2,Maternal care for hydrops fetalis,ALL_EXCEPT_NORMAL_DELIVERY
O36.3,Maternal care for signs of fetal hypoxia,ALL_EXCEPT_NORMAL_DELIVERY
O36.4,Maternal care for intrauterine death,ALL_EXCEPT_NORMAL_DELIVERY
O36.5,Maternal care for poor fetal growth,ALL_EXCEPT_NORMAL_DELIVERY
O36.6,Maternal care for excessive fetal growth,ALL_EXCEPT_NORMAL_DELIVERY
O36.7,Maternal care for viable fetus in abdominal pregnancy,ALL_EXCEPT_NORMAL_DELIVERY
O36.8,Maternal care for other specified fetal problems,ALL_EXCEPT_NORMAL_DELIVERY
O36.9,"Maternal care for fetal problem, unspecified",ALL_EXCEPT_NORMAL_DELIVERY
O40.,Polyhydramnios,ALL_EXCEPT_NORMAL_DELIVERY
O41.0,Oligohydramnios,ALL_EXCEPT_NORMAL_DELIVERY
O41.1,Infection of amniotic sac and membranes,ALL_EXCEPT_NORMAL_DELIVERY
O41.8,Other specified disorders of amniotic fluid and membranes,ALL_EXCEPT_NORMAL_DELIVERY
O41.9,"Disorder of amniotic fluid and membranes, unspecified",ALL_EXCEPT_NORMAL_DELIVERY
O42.0,"Premature rupture of membranes, onset of labour within 24 hours",ALL_EXCEPT_NORMAL_DELIVERY
O42.11,"Premature rupture of membranes, onset of labour between 1-7 days later",ALL_EXCEPT_NORMAL_DELIVERY
O42.12,"Premature rupture of membranes, onset of labour more than 7 days later",ALL_EXCEPT_NORMAL_DELIVERY
O42.2,"Premature rupture of membranes, labour delayed by therapy",ALL_EXCEPT_NORMAL_DELIVERY
O42.9,"Premature rupture of membranes, unspecified",ALL_EXCEPT_NORMAL_DELIVERY
O43.0,Placental transfusion syndromes,ALL_EXCEPT_NORMAL_DELIVERY
O43.1,Malformation of placenta,ALL_EXCEPT_NORMAL_DELIVERY
O43.2,Morbidly adherent placenta,ALL_EXCEPT_NORMAL_DELIVERY
O43.8,Other placental disorders,ALL_EXCEPT_NORMAL_DELIVERY
O43.9,"Placental disorder, unspecified",ALL_EXCEPT_NORMAL_DELIVERY
O44.0,Placenta praevia specified as without haemorrhage,ALL_EXCEPT_NORMAL_DELIVERY
O44.1,Placenta praevia with haemorrhage,ALL_EXCEPT_NORMAL_DELIVERY
O45.0,Premature separation of placenta with coagulation defect,ALL_EXCEPT_NORMAL_DELIVERY
O45.8,Other premature separation of placenta,ALL_EXCEPT_NORMAL_DELIVERY
O45.9,"Premature separation of placenta, unspecified",ALL_EXCEPT_NORMAL_DELIVERY
O46.0,Antepartum haemorrhage with coagulation defect,ALL_EXCEPT_NORMAL_DELIVERY
O46.8,Other antepartum haemorrhage,ALL_EXCEPT_NORMAL_DELIVERY
O46.9,"Antepartum haemorrhage, unspecified",ALL_EXCEPT_NORMAL_DELIVERY
O47.0,False labour before 37 completed weeks of gestation,ALL_EXCEPT_NORMAL_DELIVERY
O47.1,False labour at or after 37 completed weeks of gestation,ALL_EXCEPT_NORMAL_DELIVERY
O47.9,"False labour, unspecified",ALL_EXCEPT_NORMAL_DELIVERY
O48.,Prolonged pregnancy,ALL_EXCEPT_NORMAL_DELIVERY
O60.,Preterm labour and delivery,ALL_EXCEPT_NORMAL_DELIVERY
O61.0,Failed medical induction of labour,ALL_EXCEPT_NORMAL_DELIVERY
O61.1,Failed surgical induction of labour,ALL_EXCEPT_NORMAL_DELIVERY
O61.8,Other failed induction of labour,ALL_EXCEPT_NORMAL_DELIVERY
O61.9,"Failed induction of labour, unspecified",ALL_EXCEPT_NORMAL_DELIVERY
O62.0,Primary inadequate contractions,ALL_EXCEPT_NORMAL_DELIVERY
O62.1,Secondary uterine inertia,ALL_EXCEPT_NORMAL_DELIVERY
O62.2,Other uterine inertia,ALL_EXCEPT_NORMAL_DELIVERY
O62.3,Precipitate labour,ALL_EXCEPT_NORMAL_DELIVERY
O62.4,"Hypertonic, incoordinate, and prolonged uterine contractions",ALL_EXCEPT_NORMAL_DELIVERY
O62.8,Other abnormalities of forces of labour,ALL_EXCEPT_NORMAL_DELIVERY
O62.9,"Abnormality of forces of labour, unspecified",ALL_EXCEPT_NORMAL_DELIVERY
O63.0,Prolonged first stage (of labour),ALL_EXCEPT_NORMAL_DELIVERY
O63.1,Prolonged second stage (of labour),ALL_EXCEPT_NORMAL_DELIVERY
O63.2,Delayed delivery of second or subsequent fetus in multiple delivery,ALL_EXCEPT_NORMAL_DELIVERY
O63.9,"Long labour, unspecified",ALL_EXCEPT_NORMAL_DELIVERY
O64.,Labour and delivery affected by malposition and malpresentation of fetus,ALL_EXCEPT_NORMAL_DELIVERY
O64.0,Labour and delivery affected by incomplete rotation of fetal head,ALL_EXCEPT_NORMAL_DELIVERY
O64.1,Labour and delivery affected by breech presentation,ALL_EXCEPT_NORMAL_DELIVERY
O64.2,Labour and delivery affected by face presentation,ALL_EXCEPT_NORMAL_DELIVERY
O64.3,Labour and delivery affected by brow presentation,ALL_EXCEPT_NORMAL_DELIVERY
O64.4,Labour and delivery affected by shoulder presentation,ALL_EXCEPT_NORMAL_DELIVERY
O64.5,Labour and delivery affected by compound presentation,ALL_EXCEPT_NORMAL_DELIVERY
O64.8,Labour and delivery affected by other malposition and malpresentation,ALL_EXCEPT_NORMAL_DELIVERY
O64.9,"Labour and delivery affected by malposition and malpresentation, unspecified",ALL_EXCEPT_NORMAL_DELIVERY
O65.0,Labour and delivery affected by deformed pelvis,ALL_EXCEPT_NORMAL_DELIVERY
O65.1,Labour and delivery affected by generally contracted pelvis,ALL_EXCEPT_NORMAL_DELIVERY
O65.2,Labour and delivery affected by pelvic inlet contraction,ALL_EXCEPT_NORMAL_DELIVERY
O65.3,Labour and delivery affected by pelvic outlet and mid-cavity contraction,ALL_EXCEPT_NORMAL_DELIVERY
O65.4,"Labour and delivery affected by fetopelvic disproportion, unspecified",ALL_EXCEPT_NORMAL_DELIVERY
O65.5,Labour and delivery affected by abnormality of maternal pelvic organs,ALL_EXCEPT_NORMAL_DELIVERY
O65.8,Labour and delivery affected by other maternal pelvic abnormalities,ALL_EXCEPT_NORMAL_DELIVERY
O65.9,"Labour and delivery affected by maternal pelvic abnormality, unspecified",ALL_EXCEPT_NORMAL_DELIVERY
O66.0,Labour and delivery affected by shoulder dystocia,ALL_EXCEPT_NORMAL_DELIVERY
O66.1,Labour and delivery affected by locked twins,ALL_EXCEPT_NORMAL_DELIVERY
O66.2,Labour and delivery affected by unusually large fetus,ALL_EXCEPT_NORMAL_DELIVERY
O66.3,Labour and delivery affected by other abnormalities of fetus,ALL_EXCEPT_NORMAL_DELIVERY
O66.4,"Failed trial of labour, unspecified",ALL_EXCEPT_NORMAL_DELIVERY
O66.5,"Failed application of vacuum extractor and forceps, unspecified",ALL_EXCEPT_NORMAL_DELIVERY
O66.8,Labour and delivery affected by other dystocia,ALL_EXCEPT_NORMAL_DELIVERY
O66.9,"Labour and delivery affected by dystocia, unspecified",ALL_EXCEPT_NORMAL_DELIVERY
O67.0,Intrapartum haemorrhage with coagulation defect,ALL_EXCEPT_NORMAL_DELIVERY
O67.8,Other intrapartum haemorrhage,ALL_EXCEPT_NORMAL_DELIVERY
O67.9,"Intrapartum haemorrhage, unspecified",ALL_EXCEPT_NORMAL_DELIVERY
O68.0,Labour and delivery complicated by fetal heart rate anomaly,ALL_EXCEPT_NORMAL_DELIVERY
O68.1,Labour and delivery complicated by meconium in amniotic fluid,ALL_EXCEPT_NORMAL_DELIVERY
O68.2,Labour and delivery complicated by fetal heart rate anomaly with meconium in amniotic fluid,ALL_EXCEPT_NORMAL_DELIVERY
O68.3,Labour and delivery complicated by biochemical evidence of fetal stress,ALL_EXCEPT_NORMAL_DELIVERY
O68.8,Labour and delivery complicated by other evidence of fetal stress,ALL_EXCEPT_NORMAL_DELIVERY
O68.9,"Labour and delivery complicated by fetal stress, unspecified",ALL_EXCEPT_NORMAL_DELIVERY
O69.0,Labour and delivery complicated by prolapse of cord,ALL_EXCEPT_NORMAL_DELIVERY
O69.1,"Labour and delivery complicated by cord around neck, with compression",ALL_EXCEPT_NORMAL_DELIVERY
O69.2,"Labour and delivery complicated by other cord entanglement, with compression",ALL_EXCEPT_NORMAL_DELIVERY
O69.3,Labour and delivery complicated by short cord,ALL_EXCEPT_NORMAL_DELIVERY
O69.4,Labour and delivery complicated by vasa praevia,ALL_EXCEPT_NORMAL_DELIVERY
O69.5,Labour and delivery complicated by vascular lesion of cord,ALL_EXCEPT_NORMAL_DELIVERY
O69.8,Labour and delivery complicated by other cord complications,ALL_EXCEPT_NORMAL_DELIVERY
O69.9,"Labour and delivery complicated by cord complication, unspecified",ALL_EXCEPT_NORMAL_DELIVERY
O70.0,First degree perineal laceration during delivery,ALL_EXCEPT_NORMAL_DELIVERY
O70.1,Second degree perineal laceration during delivery,ALL_EXCEPT_NORMAL_DELIVERY
O70.2,Third degree perineal laceration during delivery,ALL_EXCEPT_NORMAL_DELIVERY
O70.3,Fourth degree perineal laceration during delivery,ALL_EXCEPT_NORMAL_DELIVERY
O70.9,"Perineal laceration during delivery, unspecified",ALL_EXCEPT_NORMAL_DELIVERY
O71.0,Rupture of uterus before onset of labour,ALL_EXCEPT_NORMAL_DELIVERY
O71.1,Rupture of uterus during labour,ALL_EXCEPT_NORMAL_DELIVERY
O71.2,Postpartum inversion of uterus,ALL_EXCEPT_NORMAL_DELIVERY
O71.3,Obstetric laceration of cervix,ALL_EXCEPT_NORMAL_DELIVERY
O71.4,Obstetric high vaginal laceration (alone),ALL_EXCEPT_NORMAL_DELIVERY
O71.5,Other obstetric injury to pelvic organs,ALL_EXCEPT_NORMAL_DELIVERY
O71.6,Obstetric damage to pelvic joints and ligaments,ALL_EXCEPT_NORMAL_DELIVERY
O71.7,Obstetric haematoma of pelvis,ALL_EXCEPT_NORMAL_DELIVERY
O71.8,Other specified obstetric trauma,ALL_EXCEPT_NORMAL_DELIVERY
O71.9,"Obstetric trauma, unspecified",ALL_EXCEPT_NORMAL_DELIVERY
O72.0,Third-stage haemorrhage,ALL_EXCEPT_NORMAL_DELIVERY
O72.1,Other immediate postpartum haemorrhage,ALL_EXCEPT_NORMAL_DELIVERY
O72.2,Delayed and secondary postpartum haemorrhage,ALL_EXCEPT_NORMAL_DELIVERY
O72.3,Postpartum coagulation defects,ALL_EXCEPT_NORMAL_DELIVERY
O73.0,Retained placenta,ALL_EXCEPT_NORMAL_DELIVERY
O73.1,Retained portions of placenta and membranes,ALL_EXCEPT_NORMAL_DELIVERY
O74.0,Aspiration pneumonitis due to anaesthesia during labour and delivery,ALL_EXCEPT_NORMAL_DELIVERY
O74.1,Other pulmonary complications of anaesthesia during labour and delivery,ALL_EXCEPT_NORMAL_DELIVERY
O74.2,Cardiac complications of anaesthesia during labour and delivery,ALL_EXCEPT_NORMAL_DELIVERY
O74.3,Central nervous system complications of anaesthesia during labour and delivery,ALL_EXCEPT_NORMAL_DELIVERY
O74.4,Toxic reaction to local anaesthesia during labour and delivery,ALL_EXCEPT_NORMAL_DELIVERY
O74.5,Spinal and epidural anaesthesia-induced headache during labour and delivery,ALL_EXCEPT_NORMAL_DELIVERY
O74.6,Other complications of spinal and epidural anaesthesia during labour and delivery,ALL_EXCEPT_NORMAL_DELIVERY
O74.7,Failed or difficult intubation during labour and delivery,ALL_EXCEPT_NORMAL_DELIVERY
O74.8,Other complications of anaesthesia during labour and delivery,ALL_EXCEPT_NORMAL_DELIVERY
O74.9,"Complication of anaesthesia during labour and delivery, unspecified",ALL_EXCEPT_NORMAL_DELIVERY
O75.0,Maternal distress during labour and delivery,ALL_EXCEPT_NORMAL_DELIVERY
O75.1,Shock during or following labour and delivery,ALL_EXCEPT_NORMAL_DELIVERY
O75.2,"Pyrexia during labour, not elsewhere classified",ALL_EXCEPT_NORMAL_DELIVERY
O75.3,Other infection during labour,ALL_EXCEPT_NORMAL_DELIVERY
O75.4,Other complications of obstetric surgery and procedures,ALL_EXCEPT_NORMAL_DELIVERY
O75.5,Delayed delivery after artificial rupture of membranes,ALL_EXCEPT_NORMAL_DELIVERY
O75.6,Delayed delivery after spontaneous or unspecified rupture of membranes,ALL_EXCEPT_NORMAL_DELIVERY
O75.7,Vaginal delivery following previous caesarean section,ALL_EXCEPT_NORMAL_DELIVERY
O75.8,Other specified complications of labour and delivery,ALL_EXCEPT_NORMAL_DELIVERY
O75.9,"Complication of labour and delivery, unspecified",ALL_EXCEPT_NORMAL_DELIVERY
O81.,Single delivery by forceps and vacuum extractor,ALL_EXCEPT_NORMAL_DELIVERY
O82.,Single delivery by caesarean section,ALL_EXCEPT_NORMAL_DELIVERY
O85.,Puerperal sepsis,ALL_EXCEPT_NORMAL_DELIVERY
O86.0,Infection of obstetric surgical wound,ALL_EXCEPT_NORMAL_DELIVERY
O86.1,Other infection of genital tract following delivery,ALL_EXCEPT_NORMAL_DELIVERY
O86.2,Urinary tract infection following delivery,ALL_EXCEPT_NORMAL_DELIVERY
O86.3,Other genitourinary tract infections following delivery,ALL_EXCEPT_NORMAL_DELIVERY
O86.4,Pyrexia of unknown origin following delivery,ALL_EXCEPT_NORMAL_DELIVERY
O86.8,Other and unspecified puerperal infections,ALL_EXCEPT_NORMAL_DELIVERY
O87.0,Superficial thrombophlebitis in the puerperium,ALL_EXCEPT_NORMAL_DELIVERY
O87.1,Deep phlebothrombosis in the puerperium,ALL_EXCEPT_NORMAL_DELIVERY
O87.2,Haemorrhoids in the puerperium,ALL_EXCEPT_NORMAL_DELIVERY
O87.3,Cerebral venous thrombosis in the puerperium,ALL_EXCEPT_NORMAL_DELIVERY
O87.8,Other venous complications in the puerperium,ALL_EXCEPT_NORMAL_DELIVERY
O87.9,Venous condition in the puerperium,ALL_EXCEPT_NORMAL_DELIVERY
O88.0,Obstetric air embolism,ALL_EXCEPT_NORMAL_DELIVERY
O88.1,Amniotic fluid embolism,ALL_EXCEPT_NORMAL_DELIVERY
O88.2,Obstetric blood clot embolism,ALL_EXCEPT_NORMAL_DELIVERY
O88.3,Obstetric pyaemic and septic embolism,ALL_EXCEPT_NORMAL_DELIVERY
O88.8,Other obstetric embolism,ALL_EXCEPT_NORMAL_DELIVERY
O89.0,Pulmonary complications of anaesthesia during the puerperium,ALL_EXCEPT_NORMAL_DELIVERY
O89.1,Cardiac complications of anaesthesia during the puerperium,ALL_EXCEPT_NORMAL_DELIVERY
O89.2,Central nervous system complications of anaesthesia during the puerperium,ALL_EXCEPT_NORMAL_DELIVERY
O89.3,Toxic reaction to local anaesthesia during the puerperium,ALL_EXCEPT_NORMAL_DELIVERY
O89.4,Spinal and epidural anaesthesia-induced headache during the puerperium,ALL_EXCEPT_NORMAL_DELIVERY
O89.5,Other complications of spinal and epidural anaesthesia during the puerperium,ALL_EXCEPT_NORMAL_DELIVERY
O89.6,Failed or difficult intubation during the puerperium,ALL_EXCEPT_NORMAL_DELIVERY
O89.8,Other complications of anaesthesia during the puerperium,ALL_EXCEPT_NORMAL_DELIVERY
O89.9,"Complication of anaesthesia during the puerperium, unspecified",ALL_EXCEPT_NORMAL_DELIVERY
O90.0,Disruption of caesarean section wound,ALL_EXCEPT_NORMAL_DELIVERY
O90.1,Disruption of perineal obstetric wound,ALL_EXCEPT_NORMAL_DELIVERY
O90.2,Haematoma of obstetric wound,ALL_EXCEPT_NORMAL_DELIVERY
O90.3,Cardiomyopathy in the puerperium,ALL_EXCEPT_NORMAL_DELIVERY
O90.4,Postpartum acute kidney failure,ALL_EXCEPT_NORMAL_DELIVERY
O90.5,Postpartum thyroiditis,ALL_EXCEPT_NORMAL_DELIVERY
O90.8,"Other complications of the puerperium, not elsewhere classified",ALL_EXCEPT_NORMAL_DELIVERY
O90.9,"Complication of the puerperium, unspecified",ALL_EXCEPT_NORMAL_DELIVERY
O91.00,"Infection of nipple associated with childbirth, without mention of attachment difficulty",ALL_EXCEPT_NORMAL_DELIVERY
O91.01,"Infection of nipple associated with childbirth, with mention of attachment difficulty",ALL_EXCEPT_NORMAL_DELIVERY
O91.10,"Abscess of breast associated with childbirth, without mention of attachment difficulty",ALL_EXCEPT_NORMAL_DELIVERY
O91.11,"Abscess of breast associated with childbirth, with mention of attachment difficulty",ALL_EXCEPT_NORMAL_DELIVERY
O91.20,"Nonpurulent mastitis associated with childbirth, without mention of attachment difficulty",ALL_EXCEPT_NORMAL_DELIVERY
O91.21,"Nonpurulent mastitis associated with childbirth, with mention of attachment difficulty",ALL_EXCEPT_NORMAL_DELIVERY
O92.00,"Retracted nipple associated with childbirth, without mention of attachment difficulty",ALL_EXCEPT_NORMAL_DELIVERY
O92.01,"Retracted nipple associated with childbirth, with mention of attachment difficulty",ALL_EXCEPT_NORMAL_DELIVERY
O92.10,"Cracked nipple associated with childbirth, without mention of attachment difficulty",ALL_EXCEPT_NORMAL_DELIVERY
O92.11,"Cracked nipple associated with childbirth, with mention of attachment difficulty",ALL_EXCEPT_NORMAL_DELIVERY
O92.20,"Other and unspecified disorders of breast associated with childbirth, without mention of attachment difficulty",ALL_EXCEPT_NORMAL_DELIVERY
O92.21,"Other and unspecified disorders of breast associated with childbirth, with mention of attachment difficulty",ALL_EXCEPT_NORMAL_DELIVERY
O92.30,"Agalactia, without mention of attachment difficulty",ALL_EXCEPT_NORMAL_DELIVERY
O92.31,"Agalactia, with mention of attachment difficulty",ALL_EXCEPT_NORMAL_DELIVERY
O92.40,"Hypogalactia, without mention of attachment difficulty",ALL_EXCEPT_NORMAL_DELIVERY
O92.41,"Hypogalactia, with mention of attachment difficulty",ALL_EXCEPT_NORMAL_DELIVERY
O92.50,"Suppressed lactation, without mention of attachment difficulty",ALL_EXCEPT_NORMAL_DELIVERY
O92.51,"Suppressed lactation, with mention of attachment difficulty",ALL_EXCEPT_NORMAL_DELIVERY
O92.60,"Galactorrhoea, without mention of attachment difficulty",ALL_EXCEPT_NORMAL_DELIVERY
O92.61,"Galactorrhoea, with mention of attachment difficulty",ALL_EXCEPT_NORMAL_DELIVERY
O92.70,"Other and unspecified disorders of lactation, without mention of attachment difficulty",ALL_EXCEPT_NORMAL_DELIVERY
O92.71,"Other and unspecified disorders of lactation, with mention of attachment difficulty",ALL_EXCEPT_NORMAL_DELIVERY
O94.,"Sequelae of complication of pregnancy, childbirth and the puerperium",ALL_EXCEPT_NORMAL_DELIVERY
O95.,Obstetric death of unspecified cause,ALL_EXCEPT_NORMAL_DELIVERY
O96.,Death from any obstetric cause occurring more than 42 days but less than one year after delivery,ALL_EXCEPT_NORMAL_DELIVERY
O97.,"Death from obstetric causes, one year or more after delivery",ALL_EXCEPT_NORMAL_DELIVERY
O98.0,"Tuberculosis in pregnancy, childbirth and the puerperium",ALL_EXCEPT_NORMAL_DELIVERY
O98.1,"Syphilis in pregnancy, childbirth and the puerperium",ALL_EXCEPT_NORMAL_DELIVERY
O98.2,"Gonorrhoea in pregnancy, childbirth and the puerperium",ALL_EXCEPT_NORMAL_DELIVERY
O98.3,"Other infections with a predominantly sexual mode of transmission in pregnancy, childbirth and the puerperium",ALL_EXCEPT_NORMAL_DELIVERY
O98.4,"Viral hepatitis in pregnancy, childbirth and the puerperium",ALL_EXCEPT_NORMAL_DELIVERY
O98.5,"Other viral diseases in pregnancy, childbirth and the puerperium",ALL_EXCEPT_NORMAL_DELIVERY
O98.6,"Protozoal diseases in pregnancy, childbirth and the puerperium",ALL_EXCEPT_NORMAL_DELIVERY
O98.8,"Other maternal infectious and parasitic diseases in pregnancy, childbirth and the puerperium",ALL_EXCEPT_NORMAL_DELIVERY
O98.9,"Unspecified maternal infectious or parasitic disease in pregnancy, childbirth and the puerperium",ALL_EXCEPT_NORMAL_DELIVERY
O99.0,"Anaemia in pregnancy, childbirth and the puerperium",ALL_EXCEPT_NORMAL_DELIVERY
O99.1,"Other diseases of the blood and blood-forming organs and certain disorders involving the immune mechanism in pregnancy, childbirth and the puerperium",ALL_EXCEPT_NORMAL_DELIVERY
O99.2,"Endocrine, nutritional and metabolic diseases in pregnancy, childbirth and the puerperium",ALL_EXCEPT_NORMAL_DELIVERY
O99.3,"Mental disorders and diseases of the nervous system in pregnancy, childbirth and the puerperium",ALL_EXCEPT_NORMAL_DELIVERY
O99.4,"Diseases of the circulatory system in pregnancy, childbirth and the puerperium",ALL_EXCEPT_NORMAL_DELIVERY
O99.5,"Diseases of the respiratory system in pregnancy, childbirth and the puerperium",ALL_EXCEPT_NORMAL_DELIVERY
O99.6,"Diseases of the digestive system in pregnancy, childbirth and the puerperium",ALL_EXCEPT_NORMAL_DELIVERY
O99.7,"Diseases of the skin and subcutaneous tissue in pregnancy, childbirth and the puerperium",ALL_EXCEPT_NORMAL_DELIVERY
O99.8,"Other specified diseases and conditions in pregnancy, childbirth and the puerperium",ALL_EXCEPT_NORMAL_DELIVERY
Z35.0,Supervision of pregnancy with history of infertility,ALL_EXCEPT_NORMAL_DELIVERY
Z35.1,Supervision of pregnancy with history of abortive outcome,ALL_EXCEPT_NORMAL_DELIVERY
Z35.2,Supervision of pregnancy with other poor reproductive or obstetric history,ALL_EXCEPT_NORMAL_DELIVERY
Z35.3,Supervision of pregnancy with history of insufficient antenatal care,ALL_EXCEPT_NORMAL_DELIVERY
Z35.4,Supervision of pregnancy with grand multiparity,ALL_EXCEPT_NORMAL_DELIVERY
Z35.5,Supervision of pregnancy with advanced maternal age,ALL_EXCEPT_NORMAL_DELIVERY
Z35.51,Supervision of primigravida with advanced maternal age,ALL_EXCEPT_NORMAL_DELIVERY
Z35.52,Supervision of multigravida with advanced maternal age,ALL_EXCEPT_NORMAL_DELIVERY
Z35.6,Supervision of (very) young primigravida,ALL_EXCEPT_NORMAL_DELIVERY
Z35.7,Supervision of high-risk pregnancy due to social problems,ALL_EXCEPT_NORMAL_DELIVERY
Z35.8,Supervision of other high-risk pregnancies,ALL_EXCEPT_NORMAL_DELIVERY
Z35.9,"Supervision of high-risk pregnancy, unspecified",ALL_EXCEPT_NORMAL_DELIVERY
L89.,Pressure injury,CHRONIC_SKIN_ULCER
L97.,"Ulcer of lower limb, not elsewhere classified",CHRONIC_SKIN_ULCER
L98.4,"Chronic ulcer of skin, not elsewhere classified",CHRONIC_SKIN_ULCER
H19.3,Keratitis and keratoconjunctivitis in other diseases classified elsewhere,RHEUMATOLOGIC_DISEASES
L87.1,Reactive perforating collagenosis,RHEUMATOLOGIC_DISEASES
L90.0,Lichen sclerosus et atrophicus,RHEUMATOLOGIC_DISEASES
L94.1,Linear scleroderma,RHEUMATOLOGIC_DISEASES
L94.3,Sclerodactyly,RHEUMATOLOGIC_DISEASES
L94.4,Gottron's papules,RHEUMATOLOGIC_DISEASES
M05.00,"Felty's syndrome, multiple sites",RHEUMATOLOGIC_DISEASES
M05.01,"Felty's syndrome, shoulder region",RHEUMATOLOGIC_DISEASES
M05.02,"Felty's syndrome, upper arm",RHEUMATOLOGIC_DISEASES
M05.03,"Felty's syndrome, forearm",RHEUMATOLOGIC_DISEASES
M05.04,"Felty's syndrome, hand",RHEUMATOLOGIC_DISEASES
M05.05,"Felty's syndrome, pelvic region and thigh",RHEUMATOLOGIC_DISEASES
M05.06,"Felty's syndrome, lower leg",RHEUMATOLOGIC_DISEASES
M05.07,"Felty's syndrome, ankle and foot",RHEUMATOLOGIC_DISEASES
M05.08,"Felty's syndrome, other site",RHEUMATOLOGIC_DISEASES
M05.09,"Felty's syndrome, site unspecified",RHEUMATOLOGIC_DISEASES
M05.1,Rheumatoid lung disease,RHEUMATOLOGIC_DISEASES
M05.10,"Rheumatoid lung disease, multiple sites",RHEUMATOLOGIC_DISEASES
M05.11,"Rheumatoid lung disease, shoulder region",RHEUMATOLOGIC_DISEASES
M05.12,"Rheumatoid lung disease, upper arm",RHEUMATOLOGIC_DISEASES
M05.13,"Rheumatoid lung disease, forearm",RHEUMATOLOGIC_DISEASES
M05.14,"Rheumatoid lung disease, hand",RHEUMATOLOGIC_DISEASES
M05.15,"Rheumatoid lung disease, pelvic region and thigh",RHEUMATOLOGIC_DISEASES
M05.16,"Rheumatoid lung disease, lower leg",RHEUMATOLOGIC_DISEASES
M05.17,"Rheumatoid lung disease, ankle and foot",RHEUMATOLOGIC_DISEASES
M05.18,"Rheumatoid lung disease, other site",RHEUMATOLOGIC_DISEASES
M05.19,"Rheumatoid lung disease, site unspecified",RHEUMATOLOGIC_DISEASES
M05.20,"Rheumatoid vasculitis, multiple sites",RHEUMATOLOGIC_DISEASES
M05.21,"Rheumatoid vasculitis, shoulder region",RHEUMATOLOGIC_DISEASES
M05.22,"Rheumatoid vasculitis, upper arm",RHEUMATOLOGIC_DISEASES
M05.23,"Rheumatoid vasculitis, forearm",RHEUMATOLOGIC_DISEASES
M05.24,"Rheumatoid vasculitis, hand",RHEUMATOLOGIC_DISEASES
M05.25,"Rheumatoid vasculitis, pelvic region and thigh",RHEUMATOLOGIC_DISEASES
M05.26,"Rheumatoid vasculitis, lower leg",RHEUMATOLOGIC_DISEASES
M05.27,"Rheumatoid vasculitis, ankle and foot",RHEUMATOLOGIC_DISEASES
M05.28,"Rheumatoid vasculitis, other site",RHEUMATOLOGIC_DISEASES
M05.29,"Rheumatoid vasculitis, site unspecified",RHEUMATOLOGIC_DISEASES
M05.30,"Rheumatoid arthritis with involvement of other organs and systems, multiple sites",RHEUMATOLOGIC_DISEASES
M05.31,"Rheumatoid arthritis with involvement of other organs and systems, shoulder region",RHEUMATOLOGIC_DISEASES
M05.32,"Rheumatoid arthritis with involvement of other organs and systems, upper arm",RHEUMATOLOGIC_DISEASES
M05.33,"Rheumatoid arthritis with involvement of other organs and systems, forearm",RHEUMATOLOGIC_DISEASES
M05.34,"Rheumatoid arthritis with involvement of other organs and systems, hand",RHEUMATOLOGIC_DISEASES
M05.35,"Rheumatoid arthritis with involvement of other organs and systems, pelvic region and thigh",RHEUMATOLOGIC_DISEASES
M05.36,"Rheumatoid arthritis with involvement of other organs and systems, lower leg",RHEUMATOLOGIC_DISEASES
M05.37,"Rheumatoid arthritis with involvement of other organs and systems, ankle and foot",RHEUMATOLOGIC_DISEASES
M05.38,"Rheumatoid arthritis with involvement of other organs and systems, other site",RHEUMATOLOGIC_DISEASES
M05.39,"Rheumatoid arthritis with involvement of other organs and systems, site unspecified",RHEUMATOLOGIC_DISEASES
M05.80,"Other seropositive rheumatoid arthritis, multiple sites",RHEUMATOLOGIC_DISEASES
M05.81,"Other seropositive rheumatoid arthritis, shoulder region",RHEUMATOLOGIC_DISEASES
M05.82,"Other seropositive rheumatoid arthritis, upper arm",RHEUMATOLOGIC_DISEASES
M05.83,"Other seropositive rheumatoid arthritis, forearm",RHEUMATOLOGIC_DISEASES
M05.84,"Other seropositive rheumatoid arthritis, hand",RHEUMATOLOGIC_DISEASES
M05.85,"Other seropositive rheumatoid arthritis, pelvic region and thigh",RHEUMATOLOGIC_DISEASES
M05.86,"Other seropositive rheumatoid arthritis, lower leg",RHEUMATOLOGIC_DISEASES
M05.87,"Other seropositive rheumatoid arthritis, ankle and foot",RHEUMATOLOGIC_DISEASES
M05.88,"Other seropositive rheumatoid arthritis, other site",RHEUMATOLOGIC_DISEASES
M05.89,"Other seropositive rheumatoid arthritis, site unspecified",RHEUMATOLOGIC_DISEASES
M05.90,"Seropositive rheumatoid arthritis, unspecified, multiple sites",RHEUMATOLOGIC_DISEASES
M05.91,"Seropositive rheumatoid arthritis, unspecified, shoulder region",RHEUMATOLOGIC_DISEASES
M05.92,"Seropositive rheumatoid arthritis, unspecified, upper arm",RHEUMATOLOGIC_DISEASES
M05.93,"Seropositive rheumatoid arthritis, unspecified, forearm",RHEUMATOLOGIC_DISEASES
M05.94,"Seropositive rheumatoid arthritis, unspecified, hand",RHEUMATOLOGIC_DISEASES
M05.95,"Seropositive rheumatoid arthritis, unspecified, pelvic region and thigh",RHEUMATOLOGIC_DISEASES
M05.96,"Seropositive rheumatoid arthritis, unspecified, lower leg",RHEUMATOLOGIC_DISEASES
M05.97,"Seropositive rheumatoid arthritis, unspecified, ankle and foot",RHEUMATOLOGIC_DISEASES
M05.98,"Seropositive rheumatoid arthritis, unspecified, other site",RHEUMATOLOGIC_DISEASES
M05.99,"Seropositive rheumatoid arthritis, unspecified, site unspecified",RHEUMATOLOGIC_DISEASES
M06.00,"Seronegative rheumatoid arthritis, multiple sites",RHEUMATOLOGIC_DISEASES
M06.01,"Seronegative rheumatoid arthritis, shoulder region",RHEUMATOLOGIC_DISEASES
M06.02,"Seronegative rheumatoid arthritis, upper arm",RHEUMATOLOGIC_DISEASES
M06.03,"Seronegative rheumatoid arthritis, forearm",RHEUMATOLOGIC_DISEASES
M06.04,"Seronegative rheumatoid arthritis, hand",RHEUMATOLOGIC_DISEASES
M06.05,"Seronegative rheumatoid arthritis, pelvic region and thigh",RHEUMATOLOGIC_DISEASES
M06.06,"Seronegative rheumatoid arthritis, lower leg",RHEUMATOLOGIC_DISEASES
M06.07,"Seronegative rheumatoid arthritis, ankle and foot",RHEUMATOLOGIC_DISEASES
M06.08,"Seronegative rheumatoid arthritis, other site",RHEUMATOLOGIC_DISEASES
M06.09,"Seronegative rheumatoid arthritis, site unspecified",RHEUMATOLOGIC_DISEASES
M06.10,"Adult-onset Still's disease, multiple sites",RHEUMATOLOGIC_DISEASES
M06.11,"Adult-onset Still's disease, shoulder arm",RHEUMATOLOGIC_DISEASES
M06.12,"Adult-onset Still's disease, upper arm",RHEUMATOLOGIC_DISEASES
M06.13,"Adult-onset Still's disease, forearm",RHEUMATOLOGIC_DISEASES
M06.14,"Adult-onset Still's disease, hand",RHEUMATOLOGIC_DISEASES
M06.15,"Adult-onset Still's disease, pelvic region and thigh",RHEUMATOLOGIC_DISEASES
M06.16,"Adult-onset Still's disease, lower leg",RHEUMATOLOGIC_DISEASES
M06.17,"Adult-onset Still's disease, ankle and foot",RHEUMATOLOGIC_DISEASES
M06.18,"Adult-onset Still's disease, other site",RHEUMATOLOGIC_DISEASES
M06.19,"Adult-onset Still's disease, site unspecified",RHEUMATOLOGIC_DISEASES
M06.20,"Rheumatoid bursitis, multiple sites",RHEUMATOLOGIC_DISEASES
M06.21,"Rheumatoid bursitis, shoulder region",RHEUMATOLOGIC_DISEASES
M06.22,"Rheumatoid bursitis, upper arm",RHEUMATOLOGIC_DISEASES
M06.23,"Rheumatoid bursitis, forearm",RHEUMATOLOGIC_DISEASES
M06.24,"Rheumatoid bursitis, hand",RHEUMATOLOGIC_DISEASES
M06.25,"Rheumatoid bursitis, pelvic region and thigh",RHEUMATOLOGIC_DISEASES
M06.26,"Rheumatoid bursitis, lower leg",RHEUMATOLOGIC_DISEASES
M06.27,"Rheumatoid bursitis, ankle and foot",RHEUMATOLOGIC_DISEASES
M06.28,"Rheumatoid bursitis, other site",RHEUMATOLOGIC_DISEASES
M06.29,"Rheumatoid bursitis, site unspecified",RHEUMATOLOGIC_DISEASES
M06.30,"Rheumatoid nodule, multiple sites",RHEUMATOLOGIC_DISEASES
M06.31,"Rheumatoid nodule, shoulder region",RHEUMATOLOGIC_DISEASES
M06.32,"Rheumatoid nodule, upper arm",RHEUMATOLOGIC_DISEASES
M06.33,"Rheumatoid nodule, forearm",RHEUMATOLOGIC_DISEASES
M06.34,"Rheumatoid nodule, hand",RHEUMATOLOGIC_DISEASES
M06.35,"Rheumatoid nodule, pelvic region and thigh",RHEUMATOLOGIC_DISEASES
M06.36,"Rheumatoid nodule, lower leg",RHEUMATOLOGIC_DISEASES
M06.37,"Rheumatoid nodule, ankle and foot",RHEUMATOLOGIC_DISEASES
M06.38,"Rheumatoid nodule, other site",RHEUMATOLOGIC_DISEASES
M06.39,"Rheumatoid nodule, site unspecified",RHEUMATOLOGIC_DISEASES
M06.40,"Inflammatory polyarthropathy, multiple sites",RHEUMATOLOGIC_DISEASES
M06.41,"Inflammatory polyarthropathy, shoulder region",RHEUMATOLOGIC_DISEASES
M06.42,"Inflammatory polyarthropathy, upper arm",RHEUMATOLOGIC_DISEASES
M06.43,"Inflammatory polyarthropathy, forearm",RHEUMATOLOGIC_DISEASES
M06.44,"Inflammatory polyarthropathy, hand",RHEUMATOLOGIC_DISEASES
M06.45,"Inflammatory polyarthropathy, pelvic region and thigh",RHEUMATOLOGIC_DISEASES
M06.46,"Inflammatory polyarthropathy, lower leg",RHEUMATOLOGIC_DISEASES
M06.47,"Inflammatory polyarthropathy, ankle and foot",RHEUMATOLOGIC_DISEASES
M06.48,"Inflammatory polyarthropathy, other site",RHEUMATOLOGIC_DISEASES
M06.49,"Inflammatory polyarthropathy, site unspecified",RHEUMATOLOGIC_DISEASES
M06.80,"Other specified rheumatoid arthritis, multiple sites",RHEUMATOLOGIC_DISEASES
M06.81,"Other specified rheumatoid arthritis, shoulder region",RHEUMATOLOGIC_DISEASES
M06.82,"Other specified rheumatoid arthritis, upper arm",RHEUMATOLOGIC_DISEASES
M06.83,"Other specified rheumatoid arthritis, forearm",RHEUMATOLOGIC_DISEASES
M06.84,"Other specified rheumatoid arthritis, hand",RHEUMATOLOGIC_DISEASES
M06.85,"Other specified rheumatoid arthritis, pelvic region and thigh",RHEUMATOLOGIC_DISEASES
M06.86,"Other specified rheumatoid arthritis, lower leg",RHEUMATOLOGIC_DISEASES
M06.87,"Other specified rheumatoid arthritis, ankle and foot",RHEUMATOLOGIC_DISEASES
M06.88,"Other specified rheumatoid arthritis, other site",RHEUMATOLOGIC_DISEASES
M06.89,"Other specified rheumatoid arthritis, site unspecified",RHEUMATOLOGIC_DISEASES
M06.90,"Rheumatoid arthritis, unspecified, multiple sites",RHEUMATOLOGIC_DISEASES
M06.91,"Rheumatoid arthritis, unspecified, shoulder region",RHEUMATOLOGIC_DISEASES
M06.92,"Rheumatoid arthritis, unspecified, upper arm",RHEUMATOLOGIC_DISEASES
M06.93,"Rheumatoid arthritis, unspecified, forearm",RHEUMATOLOGIC_DISEASES
M06.94,"Rheumatoid arthritis, unspecified, hand",RHEUMATOLOGIC_DISEASES
M06.95,"Rheumatoid arthritis, unspecified, pelvic region and thigh",RHEUMATOLOGIC_DISEASES
M06.96,"Rheumatoid arthritis, unspecified, lower leg",RHEUMATOLOGIC_DISEASES
M06.97,"Rheumatoid arthritis, unspecified, ankle and foot",RHEUMATOLOGIC_DISEASES
M06.98,"Rheumatoid arthritis, unspecified, other site",RHEUMATOLOGIC_DISEASES
M06.99,"Rheumatoid arthritis, unspecified, site unspecified",RHEUMATOLOGIC_DISEASES
M07.00,"Distal interphalangeal psoriatic arthropathy (L40.5+), multiple sites",RHEUMATOLOGIC_DISEASES
M08.00,"Juvenile rheumatoid arthritis, multiple sites",RHEUMATOLOGIC_DISEASES
M08.01,"Juvenile rheumatoid arthritis, shoulder region",RHEUMATOLOGIC_DISEASES
M08.02,"Juvenile rheumatoid arthritis, upper arm",RHEUMATOLOGIC_DISEASES
M08.03,"Juvenile rheumatoid arthritis, forearm",RHEUMATOLOGIC_DISEASES
M08.04,"Juvenile rheumatoid arthritis, hand",RHEUMATOLOGIC_DISEASES
M08.05,"Juvenile rheumatoid arthritis, pelvic region and thigh",RHEUMATOLOGIC_DISEASES
M08.06,"Juvenile rheumatoid arthritis, lower leg",RHEUMATOLOGIC_DISEASES
M08.07,"Juvenile rheumatoid arthritis, ankle and foot",RHEUMATOLOGIC_DISEASES
M08.08,"Juvenile rheumatoid arthritis, other site",RHEUMATOLOGIC_DISEASES
M08.09,"Juvenile rheumatoid arthritis, site unspecified",RHEUMATOLOGIC_DISEASES
M08.10,"Juvenile ankylosing spondylitis, multiple sites",RHEUMATOLOGIC_DISEASES
M08.11,"Juvenile ankylosing spondylitis, shoulder region",RHEUMATOLOGIC_DISEASES
M08.12,"Juvenile ankylosing spondylitis, upper arm",RHEUMATOLOGIC_DISEASES
M08.13,"Juvenile ankylosing spondylitis, forearm",RHEUMATOLOGIC_DISEASES
M08.14,"Juvenile ankylosing spondylitis, hand",RHEUMATOLOGIC_DISEASES
M08.15,"Juvenile ankylosing spondylitis, pelvic region and thigh",RHEUMATOLOGIC_DISEASES
M08.16,"Juvenile ankylosing spondylitis, lower leg",RHEUMATOLOGIC_DISEASES
M08.17,"Juvenile ankylosing spondylitis, ankle and foot",RHEUMATOLOGIC_DISEASES
M08.18,"Juvenile ankylosing spondylitis, other site",RHEUMATOLOGIC_DISEASES
M08.19,"Juvenile ankylosing spondylitis, site unspecified",RHEUMATOLOGIC_DISEASES
M08.20,"Juvenile arthritis with systemic onset, multiple sites",RHEUMATOLOGIC_DISEASES
M08.21,"Juvenile arthritis with systemic onset, shoulder region",RHEUMATOLOGIC_DISEASES
M08.22,"Juvenile arthritis with systemic onset, upper arm",RHEUMATOLOGIC_DISEASES
M08.23,"Juvenile arthritis with systemic onset, forearm",RHEUMATOLOGIC_DISEASES
M08.24,"Juvenile arthritis with systemic onset, hand",RHEUMATOLOGIC_DISEASES
M08.25,"Juvenile arthritis with systemic onset, pelvic region and thigh",RHEUMATOLOGIC_DISEASES
M08.26,"Juvenile arthritis with systemic onset, lower leg",RHEUMATOLOGIC_DISEASES
M08.27,"Juvenile arthritis with systemic onset, ankle and foot",RHEUMATOLOGIC_DISEASES
M08.28,"Juvenile arthritis with systemic onset, other site",RHEUMATOLOGIC_DISEASES
M08.29,"Juvenile arthritis with systemic onset, site unspecified",RHEUMATOLOGIC_DISEASES
M08.3,Juvenile polyarthritis (seronegative),RHEUMATOLOGIC_DISEASES
M08.40,"Pauciarticular juvenile arthritis, multiple sites",RHEUMATOLOGIC_DISEASES
M08.41,"Pauciarticular juvenile arthritis, shoulder region",RHEUMATOLOGIC_DISEASES
M08.42,"Pauciarticular juvenile arthritis, upper arm",RHEUMATOLOGIC_DISEASES
M08.43,"Pauciarticular juvenile arthritis, forearm",RHEUMATOLOGIC_DISEASES
M08.44,"Pauciarticular juvenile arthritis, hand",RHEUMATOLOGIC_DISEASES
M08.45,"Pauciarticular juvenile arthritis, pelvic region and thigh",RHEUMATOLOGIC_DISEASES
M08.46,"Pauciarticular juvenile arthritis, lower leg",RHEUMATOLOGIC_DISEASES
M08.47,"Pauciarticular juvenile arthritis, ankle and foot",RHEUMATOLOGIC_DISEASES
M08.48,"Pauciarticular juvenile arthritis, other site",RHEUMATOLOGIC_DISEASES
M08.49,"Pauciarticular juvenile arthritis, site unspecified",RHEUMATOLOGIC_DISEASES
M08.80,"Other juvenile arthritis, multiple sites",RHEUMATOLOGIC_DISEASES
M08.81,"Other juvenile arthritis, shoulder region",RHEUMATOLOGIC_DISEASES
M08.82,"Other juvenile arthritis, upper arm",RHEUMATOLOGIC_DISEASES
M08.83,"Other juvenile arthritis, forearm",RHEUMATOLOGIC_DISEASES
M08.84,"Other juvenile arthritis, hand",RHEUMATOLOGIC_DISEASES
M08.85,"Other juvenile arthritis, pelvic region and thigh",RHEUMATOLOGIC_DISEASES
M08.86,"Other juvenile arthritis, lower leg",RHEUMATOLOGIC_DISEASES
M08.87,"Other juvenile arthritis, ankle and foot",RHEUMATOLOGIC_DISEASES
M08.88,"Other juvenile arthritis, other site",RHEUMATOLOGIC_DISEASES
M08.89,"Other juvenile arthritis, site unspecified",RHEUMATOLOGIC_DISEASES
M08.90,"Juvenile arthritis, unspecified, multiple sites",RHEUMATOLOGIC_DISEASES
M08.91,"Juvenile arthritis, unspecified, shoulder region",RHEUMATOLOGIC_DISEASES
M08.92,"Juvenile arthritis, unspecified, upper arm",RHEUMATOLOGIC_DISEASES
M08.93,"Juvenile arthritis, unspecified, forearm",RHEUMATOLOGIC_DISEASES
M08.94,"Juvenile arthritis, unspecified, hand",RHEUMATOLOGIC_DISEASES
M08.95,"Juvenile arthritis, unspecified, pelvic region and thigh",RHEUMATOLOGIC_DISEASES
M08.96,"Juvenile arthritis, unspecified, lower leg",RHEUMATOLOGIC_DISEASES
M08.97,"Juvenile arthritis, unspecified, ankle and foot",RHEUMATOLOGIC_DISEASES
M08.98,"Juvenile arthritis, unspecified, other site",RHEUMATOLOGIC_DISEASES
M08.99,"Juvenile arthritis, unspecified, site unspecified",RHEUMATOLOGIC_DISEASES
M09.80,"Juvenile arthritis in other diseases classified elsewhere, multiple sites",RHEUMATOLOGIC_DISEASES
M09.81,"Juvenile arthritis in other diseases classified elsewhere, shoulder region",RHEUMATOLOGIC_DISEASES
M09.82,"Juvenile arthritis in other diseases classified elsewhere, upper arm",RHEUMATOLOGIC_DISEASES
M09.83,"Juvenile arthritis in other diseases classified elsewhere, forearm",RHEUMATOLOGIC_DISEASES
M09.84,"Juvenile arthritis in other diseases classified elsewhere, hand",RHEUMATOLOGIC_DISEASES
M09.85,"Juvenile arthritis in other diseases classified elsewhere, pelvic region and thigh",RHEUMATOLOGIC_DISEASES
M09.86,"Juvenile arthritis in other diseases classified elsewhere, lower leg",RHEUMATOLOGIC_DISEASES
M09.87,"Juvenile arthritis in other diseases classified elsewhere, ankle and foot",RHEUMATOLOGIC_DISEASES
M09.88,"Juvenile arthritis in other diseases classified elsewhere, other site",RHEUMATOLOGIC_DISEASES
M09.89,"Juvenile arthritis in other diseases classified elsewhere, site unspecified",RHEUMATOLOGIC_DISEASES
M12.00,"Chronic postrheumatic arthropathy [Jaccoud], multiple sites",RHEUMATOLOGIC_DISEASES
M12.01,"Chronic postrheumatic arthropathy [Jaccoud], shoulder region",RHEUMATOLOGIC_DISEASES
M12.02,"Chronic postrheumatic arthropathy [Jaccoud], upper arm",RHEUMATOLOGIC_DISEASES
M12.03,"Chronic postrheumatic arthropathy [Jaccoud], forearm",RHEUMATOLOGIC_DISEASES
M12.04,"Chronic postrheumatic arthropathy [Jaccoud], hand",RHEUMATOLOGIC_DISEASES
M12.05,"Chronic postrheumatic arthropathy [Jaccoud], pelvic region and thigh",RHEUMATOLOGIC_DISEASES
M12.06,"Chronic postrheumatic arthropathy [Jaccoud], lower leg",RHEUMATOLOGIC_DISEASES
M12.07,"Chronic postrheumatic arthropathy [Jaccoud], ankle and foot",RHEUMATOLOGIC_DISEASES
M12.08,"Chronic postrheumatic arthropathy [Jaccoud], other site",RHEUMATOLOGIC_DISEASES
M12.09,"Chronic postrheumatic arthropathy [Jaccoud], site unspecified",RHEUMATOLOGIC_DISEASES
M32.0,Drug-induced systemic lupus erythematosus,RHEUMATOLOGIC_DISEASES
M32.1,Systemic lupus erythematosus with organ or system involvement,RHEUMATOLOGIC_DISEASES
M32.8,Other forms of systemic lupus erythematosus,RHEUMATOLOGIC_DISEASES
M32.9,"Systemic lupus erythematosus, unspecified",RHEUMATOLOGIC_DISEASES
M33.0,Juvenile dermatomyositis,RHEUMATOLOGIC_DISEASES
M33.1,Other dermatomyositis,RHEUMATOLOGIC_DISEASES
M33.2,Polymyositis,RHEUMATOLOGIC_DISEASES
M33.9,"Dermatopolymyositis, unspecified",RHEUMATOLOGIC_DISEASES
M34.0,Progressive systemic sclerosis,RHEUMATOLOGIC_DISEASES
M34.1,CR(E)ST syndrome,RHEUMATOLOGIC_DISEASES
M34.2,Systemic sclerosis induced by drugs and chemicals,RHEUMATOLOGIC_DISEASES
M34.8,Other forms of systemic sclerosis,RHEUMATOLOGIC_DISEASES
M34.9,"Systemic sclerosis, unspecified",RHEUMATOLOGIC_DISEASES
M35.0,Sicca syndrome [Sjogren],RHEUMATOLOGIC_DISEASES
M35.1,Other overlap syndromes,RHEUMATOLOGIC_DISEASES
M35.2,Behcet's disease,RHEUMATOLOGIC_DISEASES
M35.3,Polymyalgia rheumatica,RHEUMATOLOGIC_DISEASES
M35.4,Diffuse (eosinophilic) fasciitis,RHEUMATOLOGIC_DISEASES
M35.5,Multifocal fibrosclerosis,RHEUMATOLOGIC_DISEASES
M35.6,Relapsing panniculitis [Weber-Christian],RHEUMATOLOGIC_DISEASES
M35.7,Hypermobility syndrome,RHEUMATOLOGIC_DISEASES
M35.8,Other specified systemic involvement of connective tissue,RHEUMATOLOGIC_DISEASES
M35.9,"Systemic involvement of connective tissue, unspecified",RHEUMATOLOGIC_DISEASES
M36.0,Dermato(poly)myositis in neoplastic disease (C00-D48+),RHEUMATOLOGIC_DISEASES
M45.00,"Ankylosing spondylitis, multiple sites in spine",RHEUMATOLOGIC_DISEASES
M45.01,"Ankylosing spondylitis, occipito-atlanto-axial region",RHEUMATOLOGIC_DISEASES
M45.02,"Ankylosing spondylitis, cervical region",RHEUMATOLOGIC_DISEASES
M45.03,"Ankylosing spondylitis, cervicothoracic region",RHEUMATOLOGIC_DISEASES
M45.04,"Ankylosing spondylitis, thoracic region",RHEUMATOLOGIC_DISEASES
M45.05,"Ankylosing spondylitis, thoracolumbar region",RHEUMATOLOGIC_DISEASES
M45.06,"Ankylosing spondylitis, lumbar region",RHEUMATOLOGIC_DISEASES
M45.07,"Ankylosing spondylitis, lumbosacral region",RHEUMATOLOGIC_DISEASES
M45.08,"Ankylosing spondylitis, sacral and sacrococcygeal region",RHEUMATOLOGIC_DISEASES
M45.09,"Ankylosing spondylitis, site unspecified",RHEUMATOLOGIC_DISEASES
M46.00,"Spinal enthesopathy, multiple sites in spine",RHEUMATOLOGIC_DISEASES
M46.01,"Spinal enthesopathy, occipito-atlanto-axial region",RHEUMATOLOGIC_DISEASES
M46.02,"Spinal enthesopathy, cervical region",RHEUMATOLOGIC_DISEASES
M46.03,"Spinal enthesopathy, cervicothoracic region",RHEUMATOLOGIC_DISEASES
M46.04,"Spinal enthesopathy, thoracic region",RHEUMATOLOGIC_DISEASES
M46.05,"Spinal enthesopathy, thoracolumbar region",RHEUMATOLOGIC_DISEASES
M46.06,"Spinal enthesopathy, lumbar region",RHEUMATOLOGIC_DISEASES
M46.07,"Spinal enthesopathy, lumbosacral region",RHEUMATOLOGIC_DISEASES
M46.08,"Spinal enthesopathy, sacral and sacrococcygeal region",RHEUMATOLOGIC_DISEASES
M46.09,"Spinal enthesopathy, site unspecified",RHEUMATOLOGIC_DISEASES
M46.1,"Sacroiliitis, not elsewhere classified",RHEUMATOLOGIC_DISEASES
M46.50,"Other infective spondylopathies, multiple sites in spine",RHEUMATOLOGIC_DISEASES
M46.51,"Other infective spondylopathies, occipito-atlanto-axial region",RHEUMATOLOGIC_DISEASES
M46.52,"Other infective spondylopathies, cervical region",RHEUMATOLOGIC_DISEASES
M46.53,"Other infective spondylopathies, cervicothoracic region",RHEUMATOLOGIC_DISEASES
M46.54,"Other infective spondylopathies, thoracic region",RHEUMATOLOGIC_DISEASES
M46.55,"Other infective spondylopathies, thoracolumbar region",RHEUMATOLOGIC_DISEASES
M46.56,"Other infective spondylopathies, lumbar region",RHEUMATOLOGIC_DISEASES
M46.57,"Other infective spondylopathies, lumbosacral region",RHEUMATOLOGIC_DISEASES
M46.58,"Other infective spondylopathies, sacral and sacrococcygeal region",RHEUMATOLOGIC_DISEASES
M46.59,"Other infective spondylopathies, site unspecified",RHEUMATOLOGIC_DISEASES
M46.80,"Other specified inflammatory spondylopathies, multiple sites in spine",RHEUMATOLOGIC_DISEASES
M46.81,"Other specified inflammatory spondylopathies, occipito-atlanto-axial region",RHEUMATOLOGIC_DISEASES
M46.82,"Other specified inflammatory spondylopathies, cervical region",RHEUMATOLOGIC_DISEASES
M46.83,"Other specified inflammatory spondylopathies, cervicothoracic region",RHEUMATOLOGIC_DISEASES
M46.84,"Other specified inflammatory spondylopathies, thoracic region",RHEUMATOLOGIC_DISEASES
M46.85,"Other specified inflammatory spondylopathies, thoracolumbar region",RHEUMATOLOGIC_DISEASES
M46.86,"Other specified inflammatory spondylopathies, lumbar region",RHEUMATOLOGIC_DISEASES
M46.87,"Other specified inflammatory spondylopathies, lumbosacral region",RHEUMATOLOGIC_DISEASES
M46.88,"Other specified inflammatory spondylopathies, sacral and sacrococcygeal region",RHEUMATOLOGIC_DISEASES
M46.89,"Other specified inflammatory spondylopathies, site unspecified",RHEUMATOLOGIC_DISEASES
M46.90,"Unspecified inflammatory spondylopathy, multiple sites in spine",RHEUMATOLOGIC_DISEASES
M46.91,"Unspecified inflammatory spondylopathy, occipito-atlanto-axial region",RHEUMATOLOGIC_DISEASES
M46.92,"Unspecified inflammatory spondylopathy, cervical region",RHEUMATOLOGIC_DISEASES
M46.93,"Unspecified inflammatory spondylopathy, cervicothoracic region",RHEUMATOLOGIC_DISEASES
M46.94,"Unspecified inflammatory spondylopathy, thoracic region",RHEUMATOLOGIC_DISEASES
M46.95,"Unspecified inflammatory spondylopathy, thoracolumbar region",RHEUMATOLOGIC_DISEASES
M46.96,"Unspecified inflammatory spondylopathy, lumbar region",RHEUMATOLOGIC_DISEASES
M46.97,"Unspecified inflammatory spondylopathy, lumbosacral region",RHEUMATOLOGIC_DISEASES
M46.98,"Unspecified inflammatory spondylopathy, sacral and sacrococcygeal region",RHEUMATOLOGIC_DISEASES
M46.99,"Unspecified inflammatory spondylopathy, site unspecified",RHEUMATOLOGIC_DISEASES
M48.90,"Unspecified spondylopathy, multiple sites in spine",RHEUMATOLOGIC_DISEASES
M48.91,"Unspecified spondylopathy, occipito-atlanto-axial region",RHEUMATOLOGIC_DISEASES
M48.94,"Unspecified spondylopathy, thoracic region",RHEUMATOLOGIC_DISEASES
M48.95,"Unspecified spondylopathy, thoracolumbar region",RHEUMATOLOGIC_DISEASES
M48.96,"Unspecified spondylopathy, lumbar region",RHEUMATOLOGIC_DISEASES
M48.97,"Unspecified spondylopathy, lumbosacral region",RHEUMATOLOGIC_DISEASES
M48.98,"Unspecified spondylopathy, sacral and sacrococcygeal region",RHEUMATOLOGIC_DISEASES
M48.99,"Unspecified spondylopathy, site unspecified",RHEUMATOLOGIC_DISEASES
M49.00,"Tuberculosis of spine, multiple sites in spine (A18.0+)",RHEUMATOLOGIC_DISEASES
M49.01,"Tuberculosis of spine, occipito-atlanto-axial region (A18.0+)",RHEUMATOLOGIC_DISEASES
M49.02,"Tuberculosis of spine, cervical region (A18.0+)",RHEUMATOLOGIC_DISEASES
M49.03,"Tuberculosis of spine, cervicothoracic region (A18.0+)",RHEUMATOLOGIC_DISEASES
M49.04,"Tuberculosis of spine, thoracic region (A18.0+)",RHEUMATOLOGIC_DISEASES
M49.05,"Tuberculosis of spine, thoracolumbar region (A18.0+)",RHEUMATOLOGIC_DISEASES
M49.06,"Tuberculosis of spine, lumbar region (A18.0+)",RHEUMATOLOGIC_DISEASES
M49.07,"Tuberculosis of spine, lumbosacral region (A18.0+)",RHEUMATOLOGIC_DISEASES
M49.08,"Tuberculosis of spine, sacral and sacrococcygeal region (A18.0+)",RHEUMATOLOGIC_DISEASES
M49.09,"Tuberculosis of spine, site unspecified (A18.0+)",RHEUMATOLOGIC_DISEASES
M49.10,"Brucella spondylitis, multiple sites in spine (A23.-+)",RHEUMATOLOGIC_DISEASES
M49.11,"Brucella spondylitis, occipito-atlanto-axial region (A23.-+)",RHEUMATOLOGIC_DISEASES
M49.12,"Brucella spondylitis, cervical region (A23.-+)",RHEUMATOLOGIC_DISEASES
M49.13,"Brucella spondylitis, cervicothoracic region (A23.-+)",RHEUMATOLOGIC_DISEASES
M49.14,"Brucella spondylitis, thoracic region (A23.-+)",RHEUMATOLOGIC_DISEASES
M49.15,"Brucella spondylitis, thoracolumbar region (A23.-+)",RHEUMATOLOGIC_DISEASES
M49.16,"Brucella spondylitis, lumbar region (A23.-+)",RHEUMATOLOGIC_DISEASES
M49.17,"Brucella spondylitis, lumbosacral region (A23.-+)",RHEUMATOLOGIC_DISEASES
M49.18,"Brucella spondylitis, sacral and sacrococcygeal region (A23.-+)",RHEUMATOLOGIC_DISEASES
M49.19,"Brucella spondylitis, site unspecified (A23.-+)",RHEUMATOLOGIC_DISEASES
M49.20,"Enterobacterial spondylitis, multiple sites in spine (A01-A04+)",RHEUMATOLOGIC_DISEASES
M49.21,"Enterobacterial spondylitis, occipito-atlanto-axial region (A01-A04+)",RHEUMATOLOGIC_DISEASES
M49.22,"Enterobacterial spondylitis, cervical region (A01-A04+)",RHEUMATOLOGIC_DISEASES
M49.23,"Enterobacterial spondylitis, cervicothoracic region (A01-A04+)",RHEUMATOLOGIC_DISEASES
M49.24,"Enterobacterial spondylitis, thoracic region (A01-A04+)",RHEUMATOLOGIC_DISEASES
M49.25,"Enterobacterial spondylitis, thoracolumbar region (A01-A04+)",RHEUMATOLOGIC_DISEASES
M49.26,"Enterobacterial spondylitis, lumbar region (A01-A04+)",RHEUMATOLOGIC_DISEASES
M49.27,"Enterobacterial spondylitis, lumbosacral region (A01-A04+)",RHEUMATOLOGIC_DISEASES
M49.28,"Enterobacterial spondylitis, sacral and sacrococcygeal region (A01-A04+)",RHEUMATOLOGIC_DISEASES
M49.29,"Enterobacterial spondylitis, site unspecified (A01-A04+)",RHEUMATOLOGIC_DISEASES
M49.30,"Spondylopathy in other infectious and parasitic diseases classified elsewhere, multiple sites in spine",RHEUMATOLOGIC_DISEASES
M49.31,"Spondylopathy in other infectious and parasitic diseases classified elsewhere, occipito-atlanto-axial region",RHEUMATOLOGIC_DISEASES
M49.32,"Spondylopathy in other infectious and parasitic diseases classified elsewhere, cervical region",RHEUMATOLOGIC_DISEASES
M49.33,"Spondylopathy in other infectious and parasitic diseases classified elsewhere, cervicothoracic region",RHEUMATOLOGIC_DISEASES
M49.34,"Spondylopathy in other infectious and parasitic diseases classified elsewhere, thoracic region",RHEUMATOLOGIC_DISEASES
M49.35,"Spondylopathy in other infectious and parasitic diseases classified elsewhere, thoracolumbar region",RHEUMATOLOGIC_DISEASES
M49.36,"Spondylopathy in other infectious and parasitic diseases classified elsewhere, lumbar region",RHEUMATOLOGIC_DISEASES
M49.37,"Spondylopathy in other infectious and parasitic diseases classified elsewhere, lumbosacral region",RHEUMATOLOGIC_DISEASES
M49.38,"Spondylopathy in other infectious and parasitic diseases classified elsewhere, sacral and sacrococcygeal region",RHEUMATOLOGIC_DISEASES
M49.39,"Spondylopathy in other infectious and parasitic diseases classified elsewhere, site unspecified",RHEUMATOLOGIC_DISEASES
M49.40,"Neuropathic spondylopathy, multiple sites in spine",RHEUMATOLOGIC_DISEASES
M49.41,"Neuropathic spondylopathy, occipito-atlanto-axial region",RHEUMATOLOGIC_DISEASES
M49.42,"Neuropathic spondylopathy, cervical region",RHEUMATOLOGIC_DISEASES
M49.43,"Neuropathic spondylopathy, cervicothoracic region",RHEUMATOLOGIC_DISEASES
M49.44,"Neuropathic spondylopathy, thoracic region",RHEUMATOLOGIC_DISEASES
M49.45,"Neuropathic spondylopathy, thoracolumbar region",RHEUMATOLOGIC_DISEASES
M49.46,"Neuropathic spondylopathy, lumbar region",RHEUMATOLOGIC_DISEASES
M49.47,"Neuropathic spondylopathy, lumbosacral region",RHEUMATOLOGIC_DISEASES
M49.48,"Neuropathic spondylopathy, sacral and sacrococcygeal region",RHEUMATOLOGIC_DISEASES
M49.49,"Neuropathic spondylopathy, site unspecified",RHEUMATOLOGIC_DISEASES
M49.80,"Spondylopathy in other diseases classified elsewhere, multiple sites in spine",RHEUMATOLOGIC_DISEASES
M49.81,"Spondylopathy in other diseases classified elsewhere, occipito-atlanto-axial region",RHEUMATOLOGIC_DISEASES
M49.82,"Spondylopathy in other diseases classified elsewhere, cervical region",RHEUMATOLOGIC_DISEASES
M49.83,"Spondylopathy in other diseases classified elsewhere, cervicothoracic region",RHEUMATOLOGIC_DISEASES
M49.84,"Spondylopathy in other diseases classified elsewhere, thoracic region",RHEUMATOLOGIC_DISEASES
M49.85,"Spondylopathy in other diseases classified elsewhere, thoracolumbar region",RHEUMATOLOGIC_DISEASES
M49.86,"Spondylopathy in other diseases classified elsewhere, lumbar region",RHEUMATOLOGIC_DISEASES
M49.87,"Spondylopathy in other diseases classified elsewhere, lumbosacral region",RHEUMATOLOGIC_DISEASES
M49.88,"Spondylopathy in other diseases classified elsewhere, sacral and sacrococcygeal region",RHEUMATOLOGIC_DISEASES
M49.89,"Spondylopathy in other diseases classified elsewhere, site unspecified",RHEUMATOLOGIC_DISEASES
M90.00,"Tuberculosis of bone, multiple sites (A18.0+)",RHEUMATOLOGIC_DISEASES
M90.01,"Tuberculosis of bone, shoulder region (A18.0+)",RHEUMATOLOGIC_DISEASES
M90.02,"Tuberculosis of bone, upper arm (A18.0+)",RHEUMATOLOGIC_DISEASES
M90.03,"Tuberculosis of bone, forearm (A18.0+)",RHEUMATOLOGIC_DISEASES
M90.04,"Tuberculosis of bone, hand (A18.0+)",RHEUMATOLOGIC_DISEASES
M90.05,"Tuberculosis of bone, pelvic region and thigh (A18.0+)",RHEUMATOLOGIC_DISEASES
M90.06,"Tuberculosis of bone, lower leg (A18.0+)",RHEUMATOLOGIC_DISEASES
M90.07,"Tuberculosis of bone, ankle and foot (A18.0+)",RHEUMATOLOGIC_DISEASES
M90.08,"Tuberculosis of bone, other site (A18.0+)",RHEUMATOLOGIC_DISEASES
M90.09,"Tuberculosis of bone, site unspecified (A18.0+)",RHEUMATOLOGIC_DISEASES
M43.20,"Other fusion of spine, multiple sites in spine",DORSOPATHIES
M43.21,"Other fusion of spine, occipito-atlanto-axial region",DORSOPATHIES
M43.22,"Other fusion of spine, cervical region",DORSOPATHIES
M43.23,"Other fusion of spine, cervicothoracic region",DORSOPATHIES
M43.24,"Other fusion of spine, thoracic region",DORSOPATHIES
M43.25,"Other fusion of spine, thoracolumbar region",DORSOPATHIES
M43.26,"Other fusion of spine, lumbar region",DORSOPATHIES
M43.27,"Other fusion of spine, lumbosacral region",DORSOPATHIES
M43.28,"Other fusion of spine, sacral and sacrococcygeal region",DORSOPATHIES
M43.29,"Other fusion of spine, site unspecified",DORSOPATHIES
M43.3,Recurrent atlantoaxial subluxation with myelopathy,DORSOPATHIES
M43.4,Other recurrent atlantoaxial subluxation,DORSOPATHIES
M43.50,"Other recurrent vertebral subluxation, multiple sites in spine",DORSOPATHIES
M43.51,"Other recurrent vertebral subluxation, occipito-atlanto-axial region",DORSOPATHIES
M43.52,"Other recurrent vertebral subluxation, cervical region",DORSOPATHIES
M43.53,"Other recurrent vertebral subluxation, cervicothoracic region",DORSOPATHIES
M43.54,"Other recurrent vertebral subluxation, thoracic region",DORSOPATHIES
M43.55,"Other recurrent vertebral subluxation, thoracolumbar region",DORSOPATHIES
M43.56,"Other recurrent vertebral subluxation, lumbar region",DORSOPATHIES
M43.57,"Other recurrent vertebral subluxation, lumbosacral region",DORSOPATHIES
M43.58,"Other recurrent vertebral subluxation, sacral and sacrococcygeal region",DORSOPATHIES
M43.59,"Other recurrent vertebral subluxation, site unspecified",DORSOPATHIES
M43.6,Torticollis,DORSOPATHIES
M46.20,"Osteomyelitis of vertebra, multiple sites in spine",DORSOPATHIES
M46.21,"Osteomyelitis of vertebra, occipito-atlanto-axial region",DORSOPATHIES
M46.22,"Osteomyelitis of vertebra, cervical region",DORSOPATHIES
M46.23,"Osteomyelitis of vertebra, cervicothoracic region",DORSOPATHIES
M46.24,"Osteomyelitis of vertebra, thoracic region",DORSOPATHIES
M46.25,"Osteomyelitis of vertebra, thoracolumbar region",DORSOPATHIES
M46.26,"Osteomyelitis of vertebra, lumbar region",DORSOPATHIES
M46.27,"Osteomyelitis of vertebra, lumbosacral region",DORSOPATHIES
M46.28,"Osteomyelitis of vertebra, sacral and sacrococcygeal region",DORSOPATHIES
M46.29,"Osteomyelitis of vertebra, site unspecified",DORSOPATHIES
M46.40,"Unspecified discitis, multiple sites in spine",DORSOPATHIES
M46.41,"Unspecified discitis, occipito-atlanto-axial region",DORSOPATHIES
M46.42,"Unspecified discitis, cervical region",DORSOPATHIES
M46.43,"Unspecified discitis, cervicothoracic region",DORSOPATHIES
M46.44,"Unspecified discitis, thoracic region",DORSOPATHIES
M46.45,"Unspecified discitis, thoracolumbar region",DORSOPATHIES
M46.46,"Unspecified discitis, lumbar region",DORSOPATHIES
M46.47,"Unspecified discitis, lumbosacral region",DORSOPATHIES
M46.48,"Unspecified discitis, sacral and sacrococcygeal region",DORSOPATHIES
M46.49,"Unspecified discitis, site unspecified",DORSOPATHIES
M47.00,"Anterior spinal and vertebral artery compression syndromes, multiple sites in spine (G99.2*)",DORSOPATHIES
M47.01,"Anterior spinal and vertebral artery compression syndromes, occipito-atlanto-axial region (G99.2*)",DORSOPATHIES
M47.02,"Anterior spinal and vertebral artery compression syndromes, cervical region (G99.2*)",DORSOPATHIES
M47.03,"Anterior spinal and vertebral artery compression syndromes, cervicothoracic region (G99.2*)",DORSOPATHIES
M47.04,"Anterior spinal and vertebral artery compression syndromes, thoracic region (G99.2*)",DORSOPATHIES
M47.05,"Anterior spinal and vertebral artery compression syndromes, thoracolumbar region (G99.2*)",DORSOPATHIES
M47.06,"Anterior spinal and vertebral artery compression syndromes, lumbar region (G99.2*)",DORSOPATHIES
M47.07,"Anterior spinal and vertebral artery compression syndromes, lumbosacral region (G99.2*)",DORSOPATHIES
M47.08,"Anterior spinal and vertebral artery compression syndromes, sacral and sacrococcygeal region (G99.2*)",DORSOPATHIES
M47.09,"Anterior spinal and vertebral artery compression syndromes, site unspecified (G99.2*)",DORSOPATHIES
M47.10,"Other spondylosis with myelopathy, multiple sites in spine",DORSOPATHIES
M47.11,"Other spondylosis with myelopathy, occipito-atlanto-axial region",DORSOPATHIES
M47.12,"Other spondylosis with myelopathy, cervical region",DORSOPATHIES
M47.13,"Other spondylosis with myelopathy, cervicothoracic region",DORSOPATHIES
M47.14,"Other spondylosis with myelopathy, thoracic region",DORSOPATHIES
M47.15,"Other spondylosis with myelopathy, thoracolumbar region",DORSOPATHIES
M47.16,"Other spondylosis with myelopathy, lumbar region",DORSOPATHIES
M47.17,"Other spondylosis with myelopathy, lumbosacral region",DORSOPATHIES
M47.18,"Other spondylosis with myelopathy, sacral and sacrococcygeal region",DORSOPATHIES
M47.19,"Other spondylosis with myelopathy, site unspecified",DORSOPATHIES
M47.20,"Other spondylosis with radiculopathy, multiple sites in spine",DORSOPATHIES
M47.21,"Other spondylosis with radiculopathy, occipito-atlanto-axial region",DORSOPATHIES
M47.22,"Other spondylosis with radiculopathy, cervical region",DORSOPATHIES
M47.23,"Other spondylosis with radiculopathy, cervicothoracic region",DORSOPATHIES
M47.24,"Other spondylosis with radiculopathy, thoracic region",DORSOPATHIES
M47.25,"Other spondylosis with radiculopathy, thoracolumbar region",DORSOPATHIES
M47.26,"Other spondylosis with radiculopathy, lumbar region",DORSOPATHIES
M47.27,"Other spondylosis with radiculopathy, lumbosacral region",DORSOPATHIES
M47.28,"Other spondylosis with radiculopathy, sacral and sacrococcygeal region",DORSOPATHIES
M47.29,"Other spondylosis with radiculopathy, site unspecified",DORSOPATHIES
M47.80,"Other spondylosis, multiple sites in spine",DORSOPATHIES
M47.81,"Other spondylosis, occipito-atlanto-axial region",DORSOPATHIES
M47.82,"Other spondylosis, cervical region",DORSOPATHIES
M47.83,"Other spondylosis, cervicothoracic region",DORSOPATHIES
M47.84,"Other spondylosis, thoracic region",DORSOPATHIES
M47.85,"Other spondylosis, thoracolumbar region",DORSOPATHIES
M47.86,"Other spondylosis, lumbar region",DORSOPATHIES
M47.87,"Other spondylosis, lumbosacral region",DORSOPATHIES
M47.88,"Other spondylosis, sacral and sacrococcygeal region",DORSOPATHIES
M47.89,"Other spondylosis, site unspecified",DORSOPATHIES
M47.90,"Unspecified spondylosis, multiple sites in spine",DORSOPATHIES
M47.91,"Unspecified spondylosis, occipito-atlanto-axial region",DORSOPATHIES
M47.92,"Unspecified spondylosis, cervical region",DORSOPATHIES
M47.93,"Unspecified spondylosis, cervicothoracic region",DORSOPATHIES
M47.94,"Unspecified spondylosis, thoracic region",DORSOPATHIES
M47.95,"Unspecified spondylosis, thoracolumbar region",DORSOPATHIES
M47.96,"Unspecified spondylosis, lumbar region",DORSOPATHIES
M47.97,"Unspecified spondylosis, lumbosacral region",DORSOPATHIES
M47.98,"Unspecified spondylosis, sacral and sacrococcygeal region",DORSOPATHIES
M47.99,"Unspecified spondylosis, site unspecified",DORSOPATHIES
M48.00,"Spinal stenosis, multiple sites in spine",DORSOPATHIES
M48.01,"Spinal stenosis, occipito-atlanto-axial region",DORSOPATHIES
M48.02,"Spinal stenosis, cervical region",DORSOPATHIES
M48.03,"Spinal stenosis, cervicothoracic region",DORSOPATHIES
M48.04,"Spinal stenosis, thoracic region",DORSOPATHIES
M48.05,"Spinal stenosis, thoracolumbar region",DORSOPATHIES
M48.06,"Spinal stenosis, lumbar region",DORSOPATHIES
M48.07,"Spinal stenosis, lumbosacral region",DORSOPATHIES
M48.08,"Spinal stenosis, sacral and sacrococcygeal region",DORSOPATHIES
M48.09,"Spinal stenosis, site unspecified",DORSOPATHIES
M48.10,"Ankylosing hyperostosis [Forestier], multiple sites in spine",DORSOPATHIES
M48.11,"Ankylosing hyperostosis [Forestier], occipito-atlanto-axial region",DORSOPATHIES
M48.12,"Ankylosing hyperostosis [Forestier], cervical region",DORSOPATHIES
M48.13,"Ankylosing hyperostosis [Forestier], cervicothoracic region",DORSOPATHIES
M48.14,"Ankylosing hyperostosis [Forestier], thoracic region",DORSOPATHIES
M48.15,"Ankylosing hyperostosis [Forestier], thoracolumbar region",DORSOPATHIES
M48.16,"Ankylosing hyperostosis [Forestier], lumbar region",DORSOPATHIES
M48.17,"Ankylosing hyperostosis [Forestier], lumbosacral region",DORSOPATHIES
M48.18,"Ankylosing hyperostosis [Forestier], sacral and sacrococcygeal region",DORSOPATHIES
M48.19,"Ankylosing hyperostosis [Forestier], site unspecified",DORSOPATHIES
M48.20,"Kissing spine, multiple sites in spine",DORSOPATHIES
M48.21,"Kissing spine, occipito-atlanto-axial region",DORSOPATHIES
M48.22,"Kissing spine, cervical region",DORSOPATHIES
M48.23,"Kissing spine, cervicothoracic region",DORSOPATHIES
M48.24,"Kissing spine, thoracic region",DORSOPATHIES
M48.25,"Kissing spine, thoracolumbar region",DORSOPATHIES
M48.26,"Kissing spine, lumbar region",DORSOPATHIES
M48.27,"Kissing spine, lumbosacral region",DORSOPATHIES
M48.28,"Kissing spine, sacral and sacrococcygeal region",DORSOPATHIES
M48.29,"Kissing spine, site unspecified",DORSOPATHIES
M48.30,"Traumatic spondylopathy, multiple sites in spine",DORSOPATHIES
M48.31,"Traumatic spondylopathy, occipito-atlanto-axial region",DORSOPATHIES
M48.32,"Traumatic spondylopathy, cervical region",DORSOPATHIES
M48.33,"Traumatic spondylopathy, cervicothoracic region",DORSOPATHIES
M48.34,"Traumatic spondylopathy, thoracic region",DORSOPATHIES
M48.35,"Traumatic spondylopathy, thoracolumbar region",DORSOPATHIES
M48.36,"Traumatic spondylopathy, lumbar region",DORSOPATHIES
M48.37,"Traumatic spondylopathy, lumbosacral region",DORSOPATHIES
M48.38,"Traumatic spondylopathy, sacral and sacrococcygeal region",DORSOPATHIES
M48.39,"Traumatic spondylopathy, site unspecified",DORSOPATHIES
M48.80,"Other specified spondylopathies, multiple sites in spine",DORSOPATHIES
M48.81,"Other specified spondylopathies, occipito-atlanto-axial region",DORSOPATHIES
M48.82,"Other specified spondylopathies, cervical region",DORSOPATHIES
M48.83,"Other specified spondylopathies, cervicothoracic region",DORSOPATHIES
M48.84,"Other specified spondylopathies, thoracic region",DORSOPATHIES
M48.85,"Other specified spondylopathies, thoracolumbar region",DORSOPATHIES
M48.86,"Other specified spondylopathies, lumbar region",DORSOPATHIES
M48.87,"Other specified spondylopathies, lumbosacral region",DORSOPATHIES
M48.88,"Other specified spondylopathies, sacral and sacrococcygeal region",DORSOPATHIES
M48.89,"Other specified spondylopathies, site unspecified",DORSOPATHIES
M48.92,"Unspecified spondylopathy, cervical region",DORSOPATHIES
M48.93,"Unspecified spondylopathy, cervicothoracic region",DORSOPATHIES
M50.0,Cervical disc disorder with myelopathy,DORSOPATHIES
M50.1,Cervical disc disorder with radiculopathy,DORSOPATHIES
M50.2,Other cervical disc displacement,DORSOPATHIES
M50.3,Other cervical disc degeneration,DORSOPATHIES
M50.8,Other cervical disc disorders,DORSOPATHIES
M50.9,"Cervical disc disorder, unspecified",DORSOPATHIES
M51.1,Lumbar and other intervertebral disc disorders with radiculopathy,DORSOPATHIES
M51.2,Other specified intervertebral disc displacement,DORSOPATHIES
M51.3,Other specified intervertebral disc degeneration,DORSOPATHIES
M51.4,Schmorl's nodes,DORSOPATHIES
M51.8,Other specified intervertebral disc disorders,DORSOPATHIES
M51.9,"Intervertebral disc disorder, unspecified",DORSOPATHIES
M53.0,Cervicocranial syndrome,DORSOPATHIES
M53.1,Cervicobrachial syndrome,DORSOPATHIES
M53.20,"Spinal instabilities, multiple sites in spine",DORSOPATHIES
M53.21,"Spinal instabilities, occipito-atlanto-axial region",DORSOPATHIES
M53.22,"Spinal instabilities, cervical region",DORSOPATHIES
M53.23,"Spinal instabilities, cervicothoracic region",DORSOPATHIES
M53.24,"Spinal instabilities, thoracic region",DORSOPATHIES
M53.25,"Spinal instabilities, thoracolumbar region",DORSOPATHIES
M53.26,"Spinal instabilities, lumbar region",DORSOPATHIES
M53.27,"Spinal instabilities, lumbosacral region",DORSOPATHIES
M53.28,"Spinal instabilities, sacral and sacrococcygeal region",DORSOPATHIES
M53.29,"Spinal instabilities, site unspecified",DORSOPATHIES
M53.3,"Sacrococcygeal disorders, not elsewhere classified",DORSOPATHIES
M53.80,"Other specified dorsopathies, multiple sites in spine",DORSOPATHIES
M53.81,"Other specified dorsopathies, occipito-atlanto-axial region",DORSOPATHIES
M53.82,"Other specified dorsopathies, cervical region",DORSOPATHIES
M53.83,"Other specified dorsopathies, cervicothoracic region",DORSOPATHIES
M53.84,"Other specified dorsopathies, thoracic region",DORSOPATHIES
M53.85,"Other specified dorsopathies, thoracolumbar region",DORSOPATHIES
M53.86,"Other specified dorsopathies, lumbar region",DORSOPATHIES
M53.87,"Other specified dorsopathies, lumbosacral region",DORSOPATHIES
M53.88,"Other specified dorsopathies, sacral and sacrococcygeal region",DORSOPATHIES
M53.89,"Other specified dorsopathies, site unspecified",DORSOPATHIES
M53.90,"Unspecified dorsopathy, multiple sites in spine",DORSOPATHIES
M53.91,"Unspecified dorsopathy, occipito-atlanto-axial region",DORSOPATHIES
M53.92,"Unspecified dorsopathy, cervical region",DORSOPATHIES
M53.93,"Unspecified dorsopathy, cervicothoracic region",DORSOPATHIES
M53.94,"Unspecified dorsopathy, thoracic region",DORSOPATHIES
M53.95,"Unspecified dorsopathy, thoracolumbar region",DORSOPATHIES
M53.96,"Unspecified dorsopathy, lumbar region",DORSOPATHIES
M53.97,"Unspecified dorsopathy, lumbosacral region",DORSOPATHIES
M53.98,"Unspecified dorsopathy, sacral and sacrococcygeal region",DORSOPATHIES
M53.99,"Unspecified dorsopathy, site unspecified",DORSOPATHIES
M54.00,"Panniculitis affecting regions of neck and back, multiple sites in spine",DORSOPATHIES
M54.01,"Panniculitis affecting regions of neck and back, occipito-atlanto-axial region",DORSOPATHIES
M54.02,"Panniculitis affecting regions of neck and back, cervical region",DORSOPATHIES
M54.03,"Panniculitis affecting regions of neck and back, cervicothoracic region",DORSOPATHIES
M54.04,"Panniculitis affecting regions of neck and back, thoracic region",DORSOPATHIES
M54.05,"Panniculitis affecting regions of neck and back, thoracolumbar region",DORSOPATHIES
M54.06,"Panniculitis affecting regions of neck and back, lumbar region",DORSOPATHIES
M54.07,"Panniculitis affecting regions of neck and back, lumbosacral region",DORSOPATHIES
M54.08,"Panniculitis affecting regions of neck and back, sacral and sacrococcygeal region",DORSOPATHIES
M54.09,"Panniculitis affecting regions of neck and back, site unspecified",DORSOPATHIES
M54.10,"Radiculopathy, multiple sites",DORSOPATHIES
M54.11,"Radiculopathy, occipito-atlanto-axial region",DORSOPATHIES
M54.12,"Radiculopathy, cervical region",DORSOPATHIES
M54.13,"Radiculopathy, cervicothoracic region",DORSOPATHIES
M54.14,"Radiculopathy, thoracic region",DORSOPATHIES
M54.15,"Radiculopathy, thoracolumbar region",DORSOPATHIES
M54.16,"Radiculopathy, lumbar region",DORSOPATHIES
M54.17,"Radiculopathy, lumbosacral region",DORSOPATHIES
M54.18,"Radiculopathy, sacral and sacrococcygeal region",DORSOPATHIES
M54.19,"Radiculopathy, site unspecified",DORSOPATHIES
M54.2,Cervicalgia,DORSOPATHIES
M54.3,Sciatica,DORSOPATHIES
M54.4,Lumbago with sciatica,DORSOPATHIES
M54.5,Low back pain,DORSOPATHIES
M54.6,Pain in thoracic spine,DORSOPATHIES
M54.80,"Other dorsalgia, multiple sites in spine",DORSOPATHIES
M54.81,"Other dorsalgia, occipito-atlanto-axial region",DORSOPATHIES
M54.82,"Other dorsalgia, cervical region",DORSOPATHIES
M54.83,"Other dorsalgia, cervicothoracic region",DORSOPATHIES
M54.84,"Other dorsalgia, thoracic region",DORSOPATHIES
M54.85,"Other dorsalgia, thoracolumbar region",DORSOPATHIES
M54.86,"Other dorsalgia, lumbar region",DORSOPATHIES
M54.87,"Other dorsalgia, lumbosacral region",DORSOPATHIES
M54.88,"Other dorsalgia, sacral and sacrococcygeal region",DORSOPATHIES
M54.89,"Other dorsalgia, site unspecified",DORSOPATHIES
M54.90,"Unspecified dorsalgia, multiple sites in spine",DORSOPATHIES
M54.91,"Unspecified dorsalgia, occipito-atlanto-axial region",DORSOPATHIES
M54.92,"Unspecified dorsalgia, cervical region",DORSOPATHIES
M54.93,"Unspecified dorsalgia, cervicothoracic region",DORSOPATHIES
M54.94,"Unspecified dorsalgia, thoracic region",DORSOPATHIES
M54.95,"Unspecified dorsalgia, thoracolumbar region",DORSOPATHIES
M54.96,"Unspecified dorsalgia, lumbar region",DORSOPATHIES
M54.97,"Unspecified dorsalgia, lumbosacral region",DORSOPATHIES
M54.98,"Unspecified dorsalgia, sacral and sacrococcygeal region",DORSOPATHIES
M54.99,"Unspecified dorsalgia, site unspecified",DORSOPATHIES
M96.1,"Postlaminectomy syndrome, not elsewhere classified",DORSOPATHIES
M02.00,"Arthropathy following intestinal bypass, multiple sites",OTHER_ARTHROPATHIES_OR_JOINT_DISORDERS
M02.01,"Arthropathy following intestinal bypass, shoulder region",OTHER_ARTHROPATHIES_OR_JOINT_DISORDERS
M02.02,"Arthropathy following intestinal bypass, upper arm",OTHER_ARTHROPATHIES_OR_JOINT_DISORDERS
M02.03,"Arthropathy following intestinal bypass, forearm",OTHER_ARTHROPATHIES_OR_JOINT_DISORDERS
M02.04,"Arthropathy following intestinal bypass, hand",OTHER_ARTHROPATHIES_OR_JOINT_DISORDERS
M02.05,"Arthropathy following intestinal bypass, pelvic region and thigh",OTHER_ARTHROPATHIES_OR_JOINT_DISORDERS
M02.06,"Arthropathy following intestinal bypass, lower leg",OTHER_ARTHROPATHIES_OR_JOINT_DISORDERS
M02.07,"Arthropathy following intestinal bypass, ankle and foot",OTHER_ARTHROPATHIES_OR_JOINT_DISORDERS
M02.08,"Arthropathy following intestinal bypass, other site",OTHER_ARTHROPATHIES_OR_JOINT_DISORDERS
M02.09,"Arthropathy following intestinal bypass, site unspecified",OTHER_ARTHROPATHIES_OR_JOINT_DISORDERS
M02.20,"Arthropathy following vaccination, multiple sites",OTHER_ARTHROPATHIES_OR_JOINT_DISORDERS
M02.21,"Arthropathy following vaccination, shoulder region",OTHER_ARTHROPATHIES_OR_JOINT_DISORDERS
M02.22,"Arthropathy following vaccination, upper arm",OTHER_ARTHROPATHIES_OR_JOINT_DISORDERS
M02.23,"Arthropathy following vaccination, forearm",OTHER_ARTHROPATHIES_OR_JOINT_DISORDERS
M02.24,"Arthropathy following vaccination, hand",OTHER_ARTHROPATHIES_OR_JOINT_DISORDERS
M02.25,"Arthropathy following vaccination, pelvic region and thigh",OTHER_ARTHROPATHIES_OR_JOINT_DISORDERS
M02.26,"Arthropathy following vaccination, lower leg",OTHER_ARTHROPATHIES_OR_JOINT_DISORDERS
M02.27,"Arthropathy following vaccination, ankle and foot",OTHER_ARTHROPATHIES_OR_JOINT_DISORDERS
M02.28,"Arthropathy following vaccination, other site",OTHER_ARTHROPATHIES_OR_JOINT_DISORDERS
M02.29,"Arthropathy following vaccination, site unspecified",OTHER_ARTHROPATHIES_OR_JOINT_DISORDERS
M02.80,"Other reactive arthropathies, multiple sites",OTHER_ARTHROPATHIES_OR_JOINT_DISORDERS
M02.81,"Other reactive arthropathies, shoulder region",OTHER_ARTHROPATHIES_OR_JOINT_DISORDERS
M02.82,"Other reactive arthropathies, upper arm",OTHER_ARTHROPATHIES_OR_JOINT_DISORDERS
M02.83,"Other reactive arthropathies, forearm",OTHER_ARTHROPATHIES_OR_JOINT_DISORDERS
M02.84,"Other reactive arthropathies, hand",OTHER_ARTHROPATHIES_OR_JOINT_DISORDERS
M02.85,"Other reactive arthropathies, pelvic region and thigh",OTHER_ARTHROPATHIES_OR_JOINT_DISORDERS
M02.86,"Other reactive arthropathies, lower leg",OTHER_ARTHROPATHIES_OR_JOINT_DISORDERS
M02.87,"Other reactive arthropathies, ankle and foot",OTHER_ARTHROPATHIES_OR_JOINT_DISORDERS
M02.88,"Other reactive arthropathies, other site",OTHER_ARTHROPATHIES_OR_JOINT_DISORDERS
M02.89,"Other reactive arthropathies, site unspecified",OTHER_ARTHROPATHIES_OR_JOINT_DISORDERS
M02.90,"Reactive arthropathy, unspecified, multiple sites",OTHER_ARTHROPATHIES_OR_JOINT_DISORDERS
M02.91,"Reactive arthropathy, unspecified, shoulder region",OTHER_ARTHROPATHIES_OR_JOINT_DISORDERS
M02.92,"Reactive arthropathy, unspecified, upper arm",OTHER_ARTHROPATHIES_OR_JOINT_DISORDERS
M02.93,"Reactive arthropathy, unspecified, forearm",OTHER_ARTHROPATHIES_OR_JOINT_DISORDERS
M02.94,"Reactive arthropathy, unspecified, hand",OTHER_ARTHROPATHIES_OR_JOINT_DISORDERS
M02.95,"Reactive arthropathy, unspecified, pelvic region and thigh",OTHER_ARTHROPATHIES_OR_JOINT_DISORDERS
M02.96,"Reactive arthropathy, unspecified, lower leg",OTHER_ARTHROPATHIES_OR_JOINT_DISORDERS
M02.97,"Reactive arthropathy, unspecified, ankle and foot",OTHER_ARTHROPATHIES_OR_JOINT_DISORDERS
M02.98,"Reactive arthropathy, unspecified, other site",OTHER_ARTHROPATHIES_OR_JOINT_DISORDERS
M02.99,"Reactive arthropathy, unspecified, site unspecified",OTHER_ARTHROPATHIES_OR_JOINT_DISORDERS
M03.60,"Reactive arthropathy in other diseases classified elsewhere, multiple sites",OTHER_ARTHROPATHIES_OR_JOINT_DISORDERS
M03.61,"Reactive arthropathy in other diseases classified elsewhere, shoulder region",OTHER_ARTHROPATHIES_OR_JOINT_DISORDERS
M03.62,"Reactive arthropathy in other diseases classified elsewhere, upper arm",OTHER_ARTHROPATHIES_OR_JOINT_DISORDERS
M03.63,"Reactive arthropathy in other diseases classified elsewhere, forearm",OTHER_ARTHROPATHIES_OR_JOINT_DISORDERS
M03.64,"Reactive arthropathy in other diseases classified elsewhere, hand",OTHER_ARTHROPATHIES_OR_JOINT_DISORDERS
M03.65,"Reactive arthropathy in other diseases classified elsewhere, pelvic region and thigh",OTHER_ARTHROPATHIES_OR_JOINT_DISORDERS
M03.66,"Reactive arthropathy in other diseases classified elsewhere, lower leg",OTHER_ARTHROPATHIES_OR_JOINT_DISORDERS
M03.67,"Reactive arthropathy in other diseases classified elsewhere, ankle and foot",OTHER_ARTHROPATHIES_OR_JOINT_DISORDERS
M03.68,"Reactive arthropathy in other diseases classified elsewhere, other site",OTHER_ARTHROPATHIES_OR_JOINT_DISORDERS
M03.69,"Reactive arthropathy in other diseases classified elsewhere, site unspecified",OTHER_ARTHROPATHIES_OR_JOINT_DISORDERS
M12.10,"Kaschin-Beck disease, multiple sites",OTHER_ARTHROPATHIES_OR_JOINT_DISORDERS
M12.11,"Kaschin-Beck disease, shoulder region",OTHER_ARTHROPATHIES_OR_JOINT_DISORDERS
M12.12,"Kaschin-Beck disease, upper arm",OTHER_ARTHROPATHIES_OR_JOINT_DISORDERS
M12.13,"Kaschin-Beck disease, forearm",OTHER_ARTHROPATHIES_OR_JOINT_DISORDERS
M12.14,"Kaschin-Beck disease, hand",OTHER_ARTHROPATHIES_OR_JOINT_DISORDERS
M12.15,"Kaschin-Beck disease, pelvic region and thigh",OTHER_ARTHROPATHIES_OR_JOINT_DISORDERS
M12.16,"Kaschin-Beck disease, lower leg",OTHER_ARTHROPATHIES_OR_JOINT_DISORDERS
M12.17,"Kaschin-Beck disease, ankle and foot",OTHER_ARTHROPATHIES_OR_JOINT_DISORDERS
M12.18,"Kaschin-Beck disease, other site",OTHER_ARTHROPATHIES_OR_JOINT_DISORDERS
M12.19,"Kaschin-Beck disease, site unspecified",OTHER_ARTHROPATHIES_OR_JOINT_DISORDERS
M12.20,"Villonodular synovitis (pigmented), multiple sites",OTHER_ARTHROPATHIES_OR_JOINT_DISORDERS
M12.21,"Villonodular synovitis (pigmented), shoulder region",OTHER_ARTHROPATHIES_OR_JOINT_DISORDERS
M12.22,"Villonodular synovitis (pigmented), upper arm",OTHER_ARTHROPATHIES_OR_JOINT_DISORDERS
M12.23,"Villonodular synovitis (pigmented), forearm",OTHER_ARTHROPATHIES_OR_JOINT_DISORDERS
M12.24,"Villonodular synovitis (pigmented), hand",OTHER_ARTHROPATHIES_OR_JOINT_DISORDERS
M12.25,"Villonodular synovitis (pigmented), pelvic region and thigh",OTHER_ARTHROPATHIES_OR_JOINT_DISORDERS
M12.26,"Villonodular synovitis (pigmented), lower leg",OTHER_ARTHROPATHIES_OR_JOINT_DISORDERS
M12.27,"Villonodular synovitis (pigmented), ankle and foot",OTHER_ARTHROPATHIES_OR_JOINT_DISORDERS
M12.28,"Villonodular synovitis (pigmented), other site",OTHER_ARTHROPATHIES_OR_JOINT_DISORDERS
M12.29,"Villonodular synovitis (pigmented), site unspecified",OTHER_ARTHROPATHIES_OR_JOINT_DISORDERS
M12.30,"Palindromic rheumatism, multiple sites",OTHER_ARTHROPATHIES_OR_JOINT_DISORDERS
M12.31,"Palindromic rheumatism, shoulder region",OTHER_ARTHROPATHIES_OR_JOINT_DISORDERS
M12.32,"Palindromic rheumatism, upper arm",OTHER_ARTHROPATHIES_OR_JOINT_DISORDERS
M12.33,"Palindromic rheumatism, forearm",OTHER_ARTHROPATHIES_OR_JOINT_DISORDERS
M12.34,"Palindromic rheumatism, hand",OTHER_ARTHROPATHIES_OR_JOINT_DISORDERS
M12.35,"Palindromic rheumatism, pelvic region and thigh",OTHER_ARTHROPATHIES_OR_JOINT_DISORDERS
M12.36,"Palindromic rheumatism, lower leg",OTHER_ARTHROPATHIES_OR_JOINT_DISORDERS
M12.37,"Palindromic rheumatism, ankle and foot",OTHER_ARTHROPATHIES_OR_JOINT_DISORDERS
M12.38,"Palindromic rheumatism, other site",OTHER_ARTHROPATHIES_OR_JOINT_DISORDERS
M12.39,"Palindromic rheumatism, site unspecified",OTHER_ARTHROPATHIES_OR_JOINT_DISORDERS
M12.40,"Intermittent hydrarthrosis, multiple sites",OTHER_ARTHROPATHIES_OR_JOINT_DISORDERS
M12.41,"Intermittent hydrarthrosis, shoulder region",OTHER_ARTHROPATHIES_OR_JOINT_DISORDERS
M12.42,"Intermittent hydrarthrosis, upper arm",OTHER_ARTHROPATHIES_OR_JOINT_DISORDERS
M12.43,"Intermittent hydrarthrosis, forearm",OTHER_ARTHROPATHIES_OR_JOINT_DISORDERS
M12.44,"Intermittent hydrarthrosis, hand",OTHER_ARTHROPATHIES_OR_JOINT_DISORDERS
M12.45,"Intermittent hydrarthrosis, pelvic region and thigh",OTHER_ARTHROPATHIES_OR_JOINT_DISORDERS
M12.46,"Intermittent hydrarthrosis, lower leg",OTHER_ARTHROPATHIES_OR_JOINT_DISORDERS
M12.47,"Intermittent hydrarthrosis, ankle and foot",OTHER_ARTHROPATHIES_OR_JOINT_DISORDERS
M12.48,"Intermittent hydrarthrosis, other site",OTHER_ARTHROPATHIES_OR_JOINT_DISORDERS
M12.49,"Intermittent hydrarthrosis, site unspecified",OTHER_ARTHROPATHIES_OR_JOINT_DISORDERS
M12.50,"Traumatic arthropathy, multiple sites",OTHER_ARTHROPATHIES_OR_JOINT_DISORDERS
M12.51,"Traumatic arthropathy, shoulder region",OTHER_ARTHROPATHIES_OR_JOINT_DISORDERS
M12.52,"Traumatic arthropathy, upper arm",OTHER_ARTHROPATHIES_OR_JOINT_DISORDERS
M12.53,"Traumatic arthropathy, forearm",OTHER_ARTHROPATHIES_OR_JOINT_DISORDERS
M12.54,"Traumatic arthropathy, hand",OTHER_ARTHROPATHIES_OR_JOINT_DISORDERS
M12.55,"Traumatic arthropathy, pelvic region and thigh",OTHER_ARTHROPATHIES_OR_JOINT_DISORDERS
M12.56,"Traumatic arthropathy, lower leg",OTHER_ARTHROPATHIES_OR_JOINT_DISORDERS
M12.57,"Traumatic arthropathy, ankle and foot",OTHER_ARTHROPATHIES_OR_JOINT_DISORDERS
M12.58,"Traumatic arthropathy, other site",OTHER_ARTHROPATHIES_OR_JOINT_DISORDERS
M12.59,"Traumatic arthropathy, site unspecified",OTHER_ARTHROPATHIES_OR_JOINT_DISORDERS
M12.80,"Other specific arthropathies, not elsewhere classified, multiple sites",OTHER_ARTHROPATHIES_OR_JOINT_DISORDERS
M12.81,"Other specific arthropathies, not elsewhere classified, shoulder region",OTHER_ARTHROPATHIES_OR_JOINT_DISORDERS
M12.82,"Other specific arthropathies, not elsewhere classified, upper arm",OTHER_ARTHROPATHIES_OR_JOINT_DISORDERS
M12.83,"Other specific arthropathies, not elsewhere classified, forearm",OTHER_ARTHROPATHIES_OR_JOINT_DISORDERS
M12.84,"Other specific arthropathies, not elsewhere classified, hand",OTHER_ARTHROPATHIES_OR_JOINT_DISORDERS
M12.85,"Other specific arthropathies, not elsewhere classified, pelvic region and thigh",OTHER_ARTHROPATHIES_OR_JOINT_DISORDERS
M12.86,"Other specific arthropathies, not elsewhere classified, lower leg",OTHER_ARTHROPATHIES_OR_JOINT_DISORDERS
M12.87,"Other specific arthropathies, not elsewhere classified, ankle and foot",OTHER_ARTHROPATHIES_OR_JOINT_DISORDERS
M12.88,"Other specific arthropathies, not elsewhere classified, other site",OTHER_ARTHROPATHIES_OR_JOINT_DISORDERS
M12.89,"Other specific arthropathies, not elsewhere classified, site unspecified",OTHER_ARTHROPATHIES_OR_JOINT_DISORDERS
M13.0,"Polyarthritis, unspecified",OTHER_ARTHROPATHIES_OR_JOINT_DISORDERS
M13.11,"Monoarthritis, not elsewhere classified, shoulder region",OTHER_ARTHROPATHIES_OR_JOINT_DISORDERS
M13.12,"Monoarthritis, not elsewhere classified, upper arm",OTHER_ARTHROPATHIES_OR_JOINT_DISORDERS
M13.13,"Monoarthritis, not elsewhere classified, forearm",OTHER_ARTHROPATHIES_OR_JOINT_DISORDERS
M13.14,"Monoarthritis, not elsewhere classified, hand",OTHER_ARTHROPATHIES_OR_JOINT_DISORDERS
M13.15,"Monoarthritis, not elsewhere classified, pelvic region and thigh",OTHER_ARTHROPATHIES_OR_JOINT_DISORDERS
M13.16,"Monoarthritis, not elsewhere classified, lower leg",OTHER_ARTHROPATHIES_OR_JOINT_DISORDERS
M13.17,"Monoarthritis, not elsewhere classified, ankle and foot",OTHER_ARTHROPATHIES_OR_JOINT_DISORDERS
M13.18,"Monoarthritis, not elsewhere classified, other site",OTHER_ARTHROPATHIES_OR_JOINT_DISORDERS
M13.19,"Monoarthritis, not elsewhere classified, site unspecified",OTHER_ARTHROPATHIES_OR_JOINT_DISORDERS
M13.80,"Other specified arthritis, multiple sites",OTHER_ARTHROPATHIES_OR_JOINT_DISORDERS
M13.81,"Other specified arthritis, shoulder region",OTHER_ARTHROPATHIES_OR_JOINT_DISORDERS
M13.82,"Other specified arthritis, upper arm",OTHER_ARTHROPATHIES_OR_JOINT_DISORDERS
M13.83,"Other specified arthritis, forearm",OTHER_ARTHROPATHIES_OR_JOINT_DISORDERS
M13.84,"Other specified arthritis, hand",OTHER_ARTHROPATHIES_OR_JOINT_DISORDERS
M13.85,"Other specified arthritis, pelvic region and thigh",OTHER_ARTHROPATHIES_OR_JOINT_DISORDERS
M13.86,"Other specified arthritis, lower leg",OTHER_ARTHROPATHIES_OR_JOINT_DISORDERS
M13.87,"Other specified arthritis, ankle and foot",OTHER_ARTHROPATHIES_OR_JOINT_DISORDERS
M13.88,"Other specified arthritis, other site",OTHER_ARTHROPATHIES_OR_JOINT_DISORDERS
M13.89,"Other specified arthritis, site unspecified",OTHER_ARTHROPATHIES_OR_JOINT_DISORDERS
M13.90,"Arthritis, unspecified, multiple sites",OTHER_ARTHROPATHIES_OR_JOINT_DISORDERS
M13.91,"Arthritis, unspecified, shoulder region",OTHER_ARTHROPATHIES_OR_JOINT_DISORDERS
M13.92,"Arthritis, unspecified, upper arm",OTHER_ARTHROPATHIES_OR_JOINT_DISORDERS
M13.93,"Arthritis, unspecified, forearm",OTHER_ARTHROPATHIES_OR_JOINT_DISORDERS
M13.94,"Arthritis, unspecified, hand",OTHER_ARTHROPATHIES_OR_JOINT_DISORDERS
M13.95,"Arthritis, unspecified, pelvic region and thigh",OTHER_ARTHROPATHIES_OR_JOINT_DISORDERS
M13.96,"Arthritis, unspecified, lower leg",OTHER_ARTHROPATHIES_OR_JOINT_DISORDERS
M13.97,"Arthritis, unspecified, ankle and foot",OTHER_ARTHROPATHIES_OR_JOINT_DISORDERS
M13.98,"Arthritis, unspecified, other site",OTHER_ARTHROPATHIES_OR_JOINT_DISORDERS
M13.99,"Arthritis, unspecified, site unspecified",OTHER_ARTHROPATHIES_OR_JOINT_DISORDERS
M15.0,Primary generalised (osteo)arthrosis,OTHER_ARTHROPATHIES_OR_JOINT_DISORDERS
M15.1,Heberden's nodes (with arthropathy),OTHER_ARTHROPATHIES_OR_JOINT_DISORDERS
M15.2,Bouchard's nodes (with arthropathy),OTHER_ARTHROPATHIES_OR_JOINT_DISORDERS
M15.3,Secondary multiple arthrosis,OTHER_ARTHROPATHIES_OR_JOINT_DISORDERS
M15.4,Erosive (osteo)arthrosis,OTHER_ARTHROPATHIES_OR_JOINT_DISORDERS
M15.8,Other polyarthrosis,OTHER_ARTHROPATHIES_OR_JOINT_DISORDERS
M15.9,"Polyarthrosis, unspecified",OTHER_ARTHROPATHIES_OR_JOINT_DISORDERS
M22.0,Recurrent dislocation of patella,OTHER_ARTHROPATHIES_OR_JOINT_DISORDERS
M22.1,Recurrent subluxation of patella,OTHER_ARTHROPATHIES_OR_JOINT_DISORDERS
M22.2,Patellofemoral disorders,OTHER_ARTHROPATHIES_OR_JOINT_DISORDERS
M22.3,Other derangements of patella,OTHER_ARTHROPATHIES_OR_JOINT_DISORDERS
M22.4,Chondromalacia patellae,OTHER_ARTHROPATHIES_OR_JOINT_DISORDERS
M22.8,Other disorders of patella,OTHER_ARTHROPATHIES_OR_JOINT_DISORDERS
M22.9,"Disorder of patella, unspecified",OTHER_ARTHROPATHIES_OR_JOINT_DISORDERS
M23.00,"Cystic meniscus, multiple sites",OTHER_ARTHROPATHIES_OR_JOINT_DISORDERS
M23.01,Cystic anterior horn of medial meniscus,OTHER_ARTHROPATHIES_OR_JOINT_DISORDERS
M23.02,Cystic posterior horn of medial meniscus,OTHER_ARTHROPATHIES_OR_JOINT_DISORDERS
M23.03,"Cystic medial meniscus, other and unspecified sites",OTHER_ARTHROPATHIES_OR_JOINT_DISORDERS
M23.04,Cystic anterior horn of lateral meniscus,OTHER_ARTHROPATHIES_OR_JOINT_DISORDERS
M23.05,Cystic posterior horn of lateral meniscus,OTHER_ARTHROPATHIES_OR_JOINT_DISORDERS
M23.06,"Cystic lateral meniscus, other and unspecified sites",OTHER_ARTHROPATHIES_OR_JOINT_DISORDERS
M23.09,"Cystic meniscus, unspecified sites",OTHER_ARTHROPATHIES_OR_JOINT_DISORDERS
M23.10,"Discoid meniscus (congenital), multiple sites",OTHER_ARTHROPATHIES_OR_JOINT_DISORDERS
M23.11,Discoid anterior horn of medial meniscus (congenital),OTHER_ARTHROPATHIES_OR_JOINT_DISORDERS
M23.12,Discoid posterior horn of medial meniscus (congenital),OTHER_ARTHROPATHIES_OR_JOINT_DISORDERS
M23.13,"Discoid medial meniscus (congenital), other and unspecified sites",OTHER_ARTHROPATHIES_OR_JOINT_DISORDERS
M23.14,Discoid anterior horn of lateral meniscus (congenital),OTHER_ARTHROPATHIES_OR_JOINT_DISORDERS
M23.15,Discoid posterior horn of lateral meniscus (congenital),OTHER_ARTHROPATHIES_OR_JOINT_DISORDERS
M23.16,"Discoid lateral meniscus (congenital), other and unspecified sites",OTHER_ARTHROPATHIES_OR_JOINT_DISORDERS
M23.19,"Discoid meniscus (congenital), unspecified site",OTHER_ARTHROPATHIES_OR_JOINT_DISORDERS
M23.20,"Derangement of meniscus due to old tear or injury, multiple sites",OTHER_ARTHROPATHIES_OR_JOINT_DISORDERS
M23.21,Derangement of anterior horn of medial meniscus due to old tear or injury,OTHER_ARTHROPATHIES_OR_JOINT_DISORDERS
M23.22,Derangement of posterior horn of medial meniscus due to old tear or injury,OTHER_ARTHROPATHIES_OR_JOINT_DISORDERS
M23.23,Derangement of other and unspecified medial meniscus due to old tear or injury,OTHER_ARTHROPATHIES_OR_JOINT_DISORDERS
M23.24,Derangement of anterior horn of lateral meniscus due to old tear or injury,OTHER_ARTHROPATHIES_OR_JOINT_DISORDERS
M23.25,Derangement of posterior horn of lateral meniscus due to old tear or injury,OTHER_ARTHROPATHIES_OR_JOINT_DISORDERS
M23.26,Derangement of other and unspecified lateral meniscus due to old tear or injury,OTHER_ARTHROPATHIES_OR_JOINT_DISORDERS
M23.29,"Derangement of meniscus, unspecified, due to old tear or injury",OTHER_ARTHROPATHIES_OR_JOINT_DISORDERS
M23.30,"Other meniscus derangements, multiple sites",OTHER_ARTHROPATHIES_OR_JOINT_DISORDERS
M23.31,Other derangements of anterior horn of medial meniscus,OTHER_ARTHROPATHIES_OR_JOINT_DISORDERS
M23.32,Other derangements of posterior horn of medial meniscus,OTHER_ARTHROPATHIES_OR_JOINT_DISORDERS
M23.33,Other derangements of other and unspecified medial meniscus,OTHER_ARTHROPATHIES_OR_JOINT_DISORDERS
M23.34,Other derangements of anterior horn of lateral meniscus,OTHER_ARTHROPATHIES_OR_JOINT_DISORDERS
M23.35,Other derangements of posterior horn of lateral meniscus,OTHER_ARTHROPATHIES_OR_JOINT_DISORDERS
M23.36,Other derangements of other and unspecified lateral meniscus,OTHER_ARTHROPATHIES_OR_JOINT_DISORDERS
M23.39,Other derangements of unspecified meniscus,OTHER_ARTHROPATHIES_OR_JOINT_DISORDERS
M23.40,"Loose body in knee, multiple sites",OTHER_ARTHROPATHIES_OR_JOINT_DISORDERS
M23.41,"Loose body, anterior cruciate ligament or anterior horn of medial meniscus",OTHER_ARTHROPATHIES_OR_JOINT_DISORDERS
M23.42,"Loose body, posterior cruciate ligament or posterior horn of medial meniscus",OTHER_ARTHROPATHIES_OR_JOINT_DISORDERS
M23.43,"Loose body, medial collateral ligament or other and unspecified medial meniscus",OTHER_ARTHROPATHIES_OR_JOINT_DISORDERS
M23.44,"Loose body, lateral collateral ligament or anterior horn of lateral meniscus",OTHER_ARTHROPATHIES_OR_JOINT_DISORDERS
M23.45,"Loose body, posterior horn of lateral meniscus",OTHER_ARTHROPATHIES_OR_JOINT_DISORDERS
M23.46,"Loose body, other and unspecified lateral meniscus",OTHER_ARTHROPATHIES_OR_JOINT_DISORDERS
M23.47,"Loose body, capsular ligament",OTHER_ARTHROPATHIES_OR_JOINT_DISORDERS
M23.49,"Loose body, unspecified ligament or unspecified meniscus",OTHER_ARTHROPATHIES_OR_JOINT_DISORDERS
M23.50,"Chronic instability of knee, multiple sites",OTHER_ARTHROPATHIES_OR_JOINT_DISORDERS
M23.51,"Chronic instability, anterior cruciate ligament or anterior horn of medial meniscus",OTHER_ARTHROPATHIES_OR_JOINT_DISORDERS
M23.52,"Chronic instability, posterior cruciate ligament or posterior horn of medial meniscus",OTHER_ARTHROPATHIES_OR_JOINT_DISORDERS
M23.53,"Chronic instability, medial collateral ligament or other and unspecified medial meniscus",OTHER_ARTHROPATHIES_OR_JOINT_DISORDERS
M23.54,"Chronic instability, lateral collateral ligament or anterior horn of lateral meniscus",OTHER_ARTHROPATHIES_OR_JOINT_DISORDERS
M23.55,"Chronic instability, posterior horn of lateral meniscus",OTHER_ARTHROPATHIES_OR_JOINT_DISORDERS
M23.56,"Chronic instability, other and unspecified lateral meniscus",OTHER_ARTHROPATHIES_OR_JOINT_DISORDERS
M23.57,"Chronic instability, capsular ligament",OTHER_ARTHROPATHIES_OR_JOINT_DISORDERS
M23.59,"Chronic instability, unspecified ligament or unspecified meniscus",OTHER_ARTHROPATHIES_OR_JOINT_DISORDERS
M23.60,"Other spontaneous disruption of ligament(s) of knee, multiple sites",OTHER_ARTHROPATHIES_OR_JOINT_DISORDERS
M23.61,Other spontaneous disruption of anterior cruciate ligament,OTHER_ARTHROPATHIES_OR_JOINT_DISORDERS
M23.62,Other spontaneous disruption of posterior cruciate ligament,OTHER_ARTHROPATHIES_OR_JOINT_DISORDERS
M23.63,Other spontaneous disruption of medial collateral ligament,OTHER_ARTHROPATHIES_OR_JOINT_DISORDERS
M23.64,Other spontaneous disruption of lateral collateral ligament,OTHER_ARTHROPATHIES_OR_JOINT_DISORDERS
M23.67,Other spontaneous disruption of capsular ligament,OTHER_ARTHROPATHIES_OR_JOINT_DISORDERS
M23.69,"Other spontaneous disruption of ligament(s) of knee, unspecified ligament or unspecified meniscus",OTHER_ARTHROPATHIES_OR_JOINT_DISORDERS
M23.80,"Other internal derangements of knee, multiple sites",OTHER_ARTHROPATHIES_OR_JOINT_DISORDERS
M23.81,Other internal derangements of anterior cruciate ligament or anterior horn of medial meniscus,OTHER_ARTHROPATHIES_OR_JOINT_DISORDERS
M23.82,Other internal derangements of posterior cruciate ligament or posterior horn of medial meniscus,OTHER_ARTHROPATHIES_OR_JOINT_DISORDERS
M23.83,Other internal derangements of medial collateral ligament or other and unspecified medial meniscus,OTHER_ARTHROPATHIES_OR_JOINT_DISORDERS
M23.84,Other internal derangements of lateral collateral ligament or anterior horn of lateral meniscus,OTHER_ARTHROPATHIES_OR_JOINT_DISORDERS
M23.85,Other internal derangements of posterior horn of lateral meniscus,OTHER_ARTHROPATHIES_OR_JOINT_DISORDERS
M23.86,Other internal derangements of other and unspecified lateral meniscus,OTHER_ARTHROPATHIES_OR_JOINT_DISORDERS
M23.87,Other internal derangements of capsular ligament,OTHER_ARTHROPATHIES_OR_JOINT_DISORDERS
M23.89,"Other internal derangements of knee, unspecified ligament or unspecified meniscus",OTHER_ARTHROPATHIES_OR_JOINT_DISORDERS
M23.90,"Unspecified internal derangement of knee, multiple sites",OTHER_ARTHROPATHIES_OR_JOINT_DISORDERS
M23.91,Unspecified internal derangement of anterior cruciate ligament or anterior horn of medial meniscus,OTHER_ARTHROPATHIES_OR_JOINT_DISORDERS
M23.92,Unspecified internal derangement of posterior cruciate ligament or posterior horn of medial meniscus,OTHER_ARTHROPATHIES_OR_JOINT_DISORDERS
M23.93,Unspecified internal derangement of medial collateral ligament or other and unspecified medial meniscus,OTHER_ARTHROPATHIES_OR_JOINT_DISORDERS
M23.94,Unspecified internal derangement of lateral collateral ligament or anterior horn of lateral meniscus,OTHER_ARTHROPATHIES_OR_JOINT_DISORDERS
M23.95,Unspecified internal derangement of posterior horn of lateral meniscus,OTHER_ARTHROPATHIES_OR_JOINT_DISORDERS
M23.96,Unspecified internal derangement of other and unspecified lateral meniscus,OTHER_ARTHROPATHIES_OR_JOINT_DISORDERS
M23.97,Unspecified internal derangement of capsular ligament,OTHER_ARTHROPATHIES_OR_JOINT_DISORDERS
M23.99,Unspecified internal derangement of unspecified ligament or unspecified meniscus,OTHER_ARTHROPATHIES_OR_JOINT_DISORDERS
M24.90,"Unspecified joint derangement, multiple sites",OTHER_ARTHROPATHIES_OR_JOINT_DISORDERS
M24.91,"Unspecified joint derangement, shoulder region",OTHER_ARTHROPATHIES_OR_JOINT_DISORDERS
M24.92,"Unspecified joint derangement, upper arm",OTHER_ARTHROPATHIES_OR_JOINT_DISORDERS
M24.93,"Unspecified joint derangement, forearm",OTHER_ARTHROPATHIES_OR_JOINT_DISORDERS
M24.94,"Unspecified joint derangement, hand",OTHER_ARTHROPATHIES_OR_JOINT_DISORDERS
M24.95,"Unspecified joint derangement, pelvic region and thigh",OTHER_ARTHROPATHIES_OR_JOINT_DISORDERS
M24.97,"Unspecified joint derangement, ankle and foot",OTHER_ARTHROPATHIES_OR_JOINT_DISORDERS
M24.98,"Unspecified joint derangement, other site",OTHER_ARTHROPATHIES_OR_JOINT_DISORDERS
M24.99,"Unspecified joint derangement, site unspecified",OTHER_ARTHROPATHIES_OR_JOINT_DISORDERS
M25.00,"Haemarthrosis, multiple sites",OTHER_ARTHROPATHIES_OR_JOINT_DISORDERS
M25.01,"Haemarthrosis, shoulder region",OTHER_ARTHROPATHIES_OR_JOINT_DISORDERS
M25.02,"Haemarthrosis, upper arm",OTHER_ARTHROPATHIES_OR_JOINT_DISORDERS
M25.03,"Haemarthrosis, forearm",OTHER_ARTHROPATHIES_OR_JOINT_DISORDERS
M25.04,"Haemarthrosis, hand",OTHER_ARTHROPATHIES_OR_JOINT_DISORDERS
M25.05,"Haemarthrosis, pelvic region and thigh",OTHER_ARTHROPATHIES_OR_JOINT_DISORDERS
M25.06,"Haemarthrosis, lower leg",OTHER_ARTHROPATHIES_OR_JOINT_DISORDERS
M25.07,"Haemarthrosis, ankle and foot",OTHER_ARTHROPATHIES_OR_JOINT_DISORDERS
M25.08,"Haemarthrosis, other site",OTHER_ARTHROPATHIES_OR_JOINT_DISORDERS
M25.09,"Haemarthrosis, site unspecified",OTHER_ARTHROPATHIES_OR_JOINT_DISORDERS
M25.10,"Fistula of joint, multiple sites",OTHER_ARTHROPATHIES_OR_JOINT_DISORDERS
M25.11,"Fistula of joint, shoulder region",OTHER_ARTHROPATHIES_OR_JOINT_DISORDERS
M25.12,"Fistula of joint, upper arm",OTHER_ARTHROPATHIES_OR_JOINT_DISORDERS
M25.13,"Fistula of joint, forearm",OTHER_ARTHROPATHIES_OR_JOINT_DISORDERS
M25.14,"Fistula of joint, hand",OTHER_ARTHROPATHIES_OR_JOINT_DISORDERS
M25.15,"Fistula of joint, pelvic region and thigh",OTHER_ARTHROPATHIES_OR_JOINT_DISORDERS
M25.16,"Fistula of joint, lower leg",OTHER_ARTHROPATHIES_OR_JOINT_DISORDERS
M25.17,"Fistula of joint, ankle and foot",OTHER_ARTHROPATHIES_OR_JOINT_DISORDERS
M25.18,"Fistula of joint, other site",OTHER_ARTHROPATHIES_OR_JOINT_DISORDERS
M25.19,"Fistula of joint, site unspecified",OTHER_ARTHROPATHIES_OR_JOINT_DISORDERS
M25.40,"Effusion of joint, multiple sites",OTHER_ARTHROPATHIES_OR_JOINT_DISORDERS
M25.41,"Effusion of joint, shoulder region",OTHER_ARTHROPATHIES_OR_JOINT_DISORDERS
M25.42,"Effusion of joint, upper arm",OTHER_ARTHROPATHIES_OR_JOINT_DISORDERS
M25.43,"Effusion of joint, forearm",OTHER_ARTHROPATHIES_OR_JOINT_DISORDERS
M25.44,"Effusion of joint, hand",OTHER_ARTHROPATHIES_OR_JOINT_DISORDERS
M25.45,"Effusion of joint, pelvic region and thigh",OTHER_ARTHROPATHIES_OR_JOINT_DISORDERS
M25.46,"Effusion of joint, lower leg",OTHER_ARTHROPATHIES_OR_JOINT_DISORDERS
M25.47,"Effusion of joint, ankle and foot",OTHER_ARTHROPATHIES_OR_JOINT_DISORDERS
M25.48,"Effusion of joint, other site",OTHER_ARTHROPATHIES_OR_JOINT_DISORDERS
M25.49,"Effusion of joint, site unspecified",OTHER_ARTHROPATHIES_OR_JOINT_DISORDERS
M25.50,"Pain in a joint, multiple sites",OTHER_ARTHROPATHIES_OR_JOINT_DISORDERS
M25.51,"Pain in a joint, shoulder region",OTHER_ARTHROPATHIES_OR_JOINT_DISORDERS
M25.52,"Pain in a joint, upper arm",OTHER_ARTHROPATHIES_OR_JOINT_DISORDERS
M25.53,"Pain in a joint, forearm",OTHER_ARTHROPATHIES_OR_JOINT_DISORDERS
M25.54,"Pain in a joint, hand",OTHER_ARTHROPATHIES_OR_JOINT_DISORDERS
M25.55,"Pain in a joint, pelvic region and thigh",OTHER_ARTHROPATHIES_OR_JOINT_DISORDERS
M25.56,"Pain in a joint, lower leg",OTHER_ARTHROPATHIES_OR_JOINT_DISORDERS
M25.57,"Pain in a joint, ankle and foot",OTHER_ARTHROPATHIES_OR_JOINT_DISORDERS
M25.58,"Pain in a joint, other site",OTHER_ARTHROPATHIES_OR_JOINT_DISORDERS
M25.59,"Pain in a joint, site unspecified",OTHER_ARTHROPATHIES_OR_JOINT_DISORDERS
M25.60,"Stiffness of joint, not elsewhere classified, multiple sites",OTHER_ARTHROPATHIES_OR_JOINT_DISORDERS
M25.61,"Stiffness of joint, not elsewhere classified, shoulder region",OTHER_ARTHROPATHIES_OR_JOINT_DISORDERS
M25.62,"Stiffness of joint, not elsewhere classified, upper arm",OTHER_ARTHROPATHIES_OR_JOINT_DISORDERS
M25.63,"Stiffness of joint, not elsewhere classified, forearm",OTHER_ARTHROPATHIES_OR_JOINT_DISORDERS
M25.64,"Stiffness of joint, not elsewhere classified, hand",OTHER_ARTHROPATHIES_OR_JOINT_DISORDERS
M25.65,"Stiffness of joint, not elsewhere classified, pelvic region and thigh",OTHER_ARTHROPATHIES_OR_JOINT_DISORDERS
M25.66,"Stiffness of joint, not elsewhere classified, lower leg",OTHER_ARTHROPATHIES_OR_JOINT_DISORDERS
M25.67,"Stiffness of joint, not elsewhere classified, ankle and foot",OTHER_ARTHROPATHIES_OR_JOINT_DISORDERS
M25.68,"Stiffness of joint, not elsewhere classified, other site",OTHER_ARTHROPATHIES_OR_JOINT_DISORDERS
M25.69,"Stiffness of joint, not elsewhere classified, site unspecified",OTHER_ARTHROPATHIES_OR_JOINT_DISORDERS
M25.80,"Other specified joint disorders, multiple sites",OTHER_ARTHROPATHIES_OR_JOINT_DISORDERS
M25.81,"Other specified joint disorders, shoulder region",OTHER_ARTHROPATHIES_OR_JOINT_DISORDERS
M25.82,"Other specified joint disorders, upper arm",OTHER_ARTHROPATHIES_OR_JOINT_DISORDERS
M25.83,"Other specified joint disorders, forearm",OTHER_ARTHROPATHIES_OR_JOINT_DISORDERS
M25.84,"Other specified joint disorders, hand",OTHER_ARTHROPATHIES_OR_JOINT_DISORDERS
M25.85,"Other specified joint disorders, pelvic region and thigh",OTHER_ARTHROPATHIES_OR_JOINT_DISORDERS
M25.86,"Other specified joint disorders, lower leg",OTHER_ARTHROPATHIES_OR_JOINT_DISORDERS
M25.87,"Other specified joint disorders, ankle and foot",OTHER_ARTHROPATHIES_OR_JOINT_DISORDERS
M25.88,"Other specified joint disorders, other site",OTHER_ARTHROPATHIES_OR_JOINT_DISORDERS
M25.89,"Other specified joint disorders, site unspecified",OTHER_ARTHROPATHIES_OR_JOINT_DISORDERS
M25.90,"Unspecified joint disorder, multiple sites",OTHER_ARTHROPATHIES_OR_JOINT_DISORDERS
M25.91,"Unspecified joint disorder, shoulder region",OTHER_ARTHROPATHIES_OR_JOINT_DISORDERS
M25.92,"Unspecified joint disorder, upper arm",OTHER_ARTHROPATHIES_OR_JOINT_DISORDERS
M25.93,"Unspecified joint disorder, forearm",OTHER_ARTHROPATHIES_OR_JOINT_DISORDERS
M25.94,"Unspecified joint disorder, hand",OTHER_ARTHROPATHIES_OR_JOINT_DISORDERS
M25.95,"Unspecified joint disorder, pelvic region and thigh",OTHER_ARTHROPATHIES_OR_JOINT_DISORDERS
M25.96,"Unspecified joint disorder, lower leg",OTHER_ARTHROPATHIES_OR_JOINT_DISORDERS
M25.97,"Unspecified joint disorder, ankle and foot",OTHER_ARTHROPATHIES_OR_JOINT_DISORDERS
M25.98,"Unspecified joint disorder, other site",OTHER_ARTHROPATHIES_OR_JOINT_DISORDERS
M25.99,"Unspecified joint disorder, site unspecified",OTHER_ARTHROPATHIES_OR_JOINT_DISORDERS
M36.1,Arthropathy in neoplastic disease (C00-D48+),OTHER_ARTHROPATHIES_OR_JOINT_DISORDERS
M36.2,Haemophilic arthropathy (D66-D68+),OTHER_ARTHROPATHIES_OR_JOINT_DISORDERS
M36.3,Arthropathy in other blood disorders (D50-D76+),OTHER_ARTHROPATHIES_OR_JOINT_DISORDERS
M36.4,Arthropathy in hypersensitivity reactions classified elsewhere,OTHER_ARTHROPATHIES_OR_JOINT_DISORDERS
M36.8,Systemic disorders of connective tissue in other diseases classified elsewhere,OTHER_ARTHROPATHIES_OR_JOINT_DISORDERS
M79.60,"Pain in limb, multiple sites",OTHER_ARTHROPATHIES_OR_JOINT_DISORDERS
M79.61,"Pain in limb, shoulder region",OTHER_ARTHROPATHIES_OR_JOINT_DISORDERS
M79.62,"Pain in limb, upper arm",OTHER_ARTHROPATHIES_OR_JOINT_DISORDERS
M79.63,"Pain in limb, forearm",OTHER_ARTHROPATHIES_OR_JOINT_DISORDERS
M79.64,"Pain in limb, hand",OTHER_ARTHROPATHIES_OR_JOINT_DISORDERS
M79.65,"Pain in limb, pelvic region and thigh",OTHER_ARTHROPATHIES_OR_JOINT_DISORDERS
M79.66,"Pain in limb, lower leg",OTHER_ARTHROPATHIES_OR_JOINT_DISORDERS
M79.67,"Pain in limb, ankle and foot",OTHER_ARTHROPATHIES_OR_JOINT_DISORDERS
M79.68,"Pain in limb, other site",OTHER_ARTHROPATHIES_OR_JOINT_DISORDERS
M79.69,"Pain in limb, site unspecified",OTHER_ARTHROPATHIES_OR_JOINT_DISORDERS
R26.2,"Difficulty in walking, not elsewhere classified",OTHER_ARTHROPATHIES_OR_JOINT_DISORDERS
R29.4,Clicking hip,OTHER_ARTHROPATHIES_OR_JOINT_DISORDERS
Z96.60,Presence of unspecified joint implant,OTHER_ARTHROPATHIES_OR_JOINT_DISORDERS
Z96.61,Presence of shoulder implant,OTHER_ARTHROPATHIES_OR_JOINT_DISORDERS
Z96.62,Presence of elbow implant,OTHER_ARTHROPATHIES_OR_JOINT_DISORDERS
Z96.63,Presence of wrist implant,OTHER_ARTHROPATHIES_OR_JOINT_DISORDERS
Z96.64,Presence of hip implant,OTHER_ARTHROPATHIES_OR_JOINT_DISORDERS
Z96.65,Presence of knee implant,OTHER_ARTHROPATHIES_OR_JOINT_DISORDERS
Z96.66,Presence of ankle implant,OTHER_ARTHROPATHIES_OR_JOINT_DISORDERS
Z96.68,Presence of other orthopaedic joint implant,OTHER_ARTHROPATHIES_OR_JOINT_DISORDERS
Z96.7,Presence of other bone and tendon implants,OTHER_ARTHROPATHIES_OR_JOINT_DISORDERS
Z96.8,Presence of other specified functional implants,OTHER_ARTHROPATHIES_OR_JOINT_DISORDERS
Z96.9,"Presence of functional implant, unspecified",OTHER_ARTHROPATHIES_OR_JOINT_DISORDERS
M80.00,"Postmenopausal osteoporosis with pathological fracture, multiple sites",OSTEOPOROSIS
M80.01,"Postmenopausal osteoporosis with pathological fracture, shoulder region",OSTEOPOROSIS
M80.02,"Postmenopausal osteoporosis with pathological fracture, upper arm",OSTEOPOROSIS
M80.03,"Postmenopausal osteoporosis with pathological fracture, forearm",OSTEOPOROSIS
M80.04,"Postmenopausal osteoporosis with pathological fracture, hand",OSTEOPOROSIS
M80.05,"Postmenopausal osteoporosis with pathological fracture, pelvic region and thigh",OSTEOPOROSIS
M80.06,"Postmenopausal osteoporosis with pathological fracture, lower leg",OSTEOPOROSIS
M80.07,"Postmenopausal osteoporosis with pathological fracture, ankle and foot",OSTEOPOROSIS
M80.08,"Postmenopausal osteoporosis with pathological fracture, other site",OSTEOPOROSIS
M80.09,"Postmenopausal osteoporosis with pathological fracture, site unspecified",OSTEOPOROSIS
M80.10,"Postoophorectomy osteoporosis with pathological fracture, multiple sites",OSTEOPOROSIS
M80.11,"Postoophorectomy osteoporosis with pathological fracture, shoulder region",OSTEOPOROSIS
M80.12,"Postoophorectomy osteoporosis with pathological fracture, upper arm",OSTEOPOROSIS
M80.13,"Postoophorectomy osteoporosis with pathological fracture, forearm",OSTEOPOROSIS
M80.14,"Postoophorectomy osteoporosis with pathological fracture, hand",OSTEOPOROSIS
M80.15,"Postoophorectomy osteoporosis with pathological fracture, pelvic region and thigh",OSTEOPOROSIS
M80.16,"Postoophorectomy osteoporosis with pathological fracture, lower leg",OSTEOPOROSIS
M80.17,"Postoophorectomy osteoporosis with pathological fracture, ankle and foot",OSTEOPOROSIS
M80.18,"Postoophorectomy osteoporosis with pathological fracture, other site",OSTEOPOROSIS
M80.19,"Postoophorectomy osteoporosis with pathological fracture, site unspecified",OSTEOPOROSIS
M80.20,"Osteoporosis of disuse with pathological fracture, multiple sites",OSTEOPOROSIS
M80.21,"Osteoporosis of disuse with pathological fracture, shoulder region",OSTEOPOROSIS
M80.22,"Osteoporosis of disuse with pathological fracture, upper arm",OSTEOPOROSIS
M80.23,"Osteoporosis of disuse with pathological fracture, forearm",OSTEOPOROSIS
M80.24,"Osteoporosis of disuse with pathological fracture, hand",OSTEOPOROSIS
M80.25,"Osteoporosis of disuse with pathological fracture, pelvic region and thigh",OSTEOPOROSIS
M80.26,"Osteoporosis of disuse with pathological fracture, lower leg",OSTEOPOROSIS
M80.27,"Osteoporosis of disuse with pathological fracture, ankle and foot",OSTEOPOROSIS
M80.28,"Osteoporosis of disuse with pathological fracture, other site",OSTEOPOROSIS
M80.29,"Osteoporosis of disuse with pathological fracture, site unspecified",OSTEOPOROSIS
M80.3,Postprocedural malabsorption osteoporosis with pathological fracture,OSTEOPOROSIS
M80.30,"Postprocedural malabsorption osteoporosis with pathological fracture, multiple sites",OSTEOPOROSIS
M80.31,"Postprocedural malabsorption osteoporosis with pathological fracture, shoulder region",OSTEOPOROSIS
M80.32,"Postprocedural malabsorption osteoporosis with pathological fracture, upper arm",OSTEOPOROSIS
M80.33,"Postprocedural malabsorption osteoporosis with pathological fracture, forearm",OSTEOPOROSIS
M80.34,"Postprocedural malabsorption osteoporosis with pathological fracture, hand",OSTEOPOROSIS
M80.35,"Postprocedural malabsorption osteoporosis with pathological fracture, pelvic region and thigh",OSTEOPOROSIS
M80.36,"Postprocedural malabsorption osteoporosis with pathological fracture, lower leg",OSTEOPOROSIS
M80.37,"Postprocedural malabsorption osteoporosis with pathological fracture, ankle and foot",OSTEOPOROSIS
M80.38,"Postprocedural malabsorption osteoporosis with pathological fracture, other site",OSTEOPOROSIS
M80.39,"Postprocedural malabsorption osteoporosis with pathological fracture, site unspecified",OSTEOPOROSIS
M80.40,"Drug-induced osteoporosis with pathological fracture, multiple sites",OSTEOPOROSIS
M80.41,"Drug-induced osteoporosis with pathological fracture, shoulder region",OSTEOPOROSIS
M80.42,"Drug-induced osteoporosis with pathological fracture, upper arm",OSTEOPOROSIS
M80.43,"Drug-induced osteoporosis with pathological fracture, forearm",OSTEOPOROSIS
M80.44,"Drug-induced osteoporosis with pathological fracture, hand",OSTEOPOROSIS
M80.45,"Drug-induced osteoporosis with pathological fracture, pelvic region and thigh",OSTEOPOROSIS
M80.46,"Drug-induced osteoporosis with pathological fracture, lower leg",OSTEOPOROSIS
M80.47,"Drug-induced osteoporosis with pathological fracture, ankle and foot",OSTEOPOROSIS
M80.48,"Drug-induced osteoporosis with pathological fracture, other site",OSTEOPOROSIS
M80.49,"Drug-induced osteoporosis with pathological fracture, site unspecified",OSTEOPOROSIS
M80.50,"Idiopathic osteoporosis with pathological fracture, multiple sites",OSTEOPOROSIS
M80.51,"Idiopathic osteoporosis with pathological fracture, shoulder region",OSTEOPOROSIS
M80.52,"Idiopathic osteoporosis with pathological fracture, upper arm",OSTEOPOROSIS
M80.53,"Idiopathic osteoporosis with pathological fracture, forearm",OSTEOPOROSIS
M80.54,"Idiopathic osteoporosis with pathological fracture, hand",OSTEOPOROSIS
M80.55,"Idiopathic osteoporosis with pathological fracture, pelvic region and thigh",OSTEOPOROSIS
M80.56,"Idiopathic osteoporosis with pathological fracture, lower leg",OSTEOPOROSIS
M80.57,"Idiopathic osteoporosis with pathological fracture, ankle and foot",OSTEOPOROSIS
M80.58,"Idiopathic osteoporosis with pathological fracture, other site",OSTEOPOROSIS
M80.59,"Idiopathic osteoporosis with pathological fracture, site unspecified",OSTEOPOROSIS
M80.80,"Other osteoporosis with pathological fracture, multiple sites",OSTEOPOROSIS
M80.81,"Other osteoporosis with pathological fracture, shoulder region",OSTEOPOROSIS
M80.82,"Other osteoporosis with pathological fracture, upper arm",OSTEOPOROSIS
M80.83,"Other osteoporosis with pathological fracture, forearm",OSTEOPOROSIS
M80.84,"Other osteoporosis with pathological fracture, hand",OSTEOPOROSIS
M80.85,"Other osteoporosis with pathological fracture, pelvic region and thigh",OSTEOPOROSIS
M80.86,"Other osteoporosis with pathological fracture, lower leg",OSTEOPOROSIS
M80.87,"Other osteoporosis with pathological fracture, ankle and foot",OSTEOPOROSIS
M80.88,"Other osteoporosis with pathological fracture, other site",OSTEOPOROSIS
M80.89,"Other osteoporosis with pathological fracture, site unspecified",OSTEOPOROSIS
M80.90,"Unspecified osteoporosis with pathological fracture, multiple sites",OSTEOPOROSIS
M80.91,"Unspecified osteoporosis with pathological fracture, shoulder region",OSTEOPOROSIS
M80.92,"Unspecified osteoporosis with pathological fracture, upper arm",OSTEOPOROSIS
M80.93,"Unspecified osteoporosis with pathological fracture, forearm",OSTEOPOROSIS
M80.94,"Unspecified osteoporosis with pathological fracture, hand",OSTEOPOROSIS
M80.95,"Unspecified osteoporosis with pathological fracture, pelvic region and thigh",OSTEOPOROSIS
M80.96,"Unspecified osteoporosis with pathological fracture, lower leg",OSTEOPOROSIS
M80.97,"Unspecified osteoporosis with pathological fracture, ankle and foot",OSTEOPOROSIS
M80.98,"Unspecified osteoporosis with pathological fracture, other site",OSTEOPOROSIS
M80.99,"Unspecified osteoporosis with pathological fracture, site unspecified",OSTEOPOROSIS
M81.00,"Postmenopausal osteoporosis, multiple sites",OSTEOPOROSIS
M81.01,"Postmenopausal osteoporosis, shoulder region",OSTEOPOROSIS
M81.02,"Postmenopausal osteoporosis, upper arm",OSTEOPOROSIS
M81.03,"Postmenopausal osteoporosis, forearm",OSTEOPOROSIS
M81.04,"Postmenopausal osteoporosis, hand",OSTEOPOROSIS
M81.05,"Postmenopausal osteoporosis, pelvic region and thigh",OSTEOPOROSIS
M81.06,"Postmenopausal osteoporosis, lower leg",OSTEOPOROSIS
M81.07,"Postmenopausal osteoporosis, ankle and foot",OSTEOPOROSIS
M81.08,"Postmenopausal osteoporosis, other site",OSTEOPOROSIS
M81.09,"Postmenopausal osteoporosis, site unspecified",OSTEOPOROSIS
M81.10,"Postoophorectomy osteoporosis, multiple sites",OSTEOPOROSIS
M81.11,"Postoophorectomy osteoporosis, shoulder region",OSTEOPOROSIS
M81.12,"Postoophorectomy osteoporosis, upper arm",OSTEOPOROSIS
M81.13,"Postoophorectomy osteoporosis, forearm",OSTEOPOROSIS
M81.14,"Postoophorectomy osteoporosis, hand",OSTEOPOROSIS
M81.15,"Postoophorectomy osteoporosis, pelvic region and thigh",OSTEOPOROSIS
M81.16,"Postoophorectomy osteoporosis, lower leg",OSTEOPOROSIS
M81.17,"Postoophorectomy osteoporosis, ankle and foot",OSTEOPOROSIS
M81.18,"Postoophorectomy osteoporosis, other site",OSTEOPOROSIS
M81.19,"Postoophorectomy osteoporosis, site unspecified",OSTEOPOROSIS
M81.20,"Osteoporosis of disuse, multiple sites",OSTEOPOROSIS
M81.21,"Osteoporosis of disuse, shoulder region",OSTEOPOROSIS
M81.22,"Osteoporosis of disuse, upper arm",OSTEOPOROSIS
M81.23,"Osteoporosis of disuse, forearm",OSTEOPOROSIS
M81.24,"Osteoporosis of disuse, hand",OSTEOPOROSIS
M81.25,"Osteoporosis of disuse, pelvic region and thigh",OSTEOPOROSIS
M81.26,"Osteoporosis of disuse, lower leg",OSTEOPOROSIS
M81.27,"Osteoporosis of disuse, ankle and foot",OSTEOPOROSIS
M81.28,"Osteoporosis of disuse, other site",OSTEOPOROSIS
M81.29,"Osteoporosis of disuse, site unspecified",OSTEOPOROSIS
M81.30,"Postprocedural malabsorption osteoporosis, multiple sites",OSTEOPOROSIS
M81.31,"Postprocedural malabsorption osteoporosis, shoulder region",OSTEOPOROSIS
M81.32,"Postprocedural malabsorption osteoporosis, upper arm",OSTEOPOROSIS
M81.33,"Postprocedural malabsorption osteoporosis, forearm",OSTEOPOROSIS
M81.34,"Postprocedural malabsorption osteoporosis, hand",OSTEOPOROSIS
M81.35,"Postprocedural malabsorption osteoporosis, pelvic region and thigh",OSTEOPOROSIS
M81.36,"Postprocedural malabsorption osteoporosis, lower leg",OSTEOPOROSIS
M81.37,"Postprocedural malabsorption osteoporosis, ankle and foot",OSTEOPOROSIS
M81.38,"Postprocedural malabsorption osteoporosis, other site",OSTEOPOROSIS
M81.39,"Postprocedural malabsorption osteoporosis, site unspecified",OSTEOPOROSIS
M81.40,"Drug-induced osteoporosis, multiple sites",OSTEOPOROSIS
M81.41,"Drug-induced osteoporosis, shoulder region",OSTEOPOROSIS
M81.42,"Drug-induced osteoporosis, upper arm",OSTEOPOROSIS
M81.43,"Drug-induced osteoporosis, forearm",OSTEOPOROSIS
M81.44,"Drug-induced osteoporosis, hand",OSTEOPOROSIS
M81.45,"Drug-induced osteoporosis, pelvic region and thigh",OSTEOPOROSIS
M81.46,"Drug-induced osteoporosis, lower leg",OSTEOPOROSIS
M81.47,"Drug-induced osteoporosis, ankle and foot",OSTEOPOROSIS
M81.48,"Drug-induced osteoporosis, other site",OSTEOPOROSIS
M81.49,"Drug-induced osteoporosis, site unspecified",OSTEOPOROSIS
M81.50,"Idiopathic osteoporosis, multiple sites",OSTEOPOROSIS
M81.51,"Idiopathic osteoporosis, shoulder region",OSTEOPOROSIS
M81.52,"Idiopathic osteoporosis, upper arm",OSTEOPOROSIS
M81.53,"Idiopathic osteoporosis, forearm",OSTEOPOROSIS
M81.54,"Idiopathic osteoporosis, hand",OSTEOPOROSIS
M81.55,"Idiopathic osteoporosis, pelvic region and thigh",OSTEOPOROSIS
M81.56,"Idiopathic osteoporosis, lower leg",OSTEOPOROSIS
M81.57,"Idiopathic osteoporosis, ankle and foot",OSTEOPOROSIS
M81.58,"Idiopathic osteoporosis, other site",OSTEOPOROSIS
M81.59,"Idiopathic osteoporosis, site unspecified",OSTEOPOROSIS
M81.60,"Localised osteoporosis [Lequesne], multiple sites",OSTEOPOROSIS
M81.61,"Localised osteoporosis [Lequesne], shoulder region",OSTEOPOROSIS
M81.62,"Localised osteoporosis [Lequesne], upper arm",OSTEOPOROSIS
M81.63,"Localised osteoporosis [Lequesne], forearm",OSTEOPOROSIS
M81.64,"Localised osteoporosis [Lequesne], hand",OSTEOPOROSIS
M81.65,"Localised osteoporosis [Lequesne], pelvic region and thigh",OSTEOPOROSIS
M81.66,"Localised osteoporosis [Lequesne], lower leg",OSTEOPOROSIS
M81.67,"Localised osteoporosis [Lequesne], ankle and foot",OSTEOPOROSIS
M81.68,"Localised osteoporosis [Lequesne], other site",OSTEOPOROSIS
M81.69,"Localised osteoporosis [Lequesne], site unspecified",OSTEOPOROSIS
M81.80,"Other osteoporosis, multiple sites",OSTEOPOROSIS
M81.81,"Other osteoporosis, shoulder region",OSTEOPOROSIS
M81.82,"Other osteoporosis, upper arm",OSTEOPOROSIS
M81.83,"Other osteoporosis, forearm",OSTEOPOROSIS
M81.84,"Other osteoporosis, hand",OSTEOPOROSIS
M81.85,"Other osteoporosis, pelvic region and thigh",OSTEOPOROSIS
M81.86,"Other osteoporosis, lower leg",OSTEOPOROSIS
M81.87,"Other osteoporosis, ankle and foot",OSTEOPOROSIS
M81.88,"Other osteoporosis, other site",OSTEOPOROSIS
M81.89,"Other osteoporosis, site unspecified",OSTEOPOROSIS
M81.90,"Unspecified osteoporosis, multiple sites",OSTEOPOROSIS
M81.91,"Unspecified osteoporosis, shoulder region",OSTEOPOROSIS
M81.92,"Unspecified osteoporosis, upper arm",OSTEOPOROSIS
M81.93,"Unspecified osteoporosis, forearm",OSTEOPOROSIS
M81.94,"Unspecified osteoporosis, hand",OSTEOPOROSIS
M81.95,"Unspecified osteoporosis, pelvic region and thigh",OSTEOPOROSIS
M81.96,"Unspecified osteoporosis, lower leg",OSTEOPOROSIS
M81.97,"Unspecified osteoporosis, ankle and foot",OSTEOPOROSIS
M81.98,"Unspecified osteoporosis, other site",OSTEOPOROSIS
M81.99,"Unspecified osteoporosis, site unspecified",OSTEOPOROSIS
M82.00,"Osteoporosis in multiple myelomatosis, multiple sites (C90.0+)",OSTEOPOROSIS
M82.01,"Osteoporosis in multiple myelomatosis, shoulder region (C90.0+)",OSTEOPOROSIS
M82.02,"Osteoporosis in multiple myelomatosis, upper arm (C90.0+)",OSTEOPOROSIS
M82.03,"Osteoporosis in multiple myelomatosis, forearm (C90.0+)",OSTEOPOROSIS
M82.04,"Osteoporosis in multiple myelomatosis, hand (C90.0+)",OSTEOPOROSIS
M82.05,"Osteoporosis in multiple myelomatosis, pelvic region and thigh (C90.0+)",OSTEOPOROSIS
M82.06,"Osteoporosis in multiple myelomatosis, lower leg (C90.0+)",OSTEOPOROSIS
M82.07,"Osteoporosis in multiple myelomatosis, ankle and foot (C90.0+)",OSTEOPOROSIS
M82.08,"Osteoporosis in multiple myelomatosis, other (C90.0+)",OSTEOPOROSIS
M82.09,"Osteoporosis in multiple myelomatosis, site unspecified (C90.0+)",OSTEOPOROSIS
M82.10,"Osteoporosis in endocrine disorders, multiple sites (E00-E34+)",OSTEOPOROSIS
M82.11,"Osteoporosis in endocrine disorders, shoulder region (E00-E34+)",OSTEOPOROSIS
M82.12,"Osteoporosis in endocrine disorders, upper arm (E00-E34+)",OSTEOPOROSIS
M82.13,"Osteoporosis in endocrine disorders, forearm (E00-E34+)",OSTEOPOROSIS
M82.14,"Osteoporosis in endocrine disorders, hand (E00-E34+)",OSTEOPOROSIS
M82.15,"Osteoporosis in endocrine disorders, pelvic region and thigh (E00-E34+)",OSTEOPOROSIS
M82.16,"Osteoporosis in endocrine disorders, lower leg (E00-E34+)",OSTEOPOROSIS
M82.17,"Osteoporosis in endocrine disorders, ankle and foot (E00-E34+)",OSTEOPOROSIS
M82.18,"Osteoporosis in endocrine disorders, other site (E00-E34+)",OSTEOPOROSIS
M82.19,"Osteoporosis in endocrine disorders, site unspecified (E00-E34+)",OSTEOPOROSIS
M82.80,"Osteoporosis in other diseases classified elsewhere, multiple sites",OSTEOPOROSIS
M82.81,"Osteoporosis in other diseases classified elsewhere, shoulder region",OSTEOPOROSIS
M82.82,"Osteoporosis in other diseases classified elsewhere, upper arm",OSTEOPOROSIS
M82.83,"Osteoporosis in other diseases classified elsewhere, forearm",OSTEOPOROSIS
M82.84,"Osteoporosis in other diseases classified elsewhere, hand",OSTEOPOROSIS
M82.85,"Osteoporosis in other diseases classified elsewhere, pelvic region and thigh",OSTEOPOROSIS
M82.86,"Osteoporosis in other diseases classified elsewhere, lower leg",OSTEOPOROSIS
M82.87,"Osteoporosis in other diseases classified elsewhere, ankle and foot",OSTEOPOROSIS
M82.88,"Osteoporosis in other diseases classified elsewhere, other site",OSTEOPOROSIS
M82.89,"Osteoporosis in other diseases classified elsewhere, site unspecified",OSTEOPOROSIS
G90.1,Familial dysautonomia [Riley-Day],CONGENITAL_ANOMALIES
Q00.0,Anencephaly,CONGENITAL_ANOMALIES
Q00.00,"Anencephaly, unspecified",CONGENITAL_ANOMALIES
Q00.01,Incomplete anencephaly,CONGENITAL_ANOMALIES
Q00.09,Other anencephaly,CONGENITAL_ANOMALIES
Q00.1,Craniorachischisis,CONGENITAL_ANOMALIES
Q00.2,Iniencephaly,CONGENITAL_ANOMALIES
Q00.20,"Iniencephaly, unspecified",CONGENITAL_ANOMALIES
Q00.21,"Iniencephaly, open",CONGENITAL_ANOMALIES
Q00.22,"Iniencephaly, closed",CONGENITAL_ANOMALIES
Q01.0,Frontal encephalocele,CONGENITAL_ANOMALIES
Q01.1,Nasofrontal encephalocele,CONGENITAL_ANOMALIES
Q01.2,Occipital encephalocele,CONGENITAL_ANOMALIES
Q01.8,Encephalocele of other sites,CONGENITAL_ANOMALIES
Q01.81,Parietal encephalocele,CONGENITAL_ANOMALIES
Q01.82,Orbital encephalocele,CONGENITAL_ANOMALIES
Q01.83,Nasal encephalocele,CONGENITAL_ANOMALIES
Q01.84,Nasopharyngeal encephalocele,CONGENITAL_ANOMALIES
Q01.89,Encephalocele of other specified sites,CONGENITAL_ANOMALIES
Q01.9,"Encephalocele, unspecified",CONGENITAL_ANOMALIES
Q02.,Microcephaly,CONGENITAL_ANOMALIES
Q03.0,Malformations of aqueduct of Sylvius,CONGENITAL_ANOMALIES
Q03.1,Atresia of foramina of Magendie and Luschka,CONGENITAL_ANOMALIES
Q03.8,Other congenital hydrocephalus,CONGENITAL_ANOMALIES
Q03.9,"Congenital hydrocephalus, unspecified",CONGENITAL_ANOMALIES
Q04.0,Congenital malformations of corpus callosum,CONGENITAL_ANOMALIES
Q04.00,"Congenital malformations of corpus callosum, unspecified",CONGENITAL_ANOMALIES
Q04.01,Agenesis of corpus callosum,CONGENITAL_ANOMALIES
Q04.09,Other congenital malformations of corpus callosum,CONGENITAL_ANOMALIES
Q04.1,Arhinencephaly,CONGENITAL_ANOMALIES
Q04.2,Holoprosencephaly,CONGENITAL_ANOMALIES
Q04.3,Other and unspecified reduction deformities of brain,CONGENITAL_ANOMALIES
Q04.31,Reduction anomalies of cerebrum,CONGENITAL_ANOMALIES
Q04.32,Reduction anomalies of hypothalamus,CONGENITAL_ANOMALIES
Q04.33,Reduction anomalies of cerebellum,CONGENITAL_ANOMALIES
Q04.34,Agyria and lissencephaly,CONGENITAL_ANOMALIES
Q04.35,Microgyria and pachygyria,CONGENITAL_ANOMALIES
Q04.36,Hydranencephaly,CONGENITAL_ANOMALIES
Q04.39,Other reduction anomalies of brain,CONGENITAL_ANOMALIES
Q04.4,Septo-optic dysplasia,CONGENITAL_ANOMALIES
Q04.5,Megalencephaly,CONGENITAL_ANOMALIES
Q04.6,Congenital cerebral cysts,CONGENITAL_ANOMALIES
Q04.60,"Congenital cerebral cysts, unspecified",CONGENITAL_ANOMALIES
Q04.61,Single congenital cerebral cyst,CONGENITAL_ANOMALIES
Q04.62,Multiple congenital cerebral cysts,CONGENITAL_ANOMALIES
Q04.8,Other specified congenital malformations of brain,CONGENITAL_ANOMALIES
Q04.9,"Congenital malformation of brain, unspecified",CONGENITAL_ANOMALIES
Q05.0,Cervical spina bifida with hydrocephalus,CONGENITAL_ANOMALIES
Q05.00,"Cervical spina bifida with hydrocephalus, unspecified whether lesion is open or closed",CONGENITAL_ANOMALIES
Q05.01,"Cervical spina bifida with hydrocephalus, open, aperta, not covered with skin or membrane",CONGENITAL_ANOMALIES
Q05.02,"Cervical spina bifida with hydrocephalus, closed, cystica, covered with skin or membrane",CONGENITAL_ANOMALIES
Q05.1,Thoracic spina bifida with hydrocephalus,CONGENITAL_ANOMALIES
Q05.10,"Thoracic spina bifida with hydrocephalus, unspecified whether lesion is open or closed",CONGENITAL_ANOMALIES
Q05.11,"Thoracic spina bifida with hydrocephalus, open, aperta, not covered with skin or membrane",CONGENITAL_ANOMALIES
Q05.12,"Thoracic spina bifida with hydrocephalus, closed, cystica, covered with skin or membrane",CONGENITAL_ANOMALIES
Q05.2,Lumbar spina bifida with hydrocephalus,CONGENITAL_ANOMALIES
Q05.20,"Lumbar spina bifida with hydrocephalus, unspecified whether lesion is open or closed",CONGENITAL_ANOMALIES
Q05.21,"Lumbar spina bifida with hydrocephalus, open, aperta, not covered with skin or membrane",CONGENITAL_ANOMALIES
Q05.22,"Lumbar spina bifida with hydrocephalus, closed, cystica, covered with skin or membrane",CONGENITAL_ANOMALIES
Q05.3,Sacral spina bifida with hydrocephalus,CONGENITAL_ANOMALIES
Q05.30,"Sacral spina bifida with hydrocephalus, unspecified whether lesion is open or closed",CONGENITAL_ANOMALIES
Q05.31,"Sacral spina bifida with hydrocephalus, open, aperta, not covered with skin or membrane",CONGENITAL_ANOMALIES
Q05.32,"Sacral spina bifida with hydrocephalus, closed, cystica, covered with skin or membrane",CONGENITAL_ANOMALIES
Q05.4,Unspecified spina bifida with hydrocephalus,CONGENITAL_ANOMALIES
Q05.40,"Unspecified spina bifida with hydrocephalus, unspecified whether lesion is open or closed",CONGENITAL_ANOMALIES
Q05.41,"Unspecified spina bifida with hydrocephalus, open, aperta, not covered with skin or membrane",CONGENITAL_ANOMALIES
Q05.42,"Unspecified spina bifida with hydrocephalus, closed, cystica, covered with skin or membrane",CONGENITAL_ANOMALIES
Q05.5,Cervical spina bifida without hydrocephalus,CONGENITAL_ANOMALIES
Q05.50,"Cervical spina bifida without hydrocephalus, unspecified whether lesion is open or closed",CONGENITAL_ANOMALIES
Q05.51,"Cervical spina bifida without hydrocephalus, open, aperta, not covered with skin or membrane",CONGENITAL_ANOMALIES
Q05.52,"Cervical spina bifida without hydrocephalus, closed, cystica, covered with skin or membrane",CONGENITAL_ANOMALIES
Q05.6,Thoracic spina bifida without hydrocephalus,CONGENITAL_ANOMALIES
Q05.60,"Thoracic spina bifida without hydrocephalus, unspecified whether lesion is open or closed",CONGENITAL_ANOMALIES
Q05.61,"Thoracic spina bifida without hydrocephalus, open, aperta, not covered with skin or membrane",CONGENITAL_ANOMALIES
Q05.62,"Thoracic spina bifida without hydrocephalus, closed, cystica, covered with skin or membrane",CONGENITAL_ANOMALIES
Q05.7,Lumbar spina bifida without hydrocephalus,CONGENITAL_ANOMALIES
Q05.70,"Lumbar spina bifida without hydrocephalus, unspecified whether lesion is open or closed",CONGENITAL_ANOMALIES
Q05.71,"Lumbar spina bifida without hydrocephalus, open, aperta, not covered with skin or membrane",CONGENITAL_ANOMALIES
Q05.72,"Lumbar spina bifida without hydrocephalus, closed, cystica, covered with skin or membrane",CONGENITAL_ANOMALIES
Q05.8,Sacral spina bifida without hydrocephalus,CONGENITAL_ANOMALIES
Q05.80,"Sacral spina bifida without hydrocephalus, unspecified whether lesion is open or closed",CONGENITAL_ANOMALIES
Q05.81,"Sacral spina bifida without hydrocephalus, open, aperta, not covered with skin or membrane",CONGENITAL_ANOMALIES
Q05.82,"Sacral spina bifida without hydrocephalus, closed, cystica, covered with skin or membrane",CONGENITAL_ANOMALIES
Q05.9,"Spina bifida, unspecified",CONGENITAL_ANOMALIES
Q05.90,"Spina bifida, unspecified, unspecified whether lesion is open or closed",CONGENITAL_ANOMALIES
Q05.91,"Spina bifida, unspecified, open, aperta, not covered with skin or membrane",CONGENITAL_ANOMALIES
Q05.92,"Spina bifida, unspecified, closed, cystica, covered with skin or membrane",CONGENITAL_ANOMALIES
Q06.0,Amyelia,CONGENITAL_ANOMALIES
Q06.1,Hypoplasia and dysplasia of spinal cord,CONGENITAL_ANOMALIES
Q06.2,Diastematomyelia,CONGENITAL_ANOMALIES
Q06.3,Other congenital cauda equina malformations,CONGENITAL_ANOMALIES
Q06.4,Hydromyelia,CONGENITAL_ANOMALIES
Q06.8,Other specified congenital malformations of spinal cord,CONGENITAL_ANOMALIES
Q06.9,"Congenital malformation of spinal cord, unspecified",CONGENITAL_ANOMALIES
Q07.,Other congenital malformations of nervous system,CONGENITAL_ANOMALIES
Q07.0,Arnold-Chiari syndrome,CONGENITAL_ANOMALIES
Q07.8,Other specified congenital malformations of nervous system,CONGENITAL_ANOMALIES
Q07.81,Jaw-winking syndrome,CONGENITAL_ANOMALIES
Q07.82,Optic nerve hypoplasia,CONGENITAL_ANOMALIES
Q07.89,Other specified congenital malformations of the nervous system,CONGENITAL_ANOMALIES
Q07.9,"Congenital malformation of nervous system, unspecified",CONGENITAL_ANOMALIES
Q10.,"Congenital malformations of eyelid, lacrimal apparatus and orbit",CONGENITAL_ANOMALIES
Q10.0,Congenital ptosis,CONGENITAL_ANOMALIES
Q10.1,Congenital ectropion,CONGENITAL_ANOMALIES
Q10.2,Congenital entropion,CONGENITAL_ANOMALIES
Q10.3,Other congenital malformations of eyelid,CONGENITAL_ANOMALIES
Q10.4,Absence and agenesis of lacrimal apparatus,CONGENITAL_ANOMALIES
Q10.5,Congenital stenosis and stricture of lacrimal duct,CONGENITAL_ANOMALIES
Q10.6,Other congenital malformations of lacrimal apparatus,CONGENITAL_ANOMALIES
Q10.7,Congenital malformation of orbit,CONGENITAL_ANOMALIES
Q11.0,Cystic eyeball,CONGENITAL_ANOMALIES
Q11.1,Other anophthalmos,CONGENITAL_ANOMALIES
Q11.2,Microphthalmos,CONGENITAL_ANOMALIES
Q11.3,Macrophthalmos,CONGENITAL_ANOMALIES
Q12.0,Congenital cataract,CONGENITAL_ANOMALIES
Q12.1,Congenital displaced lens,CONGENITAL_ANOMALIES
Q12.2,Coloboma of lens,CONGENITAL_ANOMALIES
Q12.3,Congenital aphakia,CONGENITAL_ANOMALIES
Q12.4,Spherophakia,CONGENITAL_ANOMALIES
Q12.8,Other congenital lens malformations,CONGENITAL_ANOMALIES
Q12.9,"Congenital lens malformation, unspecified",CONGENITAL_ANOMALIES
Q13.,Congenital malformations of anterior segment of eye,CONGENITAL_ANOMALIES
Q13.0,Coloboma of iris,CONGENITAL_ANOMALIES
Q13.1,Absence of iris,CONGENITAL_ANOMALIES
Q13.2,Other congenital malformations of iris,CONGENITAL_ANOMALIES
Q13.3,Congenital corneal opacity,CONGENITAL_ANOMALIES
Q13.4,Other and unspecified congenital corneal malformations,CONGENITAL_ANOMALIES
Q13.5,Blue sclera,CONGENITAL_ANOMALIES
Q13.8,Other congenital malformations of anterior segment of eye,CONGENITAL_ANOMALIES
Q13.9,"Congenital malformation of anterior segment of eye, unspecified",CONGENITAL_ANOMALIES
Q14.,Congenital malformations of posterior segment of eye,CONGENITAL_ANOMALIES
Q14.0,Congenital malformation of vitreous humour,CONGENITAL_ANOMALIES
Q14.1,Congenital malformation of retina,CONGENITAL_ANOMALIES
Q14.2,Congenital malformation of optic disc,CONGENITAL_ANOMALIES
Q14.3,Congenital malformation of choroid,CONGENITAL_ANOMALIES
Q14.8,Other congenital malformations of posterior segment of eye,CONGENITAL_ANOMALIES
Q14.9,"Congenital malformation of posterior segment of eye, unspecified",CONGENITAL_ANOMALIES
Q15.0,Congenital glaucoma,CONGENITAL_ANOMALIES
Q15.8,Other specified congenital malformations of eye,CONGENITAL_ANOMALIES
Q15.9,"Congenital malformation of eye, unspecified",CONGENITAL_ANOMALIES
Q16.,Congenital malformations of ear causing impairment of hearing,CONGENITAL_ANOMALIES
Q16.0,Congenital absence of (ear) auricle,CONGENITAL_ANOMALIES
Q16.1,"Congenital absence, atresia and stricture of auditory canal (external)",CONGENITAL_ANOMALIES
Q16.2,Absence of eustachian tube,CONGENITAL_ANOMALIES
Q16.3,Congenital malformation of ear ossicles,CONGENITAL_ANOMALIES
Q16.4,Other congenital malformations of middle ear,CONGENITAL_ANOMALIES
Q16.5,Congenital malformation of inner ear,CONGENITAL_ANOMALIES
Q16.9,"Congenital malformation of ear causing impairment of hearing, unspecified",CONGENITAL_ANOMALIES
Q17.0,Accessory auricle and ear tag,CONGENITAL_ANOMALIES
Q17.1,Macrotia,CONGENITAL_ANOMALIES
Q17.2,Microtia,CONGENITAL_ANOMALIES
Q17.3,Other misshapen ear,CONGENITAL_ANOMALIES
Q17.4,Misplaced ear,CONGENITAL_ANOMALIES
Q17.5,Prominent ear,CONGENITAL_ANOMALIES
Q17.8,Other specified congenital malformations of ear,CONGENITAL_ANOMALIES
Q17.9,"Congenital malformation of ear, unspecified",CONGENITAL_ANOMALIES
Q18.0,"Sinus, fistula and cyst of branchial cleft",CONGENITAL_ANOMALIES
Q18.1,Preauricular sinus and cyst,CONGENITAL_ANOMALIES
Q18.2,Other branchial cleft malformations,CONGENITAL_ANOMALIES
Q18.3,Webbing of neck,CONGENITAL_ANOMALIES
Q18.4,Macrostomia,CONGENITAL_ANOMALIES
Q18.5,Microstomia,CONGENITAL_ANOMALIES
Q18.6,Macrocheilia,CONGENITAL_ANOMALIES
Q18.7,Microcheilia,CONGENITAL_ANOMALIES
Q18.8,Other specified congenital malformations of face and neck,CONGENITAL_ANOMALIES
Q18.9,"Congenital malformation of face and neck, unspecified",CONGENITAL_ANOMALIES
Q20.,Congenital malformations of cardiac chambers and connections,CONGENITAL_ANOMALIES
Q20.0,Common arterial trunk,CONGENITAL_ANOMALIES
Q20.1,Double outlet right ventricle,CONGENITAL_ANOMALIES
Q20.2,Double outlet left ventricle,CONGENITAL_ANOMALIES
Q20.3,Discordant ventriculoarterial connection,CONGENITAL_ANOMALIES
Q20.4,Double inlet ventricle,CONGENITAL_ANOMALIES
Q20.5,Discordant atrioventricular connection,CONGENITAL_ANOMALIES
Q20.6,Isomerism of atrial appendages,CONGENITAL_ANOMALIES
Q20.8,Other congenital malformations of cardiac chambers and connections,CONGENITAL_ANOMALIES
Q20.9,"Congenital malformation of cardiac chambers and connections, unspecified",CONGENITAL_ANOMALIES
Q21.0,Ventricular septal defect,CONGENITAL_ANOMALIES
Q21.00,"Ventricular septal defect, unspecified",CONGENITAL_ANOMALIES
Q21.01,Muscular ventricular septal defect,CONGENITAL_ANOMALIES
Q21.02,Perimembranous ventricular septal defect,CONGENITAL_ANOMALIES
Q21.09,Other specified ventricular septal defect,CONGENITAL_ANOMALIES
Q21.1,Atrial septal defect,CONGENITAL_ANOMALIES
Q21.10,"Atrial septal defect, unspecified",CONGENITAL_ANOMALIES
Q21.11,Patent or persistent foramen ovale,CONGENITAL_ANOMALIES
Q21.12,Sinus venosus defect,CONGENITAL_ANOMALIES
Q21.19,Other specified atrial septal defect,CONGENITAL_ANOMALIES
Q21.2,Atrioventricular septal defect,CONGENITAL_ANOMALIES
Q21.3,Tetralogy of Fallot,CONGENITAL_ANOMALIES
Q21.4,Aortopulmonary septal defect,CONGENITAL_ANOMALIES
Q21.8,Other congenital malformations of cardiac septa,CONGENITAL_ANOMALIES
Q21.9,"Congenital malformation of cardiac septum, unspecified",CONGENITAL_ANOMALIES
Q22.,Congenital malformations of pulmonary and tricuspid valves,CONGENITAL_ANOMALIES
Q22.0,Pulmonary valve atresia,CONGENITAL_ANOMALIES
Q22.1,Congenital pulmonary valve stenosis,CONGENITAL_ANOMALIES
Q22.2,Congenital pulmonary valve insufficiency,CONGENITAL_ANOMALIES
Q22.3,Other and unspecified congenital malformations of pulmonary valve,CONGENITAL_ANOMALIES
Q22.4,Congenital tricuspid stenosis and atresia,CONGENITAL_ANOMALIES
Q22.41,Congenital tricuspid stenosis,CONGENITAL_ANOMALIES
Q22.42,Congenital tricuspid atresia,CONGENITAL_ANOMALIES
Q22.5,Ebstein's anomaly,CONGENITAL_ANOMALIES
Q22.6,Hypoplastic right heart syndrome,CONGENITAL_ANOMALIES
Q22.8,Other congenital malformations of tricuspid valve,CONGENITAL_ANOMALIES
Q22.9,"Congenital malformation of tricuspid valve, unspecified",CONGENITAL_ANOMALIES
Q23.,Congenital malformations of aortic and mitral valves,CONGENITAL_ANOMALIES
Q23.0,Congenital stenosis and atresia of aortic valve,CONGENITAL_ANOMALIES
Q23.01,Congenital stenosis of aortic valve,CONGENITAL_ANOMALIES
Q23.02,Congenital atresia of aortic valve,CONGENITAL_ANOMALIES
Q23.1,Congenital insufficiency of aortic valve,CONGENITAL_ANOMALIES
Q23.2,Congenital mitral stenosis and atresia,CONGENITAL_ANOMALIES
Q23.21,Congenital mitral stenosis,CONGENITAL_ANOMALIES
Q23.22,Congenital mitral atresia,CONGENITAL_ANOMALIES
Q23.3,Congenital mitral insufficiency,CONGENITAL_ANOMALIES
Q23.4,Hypoplastic left heart syndrome,CONGENITAL_ANOMALIES
Q23.8,Other congenital malformations of aortic and mitral valves,CONGENITAL_ANOMALIES
Q23.9,"Congenital malformation of aortic and mitral valves, unspecified",CONGENITAL_ANOMALIES
Q24.0,Dextrocardia,CONGENITAL_ANOMALIES
Q24.1,Laevocardia,CONGENITAL_ANOMALIES
Q24.2,Cor triatriatum,CONGENITAL_ANOMALIES
Q24.3,Pulmonary infundibular stenosis,CONGENITAL_ANOMALIES
Q24.4,Congenital subaortic stenosis,CONGENITAL_ANOMALIES
Q24.5,Malformation of coronary vessels,CONGENITAL_ANOMALIES
Q24.6,Congenital heart block,CONGENITAL_ANOMALIES
Q24.8,Other specified congenital malformations of heart,CONGENITAL_ANOMALIES
Q24.9,"Congenital malformation of heart, unspecified",CONGENITAL_ANOMALIES
Q25.0,Patent ductus arteriosus,CONGENITAL_ANOMALIES
Q25.1,Coarctation of aorta,CONGENITAL_ANOMALIES
Q25.2,Atresia of aorta,CONGENITAL_ANOMALIES
Q25.3,Stenosis of aorta,CONGENITAL_ANOMALIES
Q25.4,Other and unspecified congenital malformations of aorta,CONGENITAL_ANOMALIES
Q25.5,Atresia of pulmonary artery,CONGENITAL_ANOMALIES
Q25.6,Stenosis of pulmonary artery,CONGENITAL_ANOMALIES
Q25.7,Other and unspecified congenital malformations of pulmonary artery,CONGENITAL_ANOMALIES
Q25.8,Other congenital malformations of great arteries,CONGENITAL_ANOMALIES
Q25.9,"Congenital malformation of great arteries, unspecified",CONGENITAL_ANOMALIES
Q26.0,Congenital stenosis of vena cava,CONGENITAL_ANOMALIES
Q26.1,Persistent left superior vena cava,CONGENITAL_ANOMALIES
Q26.2,Total anomalous pulmonary venous connection,CONGENITAL_ANOMALIES
Q26.3,Partial anomalous pulmonary venous connection,CONGENITAL_ANOMALIES
Q26.4,"Anomalous pulmonary venous connection, unspecified",CONGENITAL_ANOMALIES
Q26.5,Anomalous portal venous connection,CONGENITAL_ANOMALIES
Q26.6,Portal vein-hepatic artery fistula,CONGENITAL_ANOMALIES
Q26.8,Other congenital malformations of great veins,CONGENITAL_ANOMALIES
Q26.9,"Congenital malformation of great vein, unspecified",CONGENITAL_ANOMALIES
Q27.,Other congenital malformations of peripheral vascular system,CONGENITAL_ANOMALIES
Q27.0,Congenital absence and hypoplasia of umbilical artery,CONGENITAL_ANOMALIES
Q27.1,Congenital renal artery stenosis,CONGENITAL_ANOMALIES
Q27.2,Other and unspecified congenital malformations of renal artery,CONGENITAL_ANOMALIES
Q27.3,Peripheral arteriovenous malformation,CONGENITAL_ANOMALIES
Q27.4,Congenital phlebectasia,CONGENITAL_ANOMALIES
Q27.8,Other specified congenital malformations of peripheral vascular system,CONGENITAL_ANOMALIES
Q27.9,"Congenital malformation of peripheral vascular system, unspecified",CONGENITAL_ANOMALIES
Q28.,Other congenital malformations of circulatory system,CONGENITAL_ANOMALIES
Q28.0,Arteriovenous malformation of precerebral vessels,CONGENITAL_ANOMALIES
Q28.1,Other malformations of precerebral vessels,CONGENITAL_ANOMALIES
Q28.2,Arteriovenous malformation of cerebral vessels,CONGENITAL_ANOMALIES
Q28.3,Other and unspecified congenital malformations of cerebral vessels,CONGENITAL_ANOMALIES
Q28.8,Other specified congenital malformations of circulatory system,CONGENITAL_ANOMALIES
Q28.9,"Congenital malformation of circulatory system, unspecified",CONGENITAL_ANOMALIES
Q30.0,Choanal atresia and stenosis,CONGENITAL_ANOMALIES
Q30.1,Agenesis and underdevelopment of nose,CONGENITAL_ANOMALIES
Q30.2,"Fissured, notched and cleft nose",CONGENITAL_ANOMALIES
Q30.3,Congenital perforated nasal septum,CONGENITAL_ANOMALIES
Q30.8,Other congenital malformations of nose,CONGENITAL_ANOMALIES
Q30.9,"Congenital malformation of nose, unspecified",CONGENITAL_ANOMALIES
Q31.0,Web of larynx,CONGENITAL_ANOMALIES
Q31.1,Congenital subglottic stenosis,CONGENITAL_ANOMALIES
Q31.2,Laryngeal hypoplasia,CONGENITAL_ANOMALIES
Q31.3,Laryngocele,CONGENITAL_ANOMALIES
Q31.4,Congenital laryngeal stridor,CONGENITAL_ANOMALIES
Q31.5,Congenital laryngomalacia,CONGENITAL_ANOMALIES
Q31.8,Other congenital malformations of larynx,CONGENITAL_ANOMALIES
Q31.9,"Congenital malformation of larynx, unspecified",CONGENITAL_ANOMALIES
Q32.,Congenital malformations of trachea and bronchus,CONGENITAL_ANOMALIES
Q32.0,Congenital tracheomalacia,CONGENITAL_ANOMALIES
Q32.1,Other congenital malformations of trachea,CONGENITAL_ANOMALIES
Q32.2,Congenital bronchomalacia,CONGENITAL_ANOMALIES
Q32.3,Congenital stenosis of bronchus,CONGENITAL_ANOMALIES
Q32.4,Other congenital malformations of bronchus,CONGENITAL_ANOMALIES
Q33.0,Congenital cystic lung,CONGENITAL_ANOMALIES
Q33.1,Accessory lobe of lung,CONGENITAL_ANOMALIES
Q33.2,Sequestration of lung,CONGENITAL_ANOMALIES
Q33.3,Agenesis of lung,CONGENITAL_ANOMALIES
Q33.4,Congenital bronchiectasis,CONGENITAL_ANOMALIES
Q33.5,Ectopic tissue in lung,CONGENITAL_ANOMALIES
Q33.6,Hypoplasia and dysplasia of lung,CONGENITAL_ANOMALIES
Q33.8,Other congenital malformations of lung,CONGENITAL_ANOMALIES
Q33.9,"Congenital malformation of lung, unspecified",CONGENITAL_ANOMALIES
Q34.,Other congenital malformations of respiratory system,CONGENITAL_ANOMALIES
Q34.0,Anomaly of pleura,CONGENITAL_ANOMALIES
Q34.1,Congenital cyst of mediastinum,CONGENITAL_ANOMALIES
Q34.8,Other specified congenital malformations of respiratory system,CONGENITAL_ANOMALIES
Q34.9,"Congenital malformation of respiratory system, unspecified",CONGENITAL_ANOMALIES
Q35.0,"Cleft hard palate, bilateral",CONGENITAL_ANOMALIES
Q35.1,Cleft hard palate,CONGENITAL_ANOMALIES
Q35.2,"Cleft soft palate, bilateral",CONGENITAL_ANOMALIES
Q35.3,Cleft soft palate,CONGENITAL_ANOMALIES
Q35.4,"Cleft hard palate with cleft soft palate, bilateral",CONGENITAL_ANOMALIES
Q35.5,Cleft hard palate with cleft soft palate,CONGENITAL_ANOMALIES
Q35.6,"Cleft palate, medial",CONGENITAL_ANOMALIES
Q35.7,Cleft uvula,CONGENITAL_ANOMALIES
Q35.8,"Cleft palate, unspecified, bilateral",CONGENITAL_ANOMALIES
Q35.9,"Cleft palate, unspecified",CONGENITAL_ANOMALIES
Q36.0,"Cleft lip, bilateral",CONGENITAL_ANOMALIES
Q36.1,"Cleft lip, median",CONGENITAL_ANOMALIES
Q36.9,"Cleft lip, unilateral",CONGENITAL_ANOMALIES
Q37.0,Cleft hard palate with bilateral cleft lip,CONGENITAL_ANOMALIES
Q37.1,Cleft hard palate with unilateral cleft lip,CONGENITAL_ANOMALIES
Q37.2,Cleft soft palate with bilateral cleft lip,CONGENITAL_ANOMALIES
Q37.3,Cleft soft palate with unilateral cleft lip,CONGENITAL_ANOMALIES
Q37.4,Cleft hard and soft palate with bilateral cleft lip,CONGENITAL_ANOMALIES
Q37.5,Cleft hard and soft palate with unilateral cleft lip,CONGENITAL_ANOMALIES
Q37.8,Unspecified cleft palate with bilateral cleft lip,CONGENITAL_ANOMALIES
Q37.9,Unspecified cleft palate with unilateral cleft lip,CONGENITAL_ANOMALIES
Q38.,"Other congenital malformations of tongue, mouth and pharynx",CONGENITAL_ANOMALIES
Q38.0,Congenital malformations of lips,CONGENITAL_ANOMALIES
Q38.1,Ankyloglossia,CONGENITAL_ANOMALIES
Q38.2,Macroglossia,CONGENITAL_ANOMALIES
Q38.3,Other and unspecified congenital malformations of tongue,CONGENITAL_ANOMALIES
Q38.4,Congenital malformations of salivary glands and ducts,CONGENITAL_ANOMALIES
Q38.5,"Congenital malformations of palate, not elsewhere classified",CONGENITAL_ANOMALIES
Q38.6,Other and unspecified congenital malformations of mouth,CONGENITAL_ANOMALIES
Q38.7,Pharyngeal pouch,CONGENITAL_ANOMALIES
Q38.8,Other and unspecified congenital malformations of pharynx,CONGENITAL_ANOMALIES
Q39.0,Atresia of oesophagus without fistula,CONGENITAL_ANOMALIES
Q39.1,Atresia of oesophagus with oesophageal fistula,CONGENITAL_ANOMALIES
Q39.11,Atresia of oesophagus with fistula between trachea and upper oesophageal pouch,CONGENITAL_ANOMALIES
Q39.12,Atresia of oesophagus with fistula between trachea and lower oesophageal pouch,CONGENITAL_ANOMALIES
Q39.19,Atresia of oesophagus with tracheo-oesophageal fistula,CONGENITAL_ANOMALIES
Q39.2,Congenital oesophageal fistula without atresia,CONGENITAL_ANOMALIES
Q39.21,Congenital tracheo-oesophageal fistula without atresia,CONGENITAL_ANOMALIES
Q39.22,Congenital broncho-oesophageal fistula without atresia,CONGENITAL_ANOMALIES
Q39.3,Congenital stenosis and stricture of oesophagus,CONGENITAL_ANOMALIES
Q39.4,Congenital oesophageal web,CONGENITAL_ANOMALIES
Q39.5,Congenital dilatation of oesophagus,CONGENITAL_ANOMALIES
Q39.6,Diverticulum of oesophagus,CONGENITAL_ANOMALIES
Q39.8,Other congenital malformations of oesophagus,CONGENITAL_ANOMALIES
Q39.81,Congenital duplication of oesophagus,CONGENITAL_ANOMALIES
Q39.82,Oesophageal dysmotility,CONGENITAL_ANOMALIES
Q39.89,Other congenital malformations of oesophagus,CONGENITAL_ANOMALIES
Q39.9,"Congenital malformation of oesophagus, unspecified",CONGENITAL_ANOMALIES
Q40.,Other congenital malformations of upper alimentary tract,CONGENITAL_ANOMALIES
Q40.0,Congenital hypertrophic pyloric stenosis,CONGENITAL_ANOMALIES
Q40.1,Congenital hiatus hernia,CONGENITAL_ANOMALIES
Q40.2,Other specified congenital malformations of stomach,CONGENITAL_ANOMALIES
Q40.3,"Congenital malformation of stomach, unspecified",CONGENITAL_ANOMALIES
Q40.8,Other specified congenital malformations of upper alimentary tract,CONGENITAL_ANOMALIES
Q40.9,"Congenital malformation of upper alimentary tract, unspecified",CONGENITAL_ANOMALIES
Q41.,"Congenital absence, atresia and stenosis of small intestine",CONGENITAL_ANOMALIES
Q41.0,"Congenital absence, atresia and stenosis of duodenum",CONGENITAL_ANOMALIES
Q41.1,"Congenital absence, atresia and stenosis of jejunum",CONGENITAL_ANOMALIES
Q41.2,"Congenital absence, atresia and stenosis of ileum",CONGENITAL_ANOMALIES
Q41.8,"Congenital absence, atresia and stenosis of other specified parts of small intestine",CONGENITAL_ANOMALIES
Q41.9,"Congenital absence, atresia and stenosis of small intestine, part unspecified",CONGENITAL_ANOMALIES
Q42.,"Congenital absence, atresia and stenosis of large intestine",CONGENITAL_ANOMALIES
Q42.0,"Congenital absence, atresia and stenosis of rectum with fistula",CONGENITAL_ANOMALIES
Q42.00,"Congenital absence, atresia and stenosis of rectum with unspecified fistula",CONGENITAL_ANOMALIES
Q42.01,"Congenital absence, atresia and stenosis of rectum with rectourethral fistula",CONGENITAL_ANOMALIES
Q42.02,"Congenital absence, atresia and stenosis of rectum with rectovesical fistula",CONGENITAL_ANOMALIES
Q42.03,"Congenital absence, atresia and stenosis of rectum with rectovulval fistula",CONGENITAL_ANOMALIES
Q42.04,"Congenital absence, atresia and stenosis of rectum with rectocutaneous fistula",CONGENITAL_ANOMALIES
Q42.05,"Congenital absence, atresia and stenosis of rectum with rectocloacal fistula",CONGENITAL_ANOMALIES
Q42.09,"Congenital absence, atresia and stenosis of rectum with other fistula",CONGENITAL_ANOMALIES
Q42.1,"Congenital absence, atresia and stenosis of rectum without fistula",CONGENITAL_ANOMALIES
Q42.2,"Congenital absence, atresia and stenosis of anus with fistula",CONGENITAL_ANOMALIES
Q42.20,"Congenital absence, atresia and stenosis of anus with unspecified fistula",CONGENITAL_ANOMALIES
Q42.21,"Congenital absence, atresia and stenosis of anus with anocutaneous fistula",CONGENITAL_ANOMALIES
Q42.22,"Congenital absence, atresia and stenosis of anus with anovestibular fistula",CONGENITAL_ANOMALIES
Q42.29,"Congenital absence, atresia and stenosis of anus with other fistula",CONGENITAL_ANOMALIES
Q42.3,"Congenital absence, atresia and stenosis of anus without fistula",CONGENITAL_ANOMALIES
Q42.8,"Congenital absence, atresia and stenosis of other parts of large intestine",CONGENITAL_ANOMALIES
Q42.9,"Congenital absence, atresia and stenosis of large intestine, part unspecified",CONGENITAL_ANOMALIES
Q43.0,Meckel's diverticulum,CONGENITAL_ANOMALIES
Q43.1,Hirschsprung's disease,CONGENITAL_ANOMALIES
Q43.10,"Hirschsprung's disease, unspecified",CONGENITAL_ANOMALIES
Q43.11,Short segment Hirschsprung's disease,CONGENITAL_ANOMALIES
Q43.12,Long segment Hirschsprung's disease,CONGENITAL_ANOMALIES
Q43.19,Other Hirschsprung's disease,CONGENITAL_ANOMALIES
Q43.2,Other congenital functional disorders of colon,CONGENITAL_ANOMALIES
Q43.3,Congenital malformations of intestinal fixation,CONGENITAL_ANOMALIES
Q43.31,Malrotation of colon,CONGENITAL_ANOMALIES
Q43.32,Congenital intra-abdominal adhesions (bands),CONGENITAL_ANOMALIES
Q43.39,Other congenital malformations of intestinal fixation,CONGENITAL_ANOMALIES
Q43.4,Duplication of intestine,CONGENITAL_ANOMALIES
Q43.5,Ectopic anus,CONGENITAL_ANOMALIES
Q43.6,Congenital fistula of rectum and anus,CONGENITAL_ANOMALIES
Q43.7,Persistent cloaca,CONGENITAL_ANOMALIES
Q43.8,Other specified congenital malformations of intestine,CONGENITAL_ANOMALIES
Q43.9,"Congenital malformation of intestine, unspecified",CONGENITAL_ANOMALIES
Q44.,"Congenital malformations of gallbladder, bile ducts and liver",CONGENITAL_ANOMALIES
Q44.0,"Agenesis, aplasia and hypoplasia of gallbladder",CONGENITAL_ANOMALIES
Q44.1,Other congenital malformations of gallbladder,CONGENITAL_ANOMALIES
Q44.2,Atresia of bile ducts,CONGENITAL_ANOMALIES
Q44.3,Congenital stenosis and stricture of bile ducts,CONGENITAL_ANOMALIES
Q44.4,Choledochal cyst,CONGENITAL_ANOMALIES
Q44.5,Other congenital malformations of bile ducts,CONGENITAL_ANOMALIES
Q44.6,Cystic disease of liver,CONGENITAL_ANOMALIES
Q44.7,Other congenital malformations of liver,CONGENITAL_ANOMALIES
Q44.71,Alagille syndrome,CONGENITAL_ANOMALIES
Q44.79,Other congenital malformations of liver,CONGENITAL_ANOMALIES
Q45.,Other congenital malformations of digestive system,CONGENITAL_ANOMALIES
Q45.0,"Agenesis, aplasia and hypoplasia of pancreas",CONGENITAL_ANOMALIES
Q45.1,Annular pancreas,CONGENITAL_ANOMALIES
Q45.2,Congenital pancreatic cyst,CONGENITAL_ANOMALIES
Q45.3,Other and unspecified congenital malformations of pancreas and pancreatic duct,CONGENITAL_ANOMALIES
Q45.31,Ectopic pancreas,CONGENITAL_ANOMALIES
Q45.39,Other congenital malformations of pancreas and pancreatic duct,CONGENITAL_ANOMALIES
Q45.8,Other specified congenital malformations of digestive system,CONGENITAL_ANOMALIES
Q45.81,"Absence (complete) (partial) of alimentary tract, not elsewhere classified",CONGENITAL_ANOMALIES
Q45.82,"Duplication of digestive organs, not elsewhere classified",CONGENITAL_ANOMALIES
Q45.83,"Congenital malposition of digestive organs, not elsewhere classified",CONGENITAL_ANOMALIES
Q45.84,"Congenital mesenteric cyst, not elsewhere classified",CONGENITAL_ANOMALIES
Q45.89,Other specified congenital malformations of digestive system,CONGENITAL_ANOMALIES
Q45.9,"Congenital malformation of digestive system, unspecified",CONGENITAL_ANOMALIES
Q50.0,Congenital absence of ovary,CONGENITAL_ANOMALIES
Q50.00,"Congenital absence of ovary, unspecified",CONGENITAL_ANOMALIES
Q50.01,"Congenital absence of ovary, unilateral",CONGENITAL_ANOMALIES
Q50.02,"Congenital absence of ovary, bilateral",CONGENITAL_ANOMALIES
Q50.1,Developmental ovarian cyst,CONGENITAL_ANOMALIES
Q50.10,"Developmental ovarian cyst, unspecified",CONGENITAL_ANOMALIES
Q50.11,"Developmental ovarian cyst, single",CONGENITAL_ANOMALIES
Q50.12,"Developmental ovarian cyst, multiple",CONGENITAL_ANOMALIES
Q50.2,Congenital torsion of ovary,CONGENITAL_ANOMALIES
Q50.3,Other and unspecified congenital malformations of ovary,CONGENITAL_ANOMALIES
Q50.31,Ovarian streak,CONGENITAL_ANOMALIES
Q50.39,Other congenital malformations of ovary,CONGENITAL_ANOMALIES
Q50.4,Embryonic cyst of fallopian tube,CONGENITAL_ANOMALIES
Q50.5,Embryonic cyst of broad ligament,CONGENITAL_ANOMALIES
Q50.6,Other and unspecified congenital malformations of fallopian tube and broad ligament,CONGENITAL_ANOMALIES
Q50.61,Absence of fallopian tube and broad ligament,CONGENITAL_ANOMALIES
Q50.69,Other congenital malformations of fallopian tube and broad ligament,CONGENITAL_ANOMALIES
Q51.0,Agenesis and aplasia of uterus,CONGENITAL_ANOMALIES
Q51.1,Doubling of uterus with doubling of cervix and vagina,CONGENITAL_ANOMALIES
Q51.2,Other doubling of uterus,CONGENITAL_ANOMALIES
Q51.3,Bicornuate uterus,CONGENITAL_ANOMALIES
Q51.4,Unicornuate uterus,CONGENITAL_ANOMALIES
Q51.5,Agenesis and aplasia of cervix,CONGENITAL_ANOMALIES
Q51.6,Embryonic cyst of cervix,CONGENITAL_ANOMALIES
Q51.7,Congenital fistulae between uterus and digestive and urinary tracts,CONGENITAL_ANOMALIES
Q51.8,Other congenital malformations of uterus and cervix,CONGENITAL_ANOMALIES
Q51.9,"Congenital malformation of uterus and cervix, unspecified",CONGENITAL_ANOMALIES
Q52.,Other congenital malformations of female genitalia,CONGENITAL_ANOMALIES
Q52.0,Congenital absence of vagina,CONGENITAL_ANOMALIES
Q52.1,Doubling of vagina,CONGENITAL_ANOMALIES
Q52.2,Congenital rectovaginal fistula,CONGENITAL_ANOMALIES
Q52.3,Imperforate hymen,CONGENITAL_ANOMALIES
Q52.4,Other and unspecified congenital malformations of vagina,CONGENITAL_ANOMALIES
Q52.5,Fusion of labia,CONGENITAL_ANOMALIES
Q52.6,Other and unspecified congenital malformations of clitoris,CONGENITAL_ANOMALIES
Q52.7,Other and unspecified congenital malformations of vulva,CONGENITAL_ANOMALIES
Q52.8,Other specified congenital malformations of female genitalia,CONGENITAL_ANOMALIES
Q52.9,"Congenital malformation of female genitalia, unspecified",CONGENITAL_ANOMALIES
Q53.0,Ectopic testis,CONGENITAL_ANOMALIES
Q53.00,"Ectopic testis, unspecified site",CONGENITAL_ANOMALIES
Q53.01,"Ectopic testis, canalicular",CONGENITAL_ANOMALIES
Q53.02,"Ectopic testis, inguinal",CONGENITAL_ANOMALIES
Q53.03,"Ectopic testis, intra-abdominal",CONGENITAL_ANOMALIES
Q53.09,"Ectopic testis, other specified site",CONGENITAL_ANOMALIES
Q53.1,"Undescended testicle, unilateral",CONGENITAL_ANOMALIES
Q53.10,"Undescended testicle, unilateral, unspecified site",CONGENITAL_ANOMALIES
Q53.11,"Undescended testicle, unilateral, canalicular",CONGENITAL_ANOMALIES
Q53.12,"Undescended testicle, unilateral, inguinal",CONGENITAL_ANOMALIES
Q53.13,"Undescended testicle, unilateral, intra-abdominal",CONGENITAL_ANOMALIES
Q53.19,"Undescended testicle, unilateral, other specified site",CONGENITAL_ANOMALIES
Q53.2,"Undescended testicle, bilateral",CONGENITAL_ANOMALIES
Q53.20,"Undescended testicle, bilateral, unspecified site",CONGENITAL_ANOMALIES
Q53.21,"Undescended testicle, bilateral, canalicular",CONGENITAL_ANOMALIES
Q53.22,"Undescended testicle, bilateral, inguinal",CONGENITAL_ANOMALIES
Q53.23,"Undescended testicle, bilateral, intra-abdominal",CONGENITAL_ANOMALIES
Q53.29,"Undescended testicle, bilateral, other specified site",CONGENITAL_ANOMALIES
Q53.9,"Undescended testicle, unspecified laterality",CONGENITAL_ANOMALIES
Q53.90,"Undescended testicle, unspecified laterality, unspecified site",CONGENITAL_ANOMALIES
Q53.91,"Undescended testicle, unspecified laterality, canalicular",CONGENITAL_ANOMALIES
Q53.92,"Undescended testicle, unspecified laterality, inguinal",CONGENITAL_ANOMALIES
Q53.93,"Undescended testicle, unspecified laterality, intra-abdominal",CONGENITAL_ANOMALIES
Q53.99,"Undescended testicle, unspecified laterality, other specified site",CONGENITAL_ANOMALIES
Q54.0,"Hypospadias, balanic",CONGENITAL_ANOMALIES
Q54.1,"Hypospadias, penile",CONGENITAL_ANOMALIES
Q54.2,"Hypospadias, penoscrotal",CONGENITAL_ANOMALIES
Q54.3,"Hypospadias, perineal",CONGENITAL_ANOMALIES
Q54.4,Congenital chordee,CONGENITAL_ANOMALIES
Q54.8,Other hypospadias,CONGENITAL_ANOMALIES
Q54.9,"Hypospadias, unspecified",CONGENITAL_ANOMALIES
Q55.,Other congenital malformations of male genital organs,CONGENITAL_ANOMALIES
Q55.0,Absence and aplasia of testis,CONGENITAL_ANOMALIES
Q55.00,"Absence and aplasia of testis, unspecified",CONGENITAL_ANOMALIES
Q55.01,"Absence and aplasia of testis, unilateral",CONGENITAL_ANOMALIES
Q55.02,"Absence and aplasia of testis, bilateral",CONGENITAL_ANOMALIES
Q55.1,Hypoplasia of testis and scrotum,CONGENITAL_ANOMALIES
Q55.2,Other and unspecified congenital malformations of testis and scrotum,CONGENITAL_ANOMALIES
Q55.21,Retractile testis,CONGENITAL_ANOMALIES
Q55.22,Bifid scrotum,CONGENITAL_ANOMALIES
Q55.29,Other congenital malformations of testis or scrotum,CONGENITAL_ANOMALIES
Q55.3,Atresia of vas deferens,CONGENITAL_ANOMALIES
Q55.4,"Other and unspecified congenital malformations of vas deferens, epididymis, seminal vesicles and prostate",CONGENITAL_ANOMALIES
Q55.5,Congenital absence and aplasia of penis,CONGENITAL_ANOMALIES
Q55.6,Other and unspecified congenital malformations of penis,CONGENITAL_ANOMALIES
Q55.8,Other specified congenital malformations of male genital organs,CONGENITAL_ANOMALIES
Q55.9,"Congenital malformation of male genital organ, unspecified",CONGENITAL_ANOMALIES
Q56.0,"Hermaphroditism, not elsewhere classified",CONGENITAL_ANOMALIES
Q56.1,"Male pseudohermaphroditism, not elsewhere classified",CONGENITAL_ANOMALIES
Q56.2,"Female pseudohermaphroditism, not elsewhere classified",CONGENITAL_ANOMALIES
Q56.3,"Pseudohermaphroditism, unspecified",CONGENITAL_ANOMALIES
Q56.4,Indeterminate sex and ambiguous genitalia,CONGENITAL_ANOMALIES
Q60.0,"Renal agenesis, unilateral",CONGENITAL_ANOMALIES
Q60.1,"Renal agenesis, bilateral",CONGENITAL_ANOMALIES
Q60.2,"Renal agenesis, unspecified",CONGENITAL_ANOMALIES
Q60.3,"Renal hypoplasia, unilateral",CONGENITAL_ANOMALIES
Q60.4,"Renal hypoplasia, bilateral",CONGENITAL_ANOMALIES
Q60.5,"Renal hypoplasia, unspecified",CONGENITAL_ANOMALIES
Q60.6,Potter's syndrome,CONGENITAL_ANOMALIES
Q61.0,Congenital single renal cyst,CONGENITAL_ANOMALIES
Q61.1,"Polycystic kidney, autosomal recessive",CONGENITAL_ANOMALIES
Q61.2,"Polycystic kidney, autosomal dominant",CONGENITAL_ANOMALIES
Q61.3,"Polycystic kidney, unspecified",CONGENITAL_ANOMALIES
Q61.4,Renal dysplasia,CONGENITAL_ANOMALIES
Q61.40,"Renal dysplasia, unspecified",CONGENITAL_ANOMALIES
Q61.41,"Cystic renal dysplasia, unilateral",CONGENITAL_ANOMALIES
Q61.42,"Cystic renal dysplasia, bilateral",CONGENITAL_ANOMALIES
Q61.5,Medullary cystic kidney,CONGENITAL_ANOMALIES
Q61.50,"Medullary cystic kidney, unspecified",CONGENITAL_ANOMALIES
Q61.51,Juvenile medullary cystic kidney,CONGENITAL_ANOMALIES
Q61.52,Adult type medullary cystic kidney,CONGENITAL_ANOMALIES
Q61.8,Other cystic kidney diseases,CONGENITAL_ANOMALIES
Q61.9,"Cystic kidney disease, unspecified",CONGENITAL_ANOMALIES
Q62.,Congenital obstructive defects of renal pelvis and congenital malformations of ureter,CONGENITAL_ANOMALIES
Q62.0,Congenital hydronephrosis,CONGENITAL_ANOMALIES
Q62.1,Atresia and stenosis of ureter,CONGENITAL_ANOMALIES
Q62.11,"Atresia and stenosis of ureteropelvic junction, unilateral",CONGENITAL_ANOMALIES
Q62.12,"Atresia and stenosis of ureteropelvic junction, bilateral",CONGENITAL_ANOMALIES
Q62.13,"Atresia and stenosis of ureterovesical junction, unilateral",CONGENITAL_ANOMALIES
Q62.14,"Atresia and stenosis of ureterovesical junction, bilateral",CONGENITAL_ANOMALIES
Q62.18,"Atresia and stenosis of other and unspecified site of ureter, unilateral",CONGENITAL_ANOMALIES
Q62.19,"Stenosis of ureter, bilateral",CONGENITAL_ANOMALIES
Q62.2,Congenital megaloureter,CONGENITAL_ANOMALIES
Q62.3,Other and unspecified congenital obstructive defects of renal pelvis and ureter,CONGENITAL_ANOMALIES
Q62.31,Ectopic ureterocele,CONGENITAL_ANOMALIES
Q62.32,Orthotopic ureterocele,CONGENITAL_ANOMALIES
Q62.33,Congenital polyp of ureter,CONGENITAL_ANOMALIES
Q62.34,Congenital hydroureter,CONGENITAL_ANOMALIES
Q62.39,Other congenital obstructive defects of renal pelvis and ureter,CONGENITAL_ANOMALIES
Q62.4,Agenesis of ureter,CONGENITAL_ANOMALIES
Q62.5,Duplication of ureter,CONGENITAL_ANOMALIES
Q62.51,Double ureter,CONGENITAL_ANOMALIES
Q62.52,Triple ureter,CONGENITAL_ANOMALIES
Q62.59,Other duplication of ureter,CONGENITAL_ANOMALIES
Q62.6,Malposition of ureter,CONGENITAL_ANOMALIES
Q62.60,"Malposition of ureter, unspecified ureteric drainage site",CONGENITAL_ANOMALIES
Q62.61,"Malposition of ureter, ureteric drainage via bladder neck",CONGENITAL_ANOMALIES
Q62.62,"Malposition of ureter, ureteric drainage via urethra",CONGENITAL_ANOMALIES
Q62.63,"Malposition of ureter, ureteric drainage via vagina",CONGENITAL_ANOMALIES
Q62.64,"Malposition of ureter, ureteric drainage via vulva",CONGENITAL_ANOMALIES
Q62.65,"Malposition of ureter, ureteric drainage via vas deferens",CONGENITAL_ANOMALIES
Q62.66,"Malposition of ureter, ureteric drainage via seminal vesicles",CONGENITAL_ANOMALIES
Q62.69,"Malposition of ureter, ureteric drainage via other site",CONGENITAL_ANOMALIES
Q62.7,Congenital vesico-uretero-renal reflux,CONGENITAL_ANOMALIES
Q62.70,"Congenital vesico-uretero-renal reflux, unspecified",CONGENITAL_ANOMALIES
Q62.71,"Congenital vesico-uretero-renal reflux, unilateral",CONGENITAL_ANOMALIES
Q62.72,"Congenital vesico-uretero-renal reflux, bilateral",CONGENITAL_ANOMALIES
Q62.8,Other congenital malformations of ureter,CONGENITAL_ANOMALIES
Q63.0,Accessory kidney,CONGENITAL_ANOMALIES
Q63.01,Double kidney,CONGENITAL_ANOMALIES
Q63.02,Triple kidney,CONGENITAL_ANOMALIES
Q63.09,Other accessory kidney,CONGENITAL_ANOMALIES
Q63.1,"Lobulated, fused and horseshoe kidney",CONGENITAL_ANOMALIES
Q63.10,"Renal fusion anomaly, unspecified",CONGENITAL_ANOMALIES
Q63.11,Horseshoe kidney,CONGENITAL_ANOMALIES
Q63.19,Other specified renal fusion anomaly,CONGENITAL_ANOMALIES
Q63.2,Ectopic kidney,CONGENITAL_ANOMALIES
Q63.20,"Renal ectopia, unspecified",CONGENITAL_ANOMALIES
Q63.21,Pelvic kidney,CONGENITAL_ANOMALIES
Q63.22,Crossed ectopia of kidney without fusion anomaly,CONGENITAL_ANOMALIES
Q63.23,Crossed ectopia of kidney with fusion anomaly,CONGENITAL_ANOMALIES
Q63.29,Other specified renal ectopia,CONGENITAL_ANOMALIES
Q63.3,Hyperplastic and giant kidney,CONGENITAL_ANOMALIES
Q63.8,Other specified congenital malformations of kidney,CONGENITAL_ANOMALIES
Q63.81,Congenital calyceal diverticulum,CONGENITAL_ANOMALIES
Q63.89,Other specified congenital malformations of kidney,CONGENITAL_ANOMALIES
Q63.9,"Congenital malformation of kidney, unspecified",CONGENITAL_ANOMALIES
Q64.,Other congenital malformations of urinary system,CONGENITAL_ANOMALIES
Q64.0,Epispadias,CONGENITAL_ANOMALIES
Q64.1,Exstrophy of urinary bladder,CONGENITAL_ANOMALIES
Q64.11,Cloacal exstrophy,CONGENITAL_ANOMALIES
Q64.19,Exstrophy of urinary bladder,CONGENITAL_ANOMALIES
Q64.2,Congenital urethral valves,CONGENITAL_ANOMALIES
Q64.20,"Congenital urethral valves, unspecified",CONGENITAL_ANOMALIES
Q64.21,Congenital posterior urethral valves,CONGENITAL_ANOMALIES
Q64.22,Congenital anterior urethral valves,CONGENITAL_ANOMALIES
Q64.3,Other atresia and stenosis of urethra and bladder neck,CONGENITAL_ANOMALIES
Q64.31,Congenital bladder neck obstruction,CONGENITAL_ANOMALIES
Q64.32,Congenital stricture of urethra,CONGENITAL_ANOMALIES
Q64.33,Congenital stricture of urethral meatus,CONGENITAL_ANOMALIES
Q64.34,Hypoplasia of urethra,CONGENITAL_ANOMALIES
Q64.39,Other atresia and stenosis of urethra and bladder neck,CONGENITAL_ANOMALIES
Q64.4,Malformation of urachus,CONGENITAL_ANOMALIES
Q64.41,Cyst of urachus,CONGENITAL_ANOMALIES
Q64.42,Patent urachus,CONGENITAL_ANOMALIES
Q64.43,Urachal diverticulum,CONGENITAL_ANOMALIES
Q64.49,Other specified malformation of urachus,CONGENITAL_ANOMALIES
Q64.5,Congenital absence of bladder and urethra,CONGENITAL_ANOMALIES
Q64.6,Congenital diverticulum of bladder,CONGENITAL_ANOMALIES
Q64.7,Other congenital malformations of bladder and urethra,CONGENITAL_ANOMALIES
Q64.71,Congenital anterior urethral diverticulum,CONGENITAL_ANOMALIES
Q64.72,Congenital prolapse of bladder (mucosa),CONGENITAL_ANOMALIES
Q64.73,Double urethra,CONGENITAL_ANOMALIES
Q64.74,Ectopic urethra or urethral orifice,CONGENITAL_ANOMALIES
Q64.75,Congenital gastrointestinal-urinary tract fistula,CONGENITAL_ANOMALIES
Q64.76,Congenital megaurethra,CONGENITAL_ANOMALIES
Q64.77,Megacystitis-megaureter syndrome,CONGENITAL_ANOMALIES
Q64.78,Congenital urethral syringocele,CONGENITAL_ANOMALIES
Q64.79,Other congenital malformations of bladder and urethra,CONGENITAL_ANOMALIES
Q64.8,Other specified congenital malformations of urinary system,CONGENITAL_ANOMALIES
Q64.9,"Congenital malformation of urinary system, unspecified",CONGENITAL_ANOMALIES
Q65.0,"Congenital dislocation of hip, unilateral",CONGENITAL_ANOMALIES
Q65.1,"Congenital dislocation of hip, bilateral",CONGENITAL_ANOMALIES
Q65.2,"Congenital dislocation of hip, unspecified",CONGENITAL_ANOMALIES
Q65.3,"Congenital subluxation of hip, unilateral",CONGENITAL_ANOMALIES
Q65.4,"Congenital subluxation of hip, bilateral",CONGENITAL_ANOMALIES
Q65.5,"Congenital subluxation of hip, unspecified",CONGENITAL_ANOMALIES
Q65.6,Unstable hip,CONGENITAL_ANOMALIES
Q65.60,"Unstable hip, unspecified",CONGENITAL_ANOMALIES
Q65.61,"Unstable hip, unilateral",CONGENITAL_ANOMALIES
Q65.62,"Unstable hip, bilateral",CONGENITAL_ANOMALIES
Q65.8,Other congenital deformities of hip,CONGENITAL_ANOMALIES
Q65.9,"Congenital deformity of hip, unspecified",CONGENITAL_ANOMALIES
Q66.0,Talipes equinovarus,CONGENITAL_ANOMALIES
Q66.1,Talipes calcaneovarus,CONGENITAL_ANOMALIES
Q66.2,Metatarsus varus,CONGENITAL_ANOMALIES
Q66.3,Other congenital varus deformities of feet,CONGENITAL_ANOMALIES
Q66.4,Talipes calcaneovalgus,CONGENITAL_ANOMALIES
Q66.5,Congenital pes planus,CONGENITAL_ANOMALIES
Q66.6,Other congenital valgus deformities of feet,CONGENITAL_ANOMALIES
Q66.7,Pes cavus,CONGENITAL_ANOMALIES
Q66.8,Other congenital deformities of feet,CONGENITAL_ANOMALIES
Q66.81,"Other congenital deformities of feet, clawfoot",CONGENITAL_ANOMALIES
Q66.89,Other congenital deformities of feet,CONGENITAL_ANOMALIES
Q66.9,"Congenital deformity of feet, unspecified",CONGENITAL_ANOMALIES
Q67.,"Congenital musculoskeletal deformities of head, face, spine and chest",CONGENITAL_ANOMALIES
Q67.0,Facial asymmetry,CONGENITAL_ANOMALIES
Q67.1,Compression facies,CONGENITAL_ANOMALIES
Q67.2,Dolichocephaly,CONGENITAL_ANOMALIES
Q67.3,Plagiocephaly,CONGENITAL_ANOMALIES
Q67.4,"Other congenital deformities of skull, face and jaw",CONGENITAL_ANOMALIES
Q67.41,Depressions in skull,CONGENITAL_ANOMALIES
Q67.42,"Deviation of nasal septum, congenital",CONGENITAL_ANOMALIES
Q67.49,"Other congenital deformities of skull, face and jaw",CONGENITAL_ANOMALIES
Q67.5,Congenital deformity of spine,CONGENITAL_ANOMALIES
Q67.51,"Congenital scoliosis, postural",CONGENITAL_ANOMALIES
Q67.52,Congenital postural curvature of spine,CONGENITAL_ANOMALIES
Q67.59,Other specified congenital deformity of spine,CONGENITAL_ANOMALIES
Q67.6,Pectus excavatum,CONGENITAL_ANOMALIES
Q67.7,Pectus carinatum,CONGENITAL_ANOMALIES
Q67.8,Other congenital deformities of chest,CONGENITAL_ANOMALIES
Q68.,Other congenital musculoskeletal deformities,CONGENITAL_ANOMALIES
Q68.0,Congenital deformities of sternocleidomastoid muscle,CONGENITAL_ANOMALIES
Q68.1,Congenital deformities of hand,CONGENITAL_ANOMALIES
Q68.2,Congenital deformity of knee,CONGENITAL_ANOMALIES
Q68.3,Congenital bowing of femur,CONGENITAL_ANOMALIES
Q68.4,Congenital bowing of tibia and fibula,CONGENITAL_ANOMALIES
Q68.5,"Congenital bowing of long bones of leg, unspecified",CONGENITAL_ANOMALIES
Q68.8,Other specified congenital musculoskeletal deformities,CONGENITAL_ANOMALIES
Q69.0,Accessory finger(s),CONGENITAL_ANOMALIES
Q69.1,Accessory thumb(s),CONGENITAL_ANOMALIES
Q69.2,Accessory toe(s),CONGENITAL_ANOMALIES
Q69.21,Accessory hallux [halluces],CONGENITAL_ANOMALIES
Q69.29,Other accessory toe(s),CONGENITAL_ANOMALIES
Q69.9,"Polydactyly, unspecified",CONGENITAL_ANOMALIES
Q70.0,Fused fingers,CONGENITAL_ANOMALIES
Q70.1,Webbed fingers,CONGENITAL_ANOMALIES
Q70.2,Fused toes,CONGENITAL_ANOMALIES
Q70.3,Webbed toes,CONGENITAL_ANOMALIES
Q70.4,Polysyndactyly,CONGENITAL_ANOMALIES
Q70.9,"Syndactyly, unspecified",CONGENITAL_ANOMALIES
Q71.0,Congenital complete absence of upper limb(s),CONGENITAL_ANOMALIES
Q71.1,Congenital absence of upper arm and forearm with hand present,CONGENITAL_ANOMALIES
Q71.2,Congenital absence of both forearm and hand,CONGENITAL_ANOMALIES
Q71.3,Congenital absence of hand and finger(s),CONGENITAL_ANOMALIES
Q71.31,Congenital absence of finger(s) with remainder of hand intact,CONGENITAL_ANOMALIES
Q71.32,Congenital absence of thumb with all other digits intact,CONGENITAL_ANOMALIES
Q71.33,Congenital absence of hand and finger(s),CONGENITAL_ANOMALIES
Q71.4,Longitudinal reduction defects of radius,CONGENITAL_ANOMALIES
Q71.5,Longitudinal reduction defects of ulna,CONGENITAL_ANOMALIES
Q71.6,Lobster-claw hand,CONGENITAL_ANOMALIES
Q71.8,Other reduction defects of upper limb(s),CONGENITAL_ANOMALIES
Q71.9,"Reduction defect of upper limb, unspecified",CONGENITAL_ANOMALIES
Q72.0,Congenital complete absence of lower limb(s),CONGENITAL_ANOMALIES
Q72.1,Congenital absence of thigh and lower leg with foot present,CONGENITAL_ANOMALIES
Q72.2,Congenital absence of both lower leg and foot,CONGENITAL_ANOMALIES
Q72.3,Congenital absence of foot and toe(s),CONGENITAL_ANOMALIES
Q72.31,Congenital absence of toe(s) with remainder of foot intact,CONGENITAL_ANOMALIES
Q72.32,Congenital absence of first toe with all other digits intact,CONGENITAL_ANOMALIES
Q72.33,Congenital absence of foot and toe(s),CONGENITAL_ANOMALIES
Q72.4,Longitudinal reduction defect of femur,CONGENITAL_ANOMALIES
Q72.5,Longitudinal reduction defect of tibia,CONGENITAL_ANOMALIES
Q72.6,Longitudinal reduction defect of fibula,CONGENITAL_ANOMALIES
Q72.7,Split foot,CONGENITAL_ANOMALIES
Q72.8,Other reduction defects of lower limb(s),CONGENITAL_ANOMALIES
Q72.9,"Reduction defect of lower limb, unspecified",CONGENITAL_ANOMALIES
Q73.0,Congenital absence of unspecified limb(s),CONGENITAL_ANOMALIES
Q73.1,"Phocomelia, unspecified limb(s)",CONGENITAL_ANOMALIES
Q73.8,Other reduction defects of unspecified limb(s),CONGENITAL_ANOMALIES
Q73.80,"Reduction defects of unspecified limb(s), unspecified",CONGENITAL_ANOMALIES
Q73.89,Other reduction defects of unspecified limb(s),CONGENITAL_ANOMALIES
Q74.0,"Other and unspecified congenital malformations of upper limb(s), including shoulder girdle",CONGENITAL_ANOMALIES
Q74.01,Accessory carpal bones,CONGENITAL_ANOMALIES
Q74.02,Macrodactylia (fingers),CONGENITAL_ANOMALIES
Q74.03,Triphalangeal thumb,CONGENITAL_ANOMALIES
Q74.04,Radioulnar synostosis,CONGENITAL_ANOMALIES
Q74.05,Humeroulnar synostosis,CONGENITAL_ANOMALIES
Q74.06,Humeroradial synostosis,CONGENITAL_ANOMALIES
Q74.07,Bifid digit(s) of upper limb,CONGENITAL_ANOMALIES
Q74.08,Sprengel's deformity,CONGENITAL_ANOMALIES
Q74.09,"Other congenital malformations of upper limb(s), including shoulder girdle",CONGENITAL_ANOMALIES
Q74.1,Congenital malformations of knee,CONGENITAL_ANOMALIES
Q74.2,"Other and unspecified congenital malformations of lower limb(s), including pelvic girdle",CONGENITAL_ANOMALIES
Q74.3,Arthrogryposis multiplex congenita,CONGENITAL_ANOMALIES
Q74.8,Other specified congenital malformations of limb(s),CONGENITAL_ANOMALIES
Q74.81,Brachydactyly,CONGENITAL_ANOMALIES
Q74.82,Congenital overgrowth of limb(s),CONGENITAL_ANOMALIES
Q74.83,Congenital undergrowth of limb(s),CONGENITAL_ANOMALIES
Q74.84,Congenital limb asymmetry,CONGENITAL_ANOMALIES
Q74.85,Larsen's syndrome,CONGENITAL_ANOMALIES
Q74.89,Other specified congenital malformations of limb(s),CONGENITAL_ANOMALIES
Q74.9,Unspecified congenital malformation of limb(s),CONGENITAL_ANOMALIES
Q75.,Other congenital malformations of skull and face bones,CONGENITAL_ANOMALIES
Q75.0,Craniosynostosis,CONGENITAL_ANOMALIES
Q75.01,Coronal craniosynostosis,CONGENITAL_ANOMALIES
Q75.02,Sagittal craniosynostosis,CONGENITAL_ANOMALIES
Q75.03,Trigonocephaly,CONGENITAL_ANOMALIES
Q75.04,Craniosynostosis of other multiple sutures,CONGENITAL_ANOMALIES
Q75.05,Pfeiffer syndrome,CONGENITAL_ANOMALIES
Q75.06,Clover leaf skull,CONGENITAL_ANOMALIES
Q75.09,Other and unspecified craniosynostosis,CONGENITAL_ANOMALIES
Q75.1,Craniofacial dysostosis,CONGENITAL_ANOMALIES
Q75.2,Hypertelorism,CONGENITAL_ANOMALIES
Q75.3,Macrocephaly,CONGENITAL_ANOMALIES
Q75.31,Familial (benign) macrocephaly,CONGENITAL_ANOMALIES
Q75.39,Other and unspecified macrocephaly,CONGENITAL_ANOMALIES
Q75.4,Mandibulofacial dysostosis,CONGENITAL_ANOMALIES
Q75.5,Oculomandibular dysostosis,CONGENITAL_ANOMALIES
Q75.8,Other specified congenital malformations of skull and face bones,CONGENITAL_ANOMALIES
Q75.81,Frontonasal dysplasia,CONGENITAL_ANOMALIES
Q75.89,Other specified congenital malformations of skull and face bones,CONGENITAL_ANOMALIES
Q75.9,"Congenital malformation of skull and face bones, unspecified",CONGENITAL_ANOMALIES
Q76.,Congenital malformations of spine and bony thorax,CONGENITAL_ANOMALIES
Q76.0,Spina bifida occulta,CONGENITAL_ANOMALIES
Q76.1,Klippel-Feil syndrome,CONGENITAL_ANOMALIES
Q76.2,Congenital spondylolisthesis and spondylolysis,CONGENITAL_ANOMALIES
Q76.21,Congenital spondylolisthesis,CONGENITAL_ANOMALIES
Q76.22,Congenital spondylolysis,CONGENITAL_ANOMALIES
Q76.3,Congenital scoliosis due to congenital bony malformation,CONGENITAL_ANOMALIES
Q76.31,Single hemivertebra with congenital scoliosis,CONGENITAL_ANOMALIES
Q76.39,Congenital scoliosis due to other specified congenital bony malformation,CONGENITAL_ANOMALIES
Q76.4,"Other and unspecified congenital malformations of spine, not associated with scoliosis",CONGENITAL_ANOMALIES
Q76.41,Congenital absence of vertebra(e),CONGENITAL_ANOMALIES
Q76.42,Congenital anomalies of sacral vertebra(e),CONGENITAL_ANOMALIES
Q76.43,Other congenital anomalies of vertebra(e),CONGENITAL_ANOMALIES
Q76.44,"Congenital lordosis, postural",CONGENITAL_ANOMALIES
Q76.45,Hemivertebra,CONGENITAL_ANOMALIES
Q76.49,"Other congenital malformations of spine, not associated with scoliosis",CONGENITAL_ANOMALIES
Q76.5,Cervical rib,CONGENITAL_ANOMALIES
Q76.6,Other congenital malformations of ribs,CONGENITAL_ANOMALIES
Q76.61,Congenital absence of rib,CONGENITAL_ANOMALIES
Q76.62,Congenital fusion of ribs,CONGENITAL_ANOMALIES
Q76.63,Accessory rib,CONGENITAL_ANOMALIES
Q76.69,Other congenital malformation of ribs,CONGENITAL_ANOMALIES
Q76.7,Congenital malformation of sternum,CONGENITAL_ANOMALIES
Q76.71,Congenital absence of sternum,CONGENITAL_ANOMALIES
Q76.72,Sternum bifidum,CONGENITAL_ANOMALIES
Q76.79,Other specified congenital malformation of sternum,CONGENITAL_ANOMALIES
Q76.8,Other congenital malformations of bony thorax,CONGENITAL_ANOMALIES
Q76.9,"Congenital malformation of bony thorax, unspecified",CONGENITAL_ANOMALIES
Q77.0,Achondrogenesis,CONGENITAL_ANOMALIES
Q77.00,"Achondrogenesis, unspecified",CONGENITAL_ANOMALIES
Q77.01,"Achondrogenesis, type I",CONGENITAL_ANOMALIES
Q77.02,"Achondrogenesis, type II",CONGENITAL_ANOMALIES
Q77.03,Hypochondrogenesis,CONGENITAL_ANOMALIES
Q77.09,Other achondrogenesis,CONGENITAL_ANOMALIES
Q77.1,Thanatophoric short stature,CONGENITAL_ANOMALIES
Q77.2,Short rib syndrome,CONGENITAL_ANOMALIES
Q77.3,Chondrodysplasia punctata,CONGENITAL_ANOMALIES
Q77.4,Achondroplasia,CONGENITAL_ANOMALIES
Q77.5,Dystrophic dysplasia,CONGENITAL_ANOMALIES
Q77.6,Chondroectodermal dysplasia,CONGENITAL_ANOMALIES
Q77.7,Spondyloepiphyseal dysplasia,CONGENITAL_ANOMALIES
Q77.8,Other osteochondrodysplasia with defects of growth of tubular bones and spine,CONGENITAL_ANOMALIES
Q77.81,Metatropic dwarfism,CONGENITAL_ANOMALIES
Q77.82,Metaphyseal chondroplasia,CONGENITAL_ANOMALIES
Q77.89,Other osteochondrodysplasia with defects of growth of tubular bones and spine,CONGENITAL_ANOMALIES
Q77.9,"Osteochondrodysplasia with defects of growth of tubular bones and spine, unspecified",CONGENITAL_ANOMALIES
Q78.0,Osteogenesis imperfecta,CONGENITAL_ANOMALIES
Q78.1,Polyostotic fibrous dysplasia,CONGENITAL_ANOMALIES
Q78.2,Osteopetrosis,CONGENITAL_ANOMALIES
Q78.3,Progressive diaphyseal dysplasia,CONGENITAL_ANOMALIES
Q78.4,Enchondromatosis,CONGENITAL_ANOMALIES
Q78.5,Metaphyseal dysplasia,CONGENITAL_ANOMALIES
Q78.6,Multiple congenital exostoses,CONGENITAL_ANOMALIES
Q78.8,Other specified osteochondrodysplasias,CONGENITAL_ANOMALIES
Q78.9,"Osteochondrodysplasia, unspecified",CONGENITAL_ANOMALIES
Q79.,"Congenital malformations of the musculoskeletal system, not elsewhere classified",CONGENITAL_ANOMALIES
Q79.0,Congenital diaphragmatic hernia,CONGENITAL_ANOMALIES
Q79.1,Other and unspecified congenital malformations of diaphragm,CONGENITAL_ANOMALIES
Q79.2,Exomphalos,CONGENITAL_ANOMALIES
Q79.3,Gastroschisis,CONGENITAL_ANOMALIES
Q79.4,Prune belly syndrome,CONGENITAL_ANOMALIES
Q79.5,Other congenital malformations of abdominal wall,CONGENITAL_ANOMALIES
Q79.6,Ehlers-Danlos syndrome,CONGENITAL_ANOMALIES
Q79.8,Other congenital malformations of musculoskeletal system,CONGENITAL_ANOMALIES
Q79.9,"Congenital malformation of musculoskeletal system, unspecified",CONGENITAL_ANOMALIES
Q80.0,Ichthyosis vulgaris,CONGENITAL_ANOMALIES
Q80.1,X-linked ichthyosis,CONGENITAL_ANOMALIES
Q80.2,Lamellar ichthyosis,CONGENITAL_ANOMALIES
Q80.3,Congenital bullous ichthyosiform erythroderma,CONGENITAL_ANOMALIES
Q80.4,Harlequin fetus,CONGENITAL_ANOMALIES
Q80.8,Other congenital ichthyosis,CONGENITAL_ANOMALIES
Q80.9,"Congenital ichthyosis, unspecified",CONGENITAL_ANOMALIES
Q81.0,Epidermolysis bullosa simplex,CONGENITAL_ANOMALIES
Q81.1,Epidermolysis bullosa letalis,CONGENITAL_ANOMALIES
Q81.2,Epidermolysis bullosa dystrophica,CONGENITAL_ANOMALIES
Q81.8,Other epidermolysis bullosa,CONGENITAL_ANOMALIES
Q81.9,"Epidermolysis bullosa, unspecified",CONGENITAL_ANOMALIES
Q82.0,Hereditary lymphoedema,CONGENITAL_ANOMALIES
Q82.1,Xeroderma pigmentosum,CONGENITAL_ANOMALIES
Q82.2,Mastocytosis,CONGENITAL_ANOMALIES
Q82.3,Incontinentia pigmenti,CONGENITAL_ANOMALIES
Q82.4,Ectodermal dysplasia (anhidrotic),CONGENITAL_ANOMALIES
Q82.5,Congenital non-neoplastic naevus,CONGENITAL_ANOMALIES
Q82.8,Other specified congenital malformations of skin,CONGENITAL_ANOMALIES
Q82.9,"Congenital malformation of skin, unspecified",CONGENITAL_ANOMALIES
Q83.0,Congenital absence of breast with absent nipple,CONGENITAL_ANOMALIES
Q83.1,Accessory breast,CONGENITAL_ANOMALIES
Q83.2,Absent nipple,CONGENITAL_ANOMALIES
Q83.3,Accessory nipple,CONGENITAL_ANOMALIES
Q83.8,Other congenital malformations of breast,CONGENITAL_ANOMALIES
Q83.9,"Congenital malformation of breast, unspecified",CONGENITAL_ANOMALIES
Q84.0,Congenital alopecia,CONGENITAL_ANOMALIES
Q84.1,"Congenital morphological disturbances of hair, not elsewhere classified",CONGENITAL_ANOMALIES
Q84.2,Other congenital malformations of hair,CONGENITAL_ANOMALIES
Q84.3,Anonychia,CONGENITAL_ANOMALIES
Q84.4,Congenital leukonychia,CONGENITAL_ANOMALIES
Q84.5,Enlarged and hypertrophic nails,CONGENITAL_ANOMALIES
Q84.6,Other congenital malformations of nails,CONGENITAL_ANOMALIES
Q84.8,Other specified congenital malformations of integument,CONGENITAL_ANOMALIES
Q84.81,Aplasia cutis congenita,CONGENITAL_ANOMALIES
Q84.89,Other specified congenital malformations of integument,CONGENITAL_ANOMALIES
Q84.9,"Congenital malformation of integument, unspecified",CONGENITAL_ANOMALIES
Q85.0,Neurofibromatosis (nonmalignant),CONGENITAL_ANOMALIES
Q85.1,Tuberous sclerosis,CONGENITAL_ANOMALIES
Q85.8,Other phakomatoses,CONGENITAL_ANOMALIES
Q85.81,Peutz-Jeghers syndrome,CONGENITAL_ANOMALIES
Q85.82,Sturge-Weber(-Dimitri) syndrome,CONGENITAL_ANOMALIES
Q85.83,Von Hippel-Lindau syndrome,CONGENITAL_ANOMALIES
Q85.84,Gardner's syndrome,CONGENITAL_ANOMALIES
Q85.89,Other specified phakomatoses,CONGENITAL_ANOMALIES
Q85.9,"Phakomatosis, unspecified",CONGENITAL_ANOMALIES
Q86.,"Congenital malformation syndromes due to known exogenous causes, not elsewhere classified",CONGENITAL_ANOMALIES
Q86.0,Fetal alcohol syndrome (dysmorphic),CONGENITAL_ANOMALIES
Q86.1,Fetal hydantoin syndrome,CONGENITAL_ANOMALIES
Q86.2,Dysmorphism due to warfarin,CONGENITAL_ANOMALIES
Q86.8,Other congenital malformation syndromes due to known exogenous causes,CONGENITAL_ANOMALIES
Q86.81,Congenital malformations due to valproate,CONGENITAL_ANOMALIES
Q86.82,Congenital malformations due to Vitamin A,CONGENITAL_ANOMALIES
Q86.83,Congenital malformations due to thalidomide,CONGENITAL_ANOMALIES
Q86.84,Congenital malformations due to cytotoxic agents,CONGENITAL_ANOMALIES
Q86.85,Congenital malformations due to other drugs,CONGENITAL_ANOMALIES
Q86.86,Congenital malformations due to ionising radiation,CONGENITAL_ANOMALIES
Q86.87,Congenital malformations due to methylmercury,CONGENITAL_ANOMALIES
Q86.89,Congenital malformations due to other specified exogenous causes,CONGENITAL_ANOMALIES
Q87.,Other specified congenital malformation syndromes affecting multiple systems,CONGENITAL_ANOMALIES
Q87.0,Congenital malformation syndromes predominantly affecting facial appearance,CONGENITAL_ANOMALIES
Q87.01,Acrocephalopolysyndactyly,CONGENITAL_ANOMALIES
Q87.02,Acrocephalosyndactyly,CONGENITAL_ANOMALIES
Q87.03,Cryptophthalmos syndrome,CONGENITAL_ANOMALIES
Q87.04,Treacher Collins [-Franceschetti] [-Klein] syndrome,CONGENITAL_ANOMALIES
Q87.05,Hallerman-Streiff syndrome,CONGENITAL_ANOMALIES
Q87.06,Pierre Robin sequence,CONGENITAL_ANOMALIES
Q87.07,Pena-Shokeir syndrome,CONGENITAL_ANOMALIES
Q87.09,Other specified congenital malformation syndromes predominantly affecting facial appearance,CONGENITAL_ANOMALIES
Q87.1,Congenital malformation syndromes predominantly associated with short stature,CONGENITAL_ANOMALIES
Q87.11,Cockayne syndrome,CONGENITAL_ANOMALIES
Q87.12,Cornelia de Lange syndrome,CONGENITAL_ANOMALIES
Q87.13,Noonan syndrome,CONGENITAL_ANOMALIES
Q87.14,Prader-Willi syndrome,CONGENITAL_ANOMALIES
Q87.15,Russell-Silver syndrome,CONGENITAL_ANOMALIES
Q87.16,Seckel syndrome,CONGENITAL_ANOMALIES
Q87.17,Smith-Lemli-Opitz syndrome,CONGENITAL_ANOMALIES
Q87.18,Sjogren-Larsson syndrome,CONGENITAL_ANOMALIES
Q87.19,Other specified congenital malformation syndromes predominantly associated with short stature,CONGENITAL_ANOMALIES
Q87.2,Congenital malformation syndromes predominantly involving limbs,CONGENITAL_ANOMALIES
Q87.21,Holt-Oram syndrome,CONGENITAL_ANOMALIES
Q87.22,Klippel-Trenaunay-Weber syndrome,CONGENITAL_ANOMALIES
Q87.23,Nail patella syndrome,CONGENITAL_ANOMALIES
Q87.24,Rubinstein-Taybi syndrome,CONGENITAL_ANOMALIES
Q87.25,Sirenomelia syndrome,CONGENITAL_ANOMALIES
Q87.26,Thrombocytopenia with absent radius syndrome,CONGENITAL_ANOMALIES
Q87.27,VATER association,CONGENITAL_ANOMALIES
Q87.29,Other specified congenital malformation syndromes predominantly involving limbs,CONGENITAL_ANOMALIES
Q87.3,Congenital malformation syndromes involving early overgrowth,CONGENITAL_ANOMALIES
Q87.31,Beckwith-Wiedemann syndrome,CONGENITAL_ANOMALIES
Q87.32,Sotos syndrome,CONGENITAL_ANOMALIES
Q87.33,Weaver syndrome,CONGENITAL_ANOMALIES
Q87.39,Other specified congenital malformation syndromes involving early overgrowth,CONGENITAL_ANOMALIES
Q87.4,Marfan's syndrome,CONGENITAL_ANOMALIES
Q87.5,Other congenital malformation syndromes with other skeletal changes,CONGENITAL_ANOMALIES
Q87.8,"Other specified congenital malformation syndromes, not elsewhere classified",CONGENITAL_ANOMALIES
Q87.81,Alport's syndrome,CONGENITAL_ANOMALIES
Q87.82,Laurence-Moon-Biedl syndrome,CONGENITAL_ANOMALIES
Q87.83,Zellweger syndrome,CONGENITAL_ANOMALIES
Q87.84,William's syndrome,CONGENITAL_ANOMALIES
Q87.85,Angelman syndrome,CONGENITAL_ANOMALIES
Q87.89,"Other specified congenital malformation syndromes, not elsewhere classified",CONGENITAL_ANOMALIES
Q89.0,Congenital malformations of spleen,CONGENITAL_ANOMALIES
Q89.01,Congenital asplenia,CONGENITAL_ANOMALIES
Q89.09,Other specified congenital malformations of spleen,CONGENITAL_ANOMALIES
Q89.1,Congenital malformations of adrenal gland,CONGENITAL_ANOMALIES
Q89.11,Congenital absence of adrenal gland,CONGENITAL_ANOMALIES
Q89.12,Congenital adrenal hypoplasia,CONGENITAL_ANOMALIES
Q89.19,Other specified congenital malformations of adrenal gland,CONGENITAL_ANOMALIES
Q89.2,Congenital malformations of other endocrine glands,CONGENITAL_ANOMALIES
Q89.21,Congenital malformations of pituitary gland,CONGENITAL_ANOMALIES
Q89.22,Congenital malformations of thyroid gland,CONGENITAL_ANOMALIES
Q89.23,Persistent thyroglossal cyst,CONGENITAL_ANOMALIES
Q89.24,Thyroglossal cyst,CONGENITAL_ANOMALIES
Q89.25,Congenital malformations of parathyroid gland,CONGENITAL_ANOMALIES
Q89.26,Congenital malformations of thymus,CONGENITAL_ANOMALIES
Q89.29,Congenital malformations of other specified endocrine glands,CONGENITAL_ANOMALIES
Q89.3,Situs inversus,CONGENITAL_ANOMALIES
Q89.30,"Situs inversus, unspecified",CONGENITAL_ANOMALIES
Q89.31,Dextrocardia with situs inversus,CONGENITAL_ANOMALIES
Q89.32,Mirror-image atrial arrangement with situs inversus,CONGENITAL_ANOMALIES
Q89.33,Situs inversus abdominalis,CONGENITAL_ANOMALIES
Q89.34,Situs inversus thoracis,CONGENITAL_ANOMALIES
Q89.35,Kartagener's syndrome,CONGENITAL_ANOMALIES
Q89.39,Other specified situs inversus,CONGENITAL_ANOMALIES
Q89.4,Conjoined twins,CONGENITAL_ANOMALIES
Q89.41,Dicephaly,CONGENITAL_ANOMALIES
Q89.42,Craniopagus,CONGENITAL_ANOMALIES
Q89.43,Thoracopagus,CONGENITAL_ANOMALIES
Q89.44,Xiphopagus,CONGENITAL_ANOMALIES
Q89.45,Pygopagus,CONGENITAL_ANOMALIES
Q89.46,Acardiac twin,CONGENITAL_ANOMALIES
Q89.49,Other specified conjoined twins,CONGENITAL_ANOMALIES
Q89.7,"Multiple congenital malformations, not elsewhere classified",CONGENITAL_ANOMALIES
Q89.71,Dysmorphic features,CONGENITAL_ANOMALIES
Q89.79,"Multiple congenital malformations, not elsewhere classified",CONGENITAL_ANOMALIES
Q89.8,Other specified congenital malformations,CONGENITAL_ANOMALIES
Q89.81,Caudal dysplasia sequence,CONGENITAL_ANOMALIES
Q89.89,Other specified congenital malformations,CONGENITAL_ANOMALIES
Q89.9,"Congenital malformation, unspecified",CONGENITAL_ANOMALIES
Q90.0,"Trisomy 21, meiotic nondisjunction",CONGENITAL_ANOMALIES
Q90.1,"Trisomy 21, mosaicism",CONGENITAL_ANOMALIES
Q90.2,"Trisomy 21, translocation",CONGENITAL_ANOMALIES
Q90.9,"Down's syndrome, unspecified",CONGENITAL_ANOMALIES
Q91.0,"Trisomy 18, meiotic nondisjunction",CONGENITAL_ANOMALIES
Q91.1,"Trisomy 18, mosaicism",CONGENITAL_ANOMALIES
Q91.2,"Trisomy 18, translocation",CONGENITAL_ANOMALIES
Q91.3,"Edwards' syndrome, unspecified",CONGENITAL_ANOMALIES
Q91.4,"Trisomy 13, meiotic nondisjunction",CONGENITAL_ANOMALIES
Q91.5,"Trisomy 13, mosaicism",CONGENITAL_ANOMALIES
Q91.6,"Trisomy 13, translocation",CONGENITAL_ANOMALIES
Q91.7,"Patau's syndrome, unspecified",CONGENITAL_ANOMALIES
Q92.0,"Whole chromosome trisomy, meiotic nondisjunction",CONGENITAL_ANOMALIES
Q92.1,"Whole chromosome trisomy, mosaicism",CONGENITAL_ANOMALIES
Q92.2,Major partial trisomy,CONGENITAL_ANOMALIES
Q92.3,Minor partial trisomy,CONGENITAL_ANOMALIES
Q92.4,Duplications seen only at prometaphase,CONGENITAL_ANOMALIES
Q92.5,Duplications with other complex rearrangements,CONGENITAL_ANOMALIES
Q92.6,Extra marker chromosomes,CONGENITAL_ANOMALIES
Q92.7,Triploidy and polyploidy,CONGENITAL_ANOMALIES
Q92.8,Other specified trisomies and partial trisomies of autosomes,CONGENITAL_ANOMALIES
Q92.9,"Trisomy and partial trisomy of autosomes, unspecified",CONGENITAL_ANOMALIES
Q93.0,"Whole chromosome monosomy, meiotic nondisjunction",CONGENITAL_ANOMALIES
Q93.1,"Whole chromosome monosomy, mosaicism",CONGENITAL_ANOMALIES
Q93.2,Chromosome replaced with ring or dicentric,CONGENITAL_ANOMALIES
Q93.3,Deletion of short arm of chromosome 4,CONGENITAL_ANOMALIES
Q93.4,Deletion of short arm of chromosome 5,CONGENITAL_ANOMALIES
Q93.5,Other deletions of part of a chromosome,CONGENITAL_ANOMALIES
Q93.6,Deletions seen only at prometaphase,CONGENITAL_ANOMALIES
Q93.7,Deletions with other complex rearrangements,CONGENITAL_ANOMALIES
Q93.8,Other deletions from the autosomes,CONGENITAL_ANOMALIES
Q93.9,"Deletion from autosomes, unspecified",CONGENITAL_ANOMALIES
Q95.0,Balanced translocation and insertion in normal individual,CONGENITAL_ANOMALIES
Q95.1,Chromosome inversion in normal individual,CONGENITAL_ANOMALIES
Q95.2,Balanced autosomal rearrangement in abnormal individual,CONGENITAL_ANOMALIES
Q95.3,Balanced sex/autosomal rearrangement in abnormal individual,CONGENITAL_ANOMALIES
Q95.4,Individuals with marker heterochromatin,CONGENITAL_ANOMALIES
Q95.5,Individuals with autosomal fragile site,CONGENITAL_ANOMALIES
Q95.8,Other balanced rearrangements and structural markers,CONGENITAL_ANOMALIES
Q95.9,"Balanced rearrangement and structural marker, unspecified",CONGENITAL_ANOMALIES
Q96.0,"Karyotype 45,X",CONGENITAL_ANOMALIES
Q96.1,"Karyotype 46,X iso (Xq)",CONGENITAL_ANOMALIES
Q96.2,"Karyotype 46,X with abnormal sex chromosome, except iso (Xq)",CONGENITAL_ANOMALIES
Q96.3,"Mosaicism, 45,X/46,XX or XY",CONGENITAL_ANOMALIES
Q96.4,"Mosaicism, 45,X/other cell line(s) with abnormal sex chromosome",CONGENITAL_ANOMALIES
Q96.8,Other variants of Turner's syndrome,CONGENITAL_ANOMALIES
Q96.9,"Turner's syndrome, unspecified",CONGENITAL_ANOMALIES
Q97.0,"Karyotype 47,XXX",CONGENITAL_ANOMALIES
Q97.1,Female with more than three X chromosomes,CONGENITAL_ANOMALIES
Q97.2,"Mosaicism, lines with various numbers of X chromosomes",CONGENITAL_ANOMALIES
Q97.3,"Female with 46,XY karyotype",CONGENITAL_ANOMALIES
Q97.8,Other specified female sex chromosome abnormalities,CONGENITAL_ANOMALIES
Q97.9,"Female sex chromosome abnormality, unspecified",CONGENITAL_ANOMALIES
Q98.0,"Klinefelter's syndrome karyotype 47,XXY",CONGENITAL_ANOMALIES
Q98.1,"Klinefelter's syndrome, male with more than two X chromosomes",CONGENITAL_ANOMALIES
Q98.2,"Klinefelter's syndrome, male with 46,XX karyotype",CONGENITAL_ANOMALIES
Q98.3,"Other male with 46,XX karyotype",CONGENITAL_ANOMALIES
Q98.4,"Klinefelter's syndrome, unspecified",CONGENITAL_ANOMALIES
Q98.5,"Karyotype 47,XYY",CONGENITAL_ANOMALIES
Q98.6,Male with structurally abnormal sex chromosome,CONGENITAL_ANOMALIES
Q98.7,Male with sex chromosome mosaicism,CONGENITAL_ANOMALIES
Q98.8,Other specified male sex chromosome abnormalities,CONGENITAL_ANOMALIES
Q98.9,"Male sex chromosome abnormality, unspecified",CONGENITAL_ANOMALIES
Q99.0,"Chimera 46,XX/46,XY",CONGENITAL_ANOMALIES
Q99.1,"46,XX true hermaphrodite",CONGENITAL_ANOMALIES
Q99.2,Fragile X chromosome,CONGENITAL_ANOMALIES
Q99.8,Other specified chromosome abnormalities,CONGENITAL_ANOMALIES
Q99.9,"Chromosomal abnormality, unspecified",CONGENITAL_ANOMALIES
Z87.7,"Personal history of congenital malformations, deformations and chromosomal abnormalities",CONGENITAL_ANOMALIES
G43.0,Migraine without aura [common migraine],MIGRAINE_AND_HEADACHE
G43.1,Migraine with aura [classical migraine],MIGRAINE_AND_HEADACHE
G43.2,Status migrainosus,MIGRAINE_AND_HEADACHE
G43.3,Complicated migraine,MIGRAINE_AND_HEADACHE
G43.8,Other migraine,MIGRAINE_AND_HEADACHE
G43.9,"Migraine, unspecified",MIGRAINE_AND_HEADACHE
G44.0,Cluster headache syndrome,MIGRAINE_AND_HEADACHE
G44.1,"Vascular headache, not elsewhere classified",MIGRAINE_AND_HEADACHE
G44.4,"Drug-induced headache, not elsewhere classified",MIGRAINE_AND_HEADACHE
G44.8,Other specified headache syndromes,MIGRAINE_AND_HEADACHE
R51.,Headache,MIGRAINE_AND_HEADACHE
E03.5,Myxoedema coma,SYMPTOMS_INVOLVING_ALT_CONS_SYNCOPE_COLLAPSE_CARDIO_RESP_CHEST_AND_CYANOSIS
R00.2,Palpitations,SYMPTOMS_INVOLVING_ALT_CONS_SYNCOPE_COLLAPSE_CARDIO_RESP_CHEST_AND_CYANOSIS
R00.8,Other and unspecified abnormalities of heart beat,SYMPTOMS_INVOLVING_ALT_CONS_SYNCOPE_COLLAPSE_CARDIO_RESP_CHEST_AND_CYANOSIS
R01.0,Benign and innocent cardiac murmurs,SYMPTOMS_INVOLVING_ALT_CONS_SYNCOPE_COLLAPSE_CARDIO_RESP_CHEST_AND_CYANOSIS
R01.1,"Cardiac murmur, unspecified",SYMPTOMS_INVOLVING_ALT_CONS_SYNCOPE_COLLAPSE_CARDIO_RESP_CHEST_AND_CYANOSIS
R01.2,Other cardiac sounds,SYMPTOMS_INVOLVING_ALT_CONS_SYNCOPE_COLLAPSE_CARDIO_RESP_CHEST_AND_CYANOSIS
R04.2,Haemoptysis,SYMPTOMS_INVOLVING_ALT_CONS_SYNCOPE_COLLAPSE_CARDIO_RESP_CHEST_AND_CYANOSIS
R04.8,Haemorrhage from other sites in respiratory passages,SYMPTOMS_INVOLVING_ALT_CONS_SYNCOPE_COLLAPSE_CARDIO_RESP_CHEST_AND_CYANOSIS
R04.9,"Haemorrhage from respiratory passages, unspecified",SYMPTOMS_INVOLVING_ALT_CONS_SYNCOPE_COLLAPSE_CARDIO_RESP_CHEST_AND_CYANOSIS
R05.,Cough,SYMPTOMS_INVOLVING_ALT_CONS_SYNCOPE_COLLAPSE_CARDIO_RESP_CHEST_AND_CYANOSIS
R06.0,Dyspnoea,SYMPTOMS_INVOLVING_ALT_CONS_SYNCOPE_COLLAPSE_CARDIO_RESP_CHEST_AND_CYANOSIS
R06.1,Stridor,SYMPTOMS_INVOLVING_ALT_CONS_SYNCOPE_COLLAPSE_CARDIO_RESP_CHEST_AND_CYANOSIS
R06.2,Wheezing,SYMPTOMS_INVOLVING_ALT_CONS_SYNCOPE_COLLAPSE_CARDIO_RESP_CHEST_AND_CYANOSIS
R06.3,Periodic breathing,SYMPTOMS_INVOLVING_ALT_CONS_SYNCOPE_COLLAPSE_CARDIO_RESP_CHEST_AND_CYANOSIS
R06.4,Hyperventilation,SYMPTOMS_INVOLVING_ALT_CONS_SYNCOPE_COLLAPSE_CARDIO_RESP_CHEST_AND_CYANOSIS
R06.6,Hiccough,SYMPTOMS_INVOLVING_ALT_CONS_SYNCOPE_COLLAPSE_CARDIO_RESP_CHEST_AND_CYANOSIS
R06.8,Other and unspecified abnormalities of breathing,SYMPTOMS_INVOLVING_ALT_CONS_SYNCOPE_COLLAPSE_CARDIO_RESP_CHEST_AND_CYANOSIS
R07.1,Chest pain on breathing,SYMPTOMS_INVOLVING_ALT_CONS_SYNCOPE_COLLAPSE_CARDIO_RESP_CHEST_AND_CYANOSIS
R07.2,Precordial pain,SYMPTOMS_INVOLVING_ALT_CONS_SYNCOPE_COLLAPSE_CARDIO_RESP_CHEST_AND_CYANOSIS
R07.3,Other chest pain,SYMPTOMS_INVOLVING_ALT_CONS_SYNCOPE_COLLAPSE_CARDIO_RESP_CHEST_AND_CYANOSIS
R07.4,"Chest pain, unspecified",SYMPTOMS_INVOLVING_ALT_CONS_SYNCOPE_COLLAPSE_CARDIO_RESP_CHEST_AND_CYANOSIS
R09.3,Abnormal sputum,SYMPTOMS_INVOLVING_ALT_CONS_SYNCOPE_COLLAPSE_CARDIO_RESP_CHEST_AND_CYANOSIS
R09.8,Other specified symptoms and signs involving the circulatory and respiratory systems,SYMPTOMS_INVOLVING_ALT_CONS_SYNCOPE_COLLAPSE_CARDIO_RESP_CHEST_AND_CYANOSIS
R23.0,Cyanosis,SYMPTOMS_INVOLVING_ALT_CONS_SYNCOPE_COLLAPSE_CARDIO_RESP_CHEST_AND_CYANOSIS
R40.0,Somnolence,SYMPTOMS_INVOLVING_ALT_CONS_SYNCOPE_COLLAPSE_CARDIO_RESP_CHEST_AND_CYANOSIS
R40.1,Stupor,SYMPTOMS_INVOLVING_ALT_CONS_SYNCOPE_COLLAPSE_CARDIO_RESP_CHEST_AND_CYANOSIS
R40.2,Coma,SYMPTOMS_INVOLVING_ALT_CONS_SYNCOPE_COLLAPSE_CARDIO_RESP_CHEST_AND_CYANOSIS
R45.7,"State of emotional shock and stress, unspecified",SYMPTOMS_INVOLVING_ALT_CONS_SYNCOPE_COLLAPSE_CARDIO_RESP_CHEST_AND_CYANOSIS
R55.,Syncope and collapse,SYMPTOMS_INVOLVING_ALT_CONS_SYNCOPE_COLLAPSE_CARDIO_RESP_CHEST_AND_CYANOSIS
R57.0,Cardiogenic shock,SYMPTOMS_INVOLVING_ALT_CONS_SYNCOPE_COLLAPSE_CARDIO_RESP_CHEST_AND_CYANOSIS
R57.1,Hypovolaemic shock,SYMPTOMS_INVOLVING_ALT_CONS_SYNCOPE_COLLAPSE_CARDIO_RESP_CHEST_AND_CYANOSIS
R57.8,Other shock,SYMPTOMS_INVOLVING_ALT_CONS_SYNCOPE_COLLAPSE_CARDIO_RESP_CHEST_AND_CYANOSIS
R57.9,"Shock, unspecified",SYMPTOMS_INVOLVING_ALT_CONS_SYNCOPE_COLLAPSE_CARDIO_RESP_CHEST_AND_CYANOSIS
R59.0,Localised enlarged lymph nodes,SYMPTOMS_INVOLVING_ALT_CONS_SYNCOPE_COLLAPSE_CARDIO_RESP_CHEST_AND_CYANOSIS
R59.1,Generalised enlarged lymph nodes,SYMPTOMS_INVOLVING_ALT_CONS_SYNCOPE_COLLAPSE_CARDIO_RESP_CHEST_AND_CYANOSIS
R59.9,"Enlarged lymph nodes, unspecified",SYMPTOMS_INVOLVING_ALT_CONS_SYNCOPE_COLLAPSE_CARDIO_RESP_CHEST_AND_CYANOSIS
R11.,Nausea and vomiting,NA
R10.0,Acute abdomen,ABDOMINAL_PAIN
R10.1,Pain localised to upper abdomen,ABDOMINAL_PAIN
R10.3,Pain localised to other parts of lower abdomen,ABDOMINAL_PAIN
R10.4,Other and unspecified abdominal pain,ABDOMINAL_PAIN
R62.0,Delayed milestone,SYMPTOMS_CONCERNING_NUTRITION_METABOLISM_AND_DEVELOPMENT
R62.8,Other lack of expected normal physiological development,SYMPTOMS_CONCERNING_NUTRITION_METABOLISM_AND_DEVELOPMENT
R62.9,"Lack of expected normal physiological development, unspecified",SYMPTOMS_CONCERNING_NUTRITION_METABOLISM_AND_DEVELOPMENT
R63.0,Anorexia,SYMPTOMS_CONCERNING_NUTRITION_METABOLISM_AND_DEVELOPMENT
R63.1,Polydipsia,SYMPTOMS_CONCERNING_NUTRITION_METABOLISM_AND_DEVELOPMENT
R63.2,Polyphagia,SYMPTOMS_CONCERNING_NUTRITION_METABOLISM_AND_DEVELOPMENT
R63.3,Feeding difficulties and mismanagement,SYMPTOMS_CONCERNING_NUTRITION_METABOLISM_AND_DEVELOPMENT
R63.4,Abnormal weight loss,SYMPTOMS_CONCERNING_NUTRITION_METABOLISM_AND_DEVELOPMENT
R63.5,Abnormal weight gain,SYMPTOMS_CONCERNING_NUTRITION_METABOLISM_AND_DEVELOPMENT
R63.8,Other symptoms and signs concerning food and fluid intake,SYMPTOMS_CONCERNING_NUTRITION_METABOLISM_AND_DEVELOPMENT
T90.2,Sequelae of fracture of skull and facial bones,LATE_INJURY_EFFECTS
T91.0,Sequelae of superficial injury and open wound of neck and trunk,LATE_INJURY_EFFECTS
T91.1,Sequelae of fracture of spine,LATE_INJURY_EFFECTS
T91.2,Sequelae of other fracture of thorax and pelvis,LATE_INJURY_EFFECTS
T91.3,Sequelae of injury of spinal cord,LATE_INJURY_EFFECTS
T91.4,Sequelae of injury of intrathoracic organs,LATE_INJURY_EFFECTS
T91.5,Sequelae of injury of intra-abdominal and pelvic organs,LATE_INJURY_EFFECTS
T91.8,Sequelae of other specified injuries of neck and trunk,LATE_INJURY_EFFECTS
T91.9,Sequelae of unspecified injury of neck and trunk,LATE_INJURY_EFFECTS
T92.0,Sequelae of open wound of upper limb,LATE_INJURY_EFFECTS
T92.1,Sequelae of fracture of forearm and upper arm,LATE_INJURY_EFFECTS
T92.2,Sequelae of fracture at wrist and hand level,LATE_INJURY_EFFECTS
T92.3,"Sequelae of dislocation, sprain and strain of upper limb",LATE_INJURY_EFFECTS
T92.4,Sequelae of injury of nerve of upper limb,LATE_INJURY_EFFECTS
T92.5,Sequelae of injury of muscle and tendon of upper limb,LATE_INJURY_EFFECTS
T92.6,Sequelae of crushing injury and traumatic amputation of upper limb,LATE_INJURY_EFFECTS
T92.8,Sequelae of other specified injuries of upper limb,LATE_INJURY_EFFECTS
T92.9,Sequelae of unspecified injury of upper limb,LATE_INJURY_EFFECTS
T93.0,Sequelae of open wound of lower limb,LATE_INJURY_EFFECTS
T93.1,Sequelae of fracture of femur,LATE_INJURY_EFFECTS
T93.2,Sequelae of other fractures of lower limb,LATE_INJURY_EFFECTS
T93.3,"Sequelae of dislocation, sprain and strain of lower limb",LATE_INJURY_EFFECTS
T93.4,Sequelae of injury of nerve of lower limb,LATE_INJURY_EFFECTS
T93.5,Sequelae of injury of muscle and tendon of lower limb,LATE_INJURY_EFFECTS
T93.6,Sequelae of crushing injury and traumatic amputation of lower limb,LATE_INJURY_EFFECTS
T93.8,Sequelae of other specified injuries of lower limb,LATE_INJURY_EFFECTS
T93.9,Sequelae of unspecified injury of lower limb,LATE_INJURY_EFFECTS
T94.0,Sequelae of injuries involving multiple body regions,LATE_INJURY_EFFECTS
T94.1,"Sequelae of injuries, not specified by body region",LATE_INJURY_EFFECTS
Z20.0,Contact with and exposure to intestinal infectious diseases,HAZARDS_OF_COMMUNICABLE_DISEASES
Z20.1,Contact with and exposure to tuberculosis,HAZARDS_OF_COMMUNICABLE_DISEASES
Z20.2,Contact with and exposure to infections with a predominantly sexual mode of transmission,HAZARDS_OF_COMMUNICABLE_DISEASES
Z20.3,Contact with and exposure to rabies,HAZARDS_OF_COMMUNICABLE_DISEASES
Z20.4,Contact with and exposure to rubella,HAZARDS_OF_COMMUNICABLE_DISEASES
Z20.5,Contact with and exposure to viral hepatitis,HAZARDS_OF_COMMUNICABLE_DISEASES
Z20.6,Contact with and exposure to human immunodeficiency virus [HIV],HAZARDS_OF_COMMUNICABLE_DISEASES
Z20.7,"Contact with and exposure to pediculosis, acariasis and other infestations",HAZARDS_OF_COMMUNICABLE_DISEASES
Z20.8,Contact with and exposure to other communicable diseases,HAZARDS_OF_COMMUNICABLE_DISEASES
Z20.9,Contact with and exposure to unspecified communicable disease,HAZARDS_OF_COMMUNICABLE_DISEASES
Z21.,Asymptomatic human immunodeficiency virus [HIV] infection status,HAZARDS_OF_COMMUNICABLE_DISEASES
Z22.0,Carrier of typhoid,HAZARDS_OF_COMMUNICABLE_DISEASES
Z22.1,Carrier of other intestinal infectious diseases,HAZARDS_OF_COMMUNICABLE_DISEASES
Z22.2,Carrier of diphtheria,HAZARDS_OF_COMMUNICABLE_DISEASES
Z22.3,Carrier of other specified bacterial diseases,HAZARDS_OF_COMMUNICABLE_DISEASES
Z22.4,Carrier of infections with a predominantly sexual mode of transmission,HAZARDS_OF_COMMUNICABLE_DISEASES
Z22.5,Carrier of viral hepatitis,HAZARDS_OF_COMMUNICABLE_DISEASES
Z22.51,Carrier of viral hepatitis B,HAZARDS_OF_COMMUNICABLE_DISEASES
Z22.52,Carrier of viral hepatitis C,HAZARDS_OF_COMMUNICABLE_DISEASES
Z22.59,Carrier of other specified viral hepatitis,HAZARDS_OF_COMMUNICABLE_DISEASES
Z22.6,Carrier of human T-lymphotropic virus type-1 [HTLV-1] infection,HAZARDS_OF_COMMUNICABLE_DISEASES
Z22.8,Carrier of other infectious diseases,HAZARDS_OF_COMMUNICABLE_DISEASES
Z22.9,"Carrier of infectious disease, unspecified",HAZARDS_OF_COMMUNICABLE_DISEASES
Z23.0,Need for immunisation against cholera alone,HAZARDS_OF_COMMUNICABLE_DISEASES
Z23.1,Need for immunisation against typhoid-paratyphoid alone [TAB],HAZARDS_OF_COMMUNICABLE_DISEASES
Z23.2,Need for immunisation against tuberculosis [BCG],HAZARDS_OF_COMMUNICABLE_DISEASES
Z23.3,Need for immunisation against plague,HAZARDS_OF_COMMUNICABLE_DISEASES
Z23.4,Need for immunisation against tularaemia,HAZARDS_OF_COMMUNICABLE_DISEASES
Z23.5,Need for immunisation against tetanus alone,HAZARDS_OF_COMMUNICABLE_DISEASES
Z23.6,Need for immunisation against diphtheria alone,HAZARDS_OF_COMMUNICABLE_DISEASES
Z23.7,Need for immunisation against pertussis alone,HAZARDS_OF_COMMUNICABLE_DISEASES
Z23.8,Need for immunisation against other single bacterial diseases,HAZARDS_OF_COMMUNICABLE_DISEASES
Z24.,Need for immunisation against certain single viral diseases,HAZARDS_OF_COMMUNICABLE_DISEASES
Z24.0,Need for immunisation against poliomyelitis,HAZARDS_OF_COMMUNICABLE_DISEASES
Z24.1,Need for immunisation against arthropod-borne viral encephalitis,HAZARDS_OF_COMMUNICABLE_DISEASES
Z24.2,Need for immunisation against rabies,HAZARDS_OF_COMMUNICABLE_DISEASES
Z24.3,Need for immunisation against yellow fever,HAZARDS_OF_COMMUNICABLE_DISEASES
Z24.4,Need for immunisation against measles alone,HAZARDS_OF_COMMUNICABLE_DISEASES
Z24.5,Need for immunisation against rubella alone,HAZARDS_OF_COMMUNICABLE_DISEASES
Z24.6,Need for immunisation against viral hepatitis,HAZARDS_OF_COMMUNICABLE_DISEASES
Z25.0,Need for immunisation against mumps alone,HAZARDS_OF_COMMUNICABLE_DISEASES
Z25.1,Need for immunisation against influenza,HAZARDS_OF_COMMUNICABLE_DISEASES
Z25.8,Need for immunisation against other specified single viral diseases,HAZARDS_OF_COMMUNICABLE_DISEASES
Z26.0,Need for immunisation against leishmaniasis,HAZARDS_OF_COMMUNICABLE_DISEASES
Z26.8,Need for immunisation against other specified single infectious diseases,HAZARDS_OF_COMMUNICABLE_DISEASES
Z26.9,Need for immunisation against unspecified infectious disease,HAZARDS_OF_COMMUNICABLE_DISEASES
Z27.0,Need for immunisation against cholera with typhoid-paratyphoid [cholera + TAB],HAZARDS_OF_COMMUNICABLE_DISEASES
Z27.1,"Need for immunisation against diphtheria-tetanus-pertussis, combined [DTP]",HAZARDS_OF_COMMUNICABLE_DISEASES
Z27.2,Need for immunisation against diphtheria-tetanus-pertussis with typhoid-paratyphoid [DTP + TAB],HAZARDS_OF_COMMUNICABLE_DISEASES
Z27.3,Need for immunisation against diphtheria-tetanus-pertussis with poliomyelitis [DTP + polio],HAZARDS_OF_COMMUNICABLE_DISEASES
Z27.4,Need for immunisation against measles-mumps-rubella [MMR],HAZARDS_OF_COMMUNICABLE_DISEASES
Z27.8,Need for immunisation against other combinations of infectious diseases,HAZARDS_OF_COMMUNICABLE_DISEASES
Z27.9,Need for immunisation against unspecified combinations of infectious diseases,HAZARDS_OF_COMMUNICABLE_DISEASES
Z29.0,Isolation,HAZARDS_OF_COMMUNICABLE_DISEASES
Z29.1,Prophylactic immunotherapy,HAZARDS_OF_COMMUNICABLE_DISEASES
Z29.2,Prophylactic pharmacotherapy,HAZARDS_OF_COMMUNICABLE_DISEASES
Z29.8,Other specified prophylactic measures,HAZARDS_OF_COMMUNICABLE_DISEASES
Z29.9,"Prophylactic measure, unspecified",HAZARDS_OF_COMMUNICABLE_DISEASES
Z40.8,Other prophylactic surgery,HAZARDS_OF_COMMUNICABLE_DISEASES
Z40.9,"Prophylactic surgery, unspecified",HAZARDS_OF_COMMUNICABLE_DISEASES
Z51.6,Desensitisation to allergens,HAZARDS_OF_COMMUNICABLE_DISEASES
Z51.60,"Desensitisation to allergen, unspecified",HAZARDS_OF_COMMUNICABLE_DISEASES
Z51.61,"Desensitisation to allergen, stinging insect",HAZARDS_OF_COMMUNICABLE_DISEASES
Z51.62,"Desensitisation to allergen, pollen",HAZARDS_OF_COMMUNICABLE_DISEASES
Z51.63,"Desensitisation to allergen, dust mite",HAZARDS_OF_COMMUNICABLE_DISEASES
Z51.64,"Desensitisation to allergen, animal",HAZARDS_OF_COMMUNICABLE_DISEASES
Z51.69,Desensitisation to other specified allergen,HAZARDS_OF_COMMUNICABLE_DISEASES
Z55.0,Illiteracy and low-level literacy,PSYCHOSOCIAL_CIRCUMSTANCES
Z55.1,Schooling unavailable and unattainable,PSYCHOSOCIAL_CIRCUMSTANCES
Z55.2,Failed examinations,PSYCHOSOCIAL_CIRCUMSTANCES
Z55.3,Underachievement in school,PSYCHOSOCIAL_CIRCUMSTANCES
Z55.4,Educational maladjustment and discord with teachers and classmates,PSYCHOSOCIAL_CIRCUMSTANCES
Z55.8,Other problems related to education and literacy,PSYCHOSOCIAL_CIRCUMSTANCES
Z55.9,"Problem related to education and literacy, unspecified",PSYCHOSOCIAL_CIRCUMSTANCES
Z56.0,"Unemployment, unspecified",PSYCHOSOCIAL_CIRCUMSTANCES
Z56.1,Change of job,PSYCHOSOCIAL_CIRCUMSTANCES
Z56.2,Threat of job loss,PSYCHOSOCIAL_CIRCUMSTANCES
Z56.3,Stressful work schedule,PSYCHOSOCIAL_CIRCUMSTANCES
Z56.4,Discord with boss and workmates,PSYCHOSOCIAL_CIRCUMSTANCES
Z56.5,Uncongenial work,PSYCHOSOCIAL_CIRCUMSTANCES
Z56.6,Other physical and mental strain related to work,PSYCHOSOCIAL_CIRCUMSTANCES
Z56.7,Other and unspecified problems related to employment,PSYCHOSOCIAL_CIRCUMSTANCES
Z57.0,Occupational exposure to noise,PSYCHOSOCIAL_CIRCUMSTANCES
Z57.1,Occupational exposure to radiation,PSYCHOSOCIAL_CIRCUMSTANCES
Z57.2,Occupational exposure to dust,PSYCHOSOCIAL_CIRCUMSTANCES
Z57.3,Occupational exposure to other air contaminants,PSYCHOSOCIAL_CIRCUMSTANCES
Z57.4,Occupational exposure to toxic agents in agriculture,PSYCHOSOCIAL_CIRCUMSTANCES
Z57.5,Occupational exposure to toxic agents in other industries,PSYCHOSOCIAL_CIRCUMSTANCES
Z57.6,Occupational exposure to extreme temperature,PSYCHOSOCIAL_CIRCUMSTANCES
Z57.7,Occupational exposure to vibration,PSYCHOSOCIAL_CIRCUMSTANCES
Z57.8,Occupational exposure to other risk-factors,PSYCHOSOCIAL_CIRCUMSTANCES
Z57.9,Occupational exposure to unspecified risk-factor,PSYCHOSOCIAL_CIRCUMSTANCES
Z58.0,Problems related to exposure to noise,PSYCHOSOCIAL_CIRCUMSTANCES
Z58.1,Exposure to air pollution,PSYCHOSOCIAL_CIRCUMSTANCES
Z58.2,Exposure to water pollution,PSYCHOSOCIAL_CIRCUMSTANCES
Z58.3,Exposure to soil pollution,PSYCHOSOCIAL_CIRCUMSTANCES
Z58.4,Exposure to radiation,PSYCHOSOCIAL_CIRCUMSTANCES
Z58.5,Exposure to other pollution,PSYCHOSOCIAL_CIRCUMSTANCES
Z58.6,Inadequate drinking-water supply,PSYCHOSOCIAL_CIRCUMSTANCES
Z58.8,Other problems related to physical environment,PSYCHOSOCIAL_CIRCUMSTANCES
Z58.9,"Problem related to physical environment, unspecified",PSYCHOSOCIAL_CIRCUMSTANCES
Z59.,Problems related to housing and economic circumstances,PSYCHOSOCIAL_CIRCUMSTANCES
Z59.0,Homelessness,PSYCHOSOCIAL_CIRCUMSTANCES
Z59.1,Inadequate housing,PSYCHOSOCIAL_CIRCUMSTANCES
Z59.2,"Discord with neighbours, lodgers and landlord",PSYCHOSOCIAL_CIRCUMSTANCES
Z59.3,Problems related to living in residential institution,PSYCHOSOCIAL_CIRCUMSTANCES
Z59.4,Lack of adequate food,PSYCHOSOCIAL_CIRCUMSTANCES
Z59.5,Extreme poverty,PSYCHOSOCIAL_CIRCUMSTANCES
Z59.6,Low income,PSYCHOSOCIAL_CIRCUMSTANCES
Z59.7,Insufficient social insurance and welfare support,PSYCHOSOCIAL_CIRCUMSTANCES
Z59.8,Other problems related to housing and economic circumstances,PSYCHOSOCIAL_CIRCUMSTANCES
Z59.9,"Problem related to housing and economic circumstances, unspecified",PSYCHOSOCIAL_CIRCUMSTANCES
Z60.0,Problems of adjustment to life-cycle transitions,PSYCHOSOCIAL_CIRCUMSTANCES
Z60.1,Atypical parenting situation,PSYCHOSOCIAL_CIRCUMSTANCES
Z60.2,Living alone,PSYCHOSOCIAL_CIRCUMSTANCES
Z60.3,Acculturation difficulty,PSYCHOSOCIAL_CIRCUMSTANCES
Z60.4,Social exclusion and rejection,PSYCHOSOCIAL_CIRCUMSTANCES
Z60.5,Target of perceived adverse discrimination and persecution,PSYCHOSOCIAL_CIRCUMSTANCES
Z60.8,Other problems related to social environment,PSYCHOSOCIAL_CIRCUMSTANCES
Z60.9,"Problem related to social environment, unspecified",PSYCHOSOCIAL_CIRCUMSTANCES
Z61.,Problems related to negative life events in childhood,PSYCHOSOCIAL_CIRCUMSTANCES
Z61.0,Loss of love relationship in childhood,PSYCHOSOCIAL_CIRCUMSTANCES
Z61.1,Removal from home in childhood,PSYCHOSOCIAL_CIRCUMSTANCES
Z61.2,Altered pattern of family relationships in childhood,PSYCHOSOCIAL_CIRCUMSTANCES
Z61.3,Events resulting in loss of self-esteem in childhood,PSYCHOSOCIAL_CIRCUMSTANCES
Z61.4,Problems related to alleged sexual abuse of child by person within primary support group,PSYCHOSOCIAL_CIRCUMSTANCES
Z61.5,Problems related to alleged sexual abuse of child by person outside primary support group,PSYCHOSOCIAL_CIRCUMSTANCES
Z61.6,Problems related to alleged physical abuse of child,PSYCHOSOCIAL_CIRCUMSTANCES
Z61.7,Personal frightening experience in childhood,PSYCHOSOCIAL_CIRCUMSTANCES
Z61.8,Other negative life events in childhood,PSYCHOSOCIAL_CIRCUMSTANCES
Z61.9,"Negative life event in childhood, unspecified",PSYCHOSOCIAL_CIRCUMSTANCES
Z62.0,Inadequate parental supervision and control,PSYCHOSOCIAL_CIRCUMSTANCES
Z62.1,Parental overprotection,PSYCHOSOCIAL_CIRCUMSTANCES
Z62.2,Institutional upbringing,PSYCHOSOCIAL_CIRCUMSTANCES
Z62.3,Hostility towards and scapegoating of child,PSYCHOSOCIAL_CIRCUMSTANCES
Z62.4,Emotional neglect of child,PSYCHOSOCIAL_CIRCUMSTANCES
Z62.5,Other problems related to neglect in upbringing,PSYCHOSOCIAL_CIRCUMSTANCES
Z62.6,Inappropriate parental pressure and other abnormal qualities of upbringing,PSYCHOSOCIAL_CIRCUMSTANCES
Z62.8,Other specified problems related to upbringing,PSYCHOSOCIAL_CIRCUMSTANCES
Z62.9,"Problem related to upbringing, unspecified",PSYCHOSOCIAL_CIRCUMSTANCES
Z63.0,Problems in relationship with spouse or partner,PSYCHOSOCIAL_CIRCUMSTANCES
Z63.1,Problems in relationship with parents and in-laws,PSYCHOSOCIAL_CIRCUMSTANCES
Z63.2,Inadequate family support,PSYCHOSOCIAL_CIRCUMSTANCES
Z63.3,Absence of family member,PSYCHOSOCIAL_CIRCUMSTANCES
Z63.4,Disappearance and death of family member,PSYCHOSOCIAL_CIRCUMSTANCES
Z63.5,Disruption of family by separation and divorce,PSYCHOSOCIAL_CIRCUMSTANCES
Z63.6,Dependent relative needing care at home,PSYCHOSOCIAL_CIRCUMSTANCES
Z63.7,Stressful life events affecting family and household,PSYCHOSOCIAL_CIRCUMSTANCES
Z63.70,"Stressful life events affecting family and household, unspecified",PSYCHOSOCIAL_CIRCUMSTANCES
Z63.71,Alcoholism in family,PSYCHOSOCIAL_CIRCUMSTANCES
Z63.72,Gambling in family,PSYCHOSOCIAL_CIRCUMSTANCES
Z63.79,Other stressful life events affecting family and household,PSYCHOSOCIAL_CIRCUMSTANCES
Z63.8,Other specified problems related to primary support group,PSYCHOSOCIAL_CIRCUMSTANCES
Z63.9,"Problem related to primary support group, unspecified",PSYCHOSOCIAL_CIRCUMSTANCES
Z64.,Problems related to certain psychosocial circumstances,PSYCHOSOCIAL_CIRCUMSTANCES
Z64.0,Problems related to unwanted pregnancy,PSYCHOSOCIAL_CIRCUMSTANCES
Z64.1,Problems related to multiparity,PSYCHOSOCIAL_CIRCUMSTANCES
Z64.2,"Seeking and accepting physical, nutritional and chemical interventions known to be hazardous and harmful",PSYCHOSOCIAL_CIRCUMSTANCES
Z64.3,Seeking and accepting behavioural and psychological interventions known to be hazardous and harmful,PSYCHOSOCIAL_CIRCUMSTANCES
Z64.4,Discord with counsellors,PSYCHOSOCIAL_CIRCUMSTANCES
Z65.,Problems related to other psychosocial circumstances,PSYCHOSOCIAL_CIRCUMSTANCES
Z65.0,Conviction in civil and criminal proceedings without imprisonment,PSYCHOSOCIAL_CIRCUMSTANCES
Z65.1,Imprisonment and other incarceration,PSYCHOSOCIAL_CIRCUMSTANCES
Z65.2,Problems related to release from prison,PSYCHOSOCIAL_CIRCUMSTANCES
Z65.3,Problems related to other legal circumstances,PSYCHOSOCIAL_CIRCUMSTANCES
Z65.4,Victim of crime and terrorism,PSYCHOSOCIAL_CIRCUMSTANCES
Z65.5,"Exposure to disaster, war and other hostilities",PSYCHOSOCIAL_CIRCUMSTANCES
Z65.8,Other specified problems related to psychosocial circumstances,PSYCHOSOCIAL_CIRCUMSTANCES
Z65.9,Problem related to unspecified psychosocial circumstances,PSYCHOSOCIAL_CIRCUMSTANCES
Z73.,Problems related to life-management difficulty,PSYCHOSOCIAL_CIRCUMSTANCES
Z73.0,Burnout,PSYCHOSOCIAL_CIRCUMSTANCES
Z73.1,Accentuation of personality traits,PSYCHOSOCIAL_CIRCUMSTANCES
Z73.2,Lack of relaxation and leisure,PSYCHOSOCIAL_CIRCUMSTANCES
Z73.3,"Stress, not elsewhere classified",PSYCHOSOCIAL_CIRCUMSTANCES
Z73.4,"Inadequate social skills, not elsewhere classified",PSYCHOSOCIAL_CIRCUMSTANCES
Z73.5,"Social role conflict, not elsewhere classified",PSYCHOSOCIAL_CIRCUMSTANCES
Z73.6,Limitation of activities due to disability,PSYCHOSOCIAL_CIRCUMSTANCES
Z73.8,Other problems related to life-management difficulty,PSYCHOSOCIAL_CIRCUMSTANCES
Z73.9,"Problem related to life-management difficulty, unspecified",PSYCHOSOCIAL_CIRCUMSTANCES
Z74.0,Need for assistance due to reduced mobility,PSYCHOSOCIAL_CIRCUMSTANCES
Z74.1,Need for assistance with personal care,PSYCHOSOCIAL_CIRCUMSTANCES
Z74.2,Need for assistance at home and no other household member able to render care,PSYCHOSOCIAL_CIRCUMSTANCES
Z74.3,Need for continuous supervision,PSYCHOSOCIAL_CIRCUMSTANCES
Z74.8,Other problems related to care-provider dependency,PSYCHOSOCIAL_CIRCUMSTANCES
Z74.9,"Problem related to care-provider dependency, unspecified",PSYCHOSOCIAL_CIRCUMSTANCES
Z75.5,Respite care,PSYCHOSOCIAL_CIRCUMSTANCES
